profile,predictor,resource_weight,start_idx,steps,segment_start_timestamp,segment_end_timestamp,objective_mean,tair_mae,rhair_mae,co2_mae,estimated_heat_mj_m2,estimated_electricity_kwh_m2,estimated_co2_kg_m2,estimated_irrigation_l_m2,estimated_heat_cost_eur_m2,estimated_electricity_cost_eur_m2,estimated_co2_cost_eur_m2,estimated_total_resource_cost_eur_m2,trace_path,cost_change_vs_w000_pct,co2_mae_change_vs_w000_pct,objective_change_vs_w000_pct
full_period_anchored_w000,current_hybrid_transformer,0.0,0,24,2020-05-06T06:25:00.000000000,2020-05-06T08:20:00.000000000,0.036560449128349624,0.32846108078956604,0.5036452412605286,10.964408874511719,0.11871632182590203,0.006275161197720019,0.0026639001044127157,0.2482413486617531,0.0009853454711549869,0.00042880268184420126,0.00021311200835301725,0.0016272601613522052,C:\repositories\strawberry\agc_mpc\results\control\summaries\current_hybrid_transformer_gradient_mpc_full_period_anchored_w000_anchored_start00000_24steps_trace.json,0.0,0.0,0.0
full_period_anchored_w000,current_hybrid_transformer,0.0,24,24,2020-05-06T08:25:00.000000000,2020-05-06T10:20:00.000000000,0.05827153970797857,0.373511403799057,1.9336490631103516,24.345102310180664,0.10139704810344158,0.00856467537432801,0.007175850591027986,0.5107973240289767,0.0008415954992585651,0.0006851740299462409,0.000574068047282239,0.002100837576487045,C:\repositories\strawberry\agc_mpc\results\control\summaries\current_hybrid_transformer_gradient_mpc_full_period_anchored_w000_anchored_start00024_24steps_trace.json,0.0,0.0,0.0
full_period_anchored_w000,current_hybrid_transformer,0.0,48,24,2020-05-06T10:25:00.000000000,2020-05-06T12:20:00.000000000,0.058207167933384575,0.8389502167701721,2.980116605758667,21.88905143737793,0.09356895662164934,0.021584965580870284,0.012037308009442528,0.7339077179658561,0.0007766223399596896,0.0017267972464696227,0.0009629846407554022,0.0034664042271847144,C:\repositories\strawberry\agc_mpc\results\control\summaries\current_hybrid_transformer_gradient_mpc_full_period_anchored_w000_anchored_start00048_24steps_trace.json,0.0,0.0,0.0
full_period_anchored_w000,current_hybrid_transformer,0.0,72,24,2020-05-06T12:25:00.000000000,2020-05-06T14:20:00.000000000,0.03171979752369225,0.3265514373779297,1.6676793098449707,12.340588569641113,0.09492344875909722,0.023229233921634593,0.012774333573798254,0.8134348477552695,0.0007878646247005069,0.0018583387137307676,0.0010219466859038603,0.003668150024335135,C:\repositories\strawberry\agc_mpc\results\control\summaries\current_hybrid_transformer_gradient_mpc_full_period_anchored_w000_anchored_start00072_24steps_trace.json,0.0,0.0,0.0
full_period_anchored_w000,current_hybrid_transformer,0.0,96,24,2020-05-06T14:25:00.000000000,2020-05-06T16:20:00.000000000,0.044171886363377176,0.722217857837677,2.457296133041382,13.629585266113281,0.05456100971054757,0.020602379356944985,0.011891921353247086,0.7642577562244592,0.00045285638059754487,0.0016481903485555988,0.0009513537082597669,0.003052400437412911,C:\repositories\strawberry\agc_mpc\results\control\summaries\current_hybrid_transformer_gradient_mpc_full_period_anchored_w000_anchored_start00096_24steps_trace.json,0.0,0.0,0.0
full_period_anchored_w000,current_hybrid_transformer,0.0,120,24,2020-05-06T16:25:00.000000000,2020-05-06T18:20:00.000000000,0.07116626459173858,0.8764773011207581,1.2911295890808105,32.12679672241211,0.09668876659168613,0.0213177999799671,0.010047925396293235,0.6052296892158643,0.0008025167627109948,0.001705423998397368,0.0008038340317034589,0.0033117747928118214,C:\repositories\strawberry\agc_mpc\results\control\summaries\current_hybrid_transformer_gradient_mpc_full_period_anchored_w000_anchored_start00120_24steps_trace.json,0.0,0.0,0.0
full_period_anchored_w000,current_hybrid_transformer,0.0,144,24,2020-05-06T18:25:00.000000000,2020-05-06T20:20:00.000000000,0.055280501410985984,0.23980283737182617,0.9976771473884583,26.65085792541504,0.06077111278200026,0.03874073080308521,0.006307338417269676,0.4407334159704884,0.0005044002360906022,0.003099258464246817,0.0005045870733815741,0.004108245773718993,C:\repositories\strawberry\agc_mpc\results\control\summaries\current_hybrid_transformer_gradient_mpc_full_period_anchored_w000_anchored_start00144_24steps_trace.json,0.0,0.0,0.0
full_period_anchored_w000,current_hybrid_transformer,0.0,168,24,2020-05-06T20:25:00.000000000,2020-05-06T22:20:00.000000000,0.04880789768261214,0.5125979781150818,0.7707810401916504,50.99005126953125,0.0,0.037377223717156925,0.0,0.24492339989039008,0.0,0.002990177897372554,0.0,0.002990177897372554,C:\repositories\strawberry\agc_mpc\results\control\summaries\current_hybrid_transformer_gradient_mpc_full_period_anchored_w000_anchored_start00168_24steps_trace.json,0.0,0.0,0.0
full_period_anchored_w000,current_hybrid_transformer,0.0,192,24,2020-05-06T22:25:00.000000000,2020-05-07T00:20:00.000000000,0.06899526327227552,0.8349373936653137,2.5515525341033936,51.6261100769043,0.0,0.025413159832496927,0.0,0.17208793979319237,0.0,0.0013130132580123411,0.0,0.0013130132580123411,C:\repositories\strawberry\agc_mpc\results\control\summaries\current_hybrid_transformer_gradient_mpc_full_period_anchored_w000_anchored_start00192_24steps_trace.json,0.0,0.0,0.0
full_period_anchored_w000,current_hybrid_transformer,0.0,216,24,2020-05-07T00:25:00.000000000,2020-05-07T02:20:00.000000000,0.031864565486709275,0.5559971928596497,0.49758434295654297,40.98122024536133,0.02405546383300311,0.030352887110420477,0.0,0.172830920005459,0.00019966034981392581,0.0012141154844168191,0.0,0.001413775834230745,C:\repositories\strawberry\agc_mpc\results\control\summaries\current_hybrid_transformer_gradient_mpc_full_period_anchored_w000_anchored_start00216_24steps_trace.json,0.0,0.0,0.0
full_period_anchored_w000,current_hybrid_transformer,0.0,240,24,2020-05-07T02:25:00.000000000,2020-05-07T04:20:00.000000000,0.020230291488890845,0.18647854030132294,0.4147580564022064,34.58396911621094,0.03655939808582173,0.022517522339212843,0.0,0.15729506293584922,0.0003034430041123204,0.0009007008935685137,0.0,0.0012041438976808341,C:\repositories\strawberry\agc_mpc\results\control\summaries\current_hybrid_transformer_gradient_mpc_full_period_anchored_w000_anchored_start00240_24steps_trace.json,0.0,0.0,0.0
full_period_anchored_w000,current_hybrid_transformer,0.0,264,24,2020-05-07T04:25:00.000000000,2020-05-07T06:20:00.000000000,0.03155300114303827,0.1139274463057518,1.0023349523544312,20.143234252929688,0.04316723395341997,0.01746514868268656,0.0,0.15224650204313156,0.0003582880418133857,0.0006986059473074624,0.0,0.001056893989120848,C:\repositories\strawberry\agc_mpc\results\control\summaries\current_hybrid_transformer_gradient_mpc_full_period_anchored_w000_anchored_start00264_24steps_trace.json,0.0,0.0,0.0
full_period_anchored_w000,current_hybrid_transformer,0.0,288,24,2020-05-07T06:25:00.000000000,2020-05-07T08:20:00.000000000,0.032281509057308234,0.28574538230895996,0.7228628993034363,14.382479667663574,0.08936054486376994,0.005749027326367964,0.0027138051907920164,0.26514591741664123,0.0007416925223692906,0.0003928502006351442,0.00021710441526336132,0.0013516471382677962,C:\repositories\strawberry\agc_mpc\results\control\summaries\current_hybrid_transformer_gradient_mpc_full_period_anchored_w000_anchored_start00288_24steps_trace.json,0.0,0.0,0.0
full_period_anchored_w000,current_hybrid_transformer,0.0,312,24,2020-05-07T08:25:00.000000000,2020-05-07T10:20:00.000000000,0.14582383430873355,0.8845979571342468,5.65520715713501,36.56070327758789,0.059563764316230755,0.012722349458719029,0.007445796220352919,0.5336413992374673,0.0004943792438247153,0.0010177879566975222,0.0005956636976282336,0.0021078308981504713,C:\repositories\strawberry\agc_mpc\results\control\summaries\current_hybrid_transformer_gradient_mpc_full_period_anchored_w000_anchored_start00312_24steps_trace.json,0.0,0.0,0.0
full_period_anchored_w000,current_hybrid_transformer,0.0,336,24,2020-05-07T10:25:00.000000000,2020-05-07T12:20:00.000000000,0.17457655382653078,1.7246347665786743,5.9243927001953125,22.026235580444336,0.06482690933312538,0.019217148811757057,0.011415080569172462,0.7260257237231145,0.0005380633474649406,0.0015373719049405646,0.000913206445533797,0.002988641697939302,C:\repositories\strawberry\agc_mpc\results\control\summaries\current_hybrid_transformer_gradient_mpc_full_period_anchored_w000_anchored_start00336_24steps_trace.json,0.0,0.0,0.0
full_period_anchored_w000,current_hybrid_transformer,0.0,360,24,2020-05-07T12:25:00.000000000,2020-05-07T14:20:00.000000000,0.1090956221645077,1.216213583946228,3.6171464920043945,20.59446907043457,0.1011793055777452,0.027022656634445932,0.013096307652569453,0.8124941418993956,0.0008397882362952852,0.0021618125307556746,0.0010477046122055562,0.004049305379256516,C:\repositories\strawberry\agc_mpc\results\control\summaries\current_hybrid_transformer_gradient_mpc_full_period_anchored_w000_anchored_start00360_24steps_trace.json,0.0,0.0,0.0
full_period_anchored_w000,current_hybrid_transformer,0.0,384,24,2020-05-07T14:25:00.000000000,2020-05-07T16:20:00.000000000,0.0565666618446509,0.7291316986083984,1.9830965995788574,13.991138458251953,0.008324361843988494,0.018749486733283888,0.011436717423978709,0.741096724685036,6.90922033051045e-05,0.001499958938662711,0.0009149373939182967,0.0024839885358861123,C:\repositories\strawberry\agc_mpc\results\control\summaries\current_hybrid_transformer_gradient_mpc_full_period_anchored_w000_anchored_start00384_24steps_trace.json,0.0,0.0,0.0
full_period_anchored_w000,current_hybrid_transformer,0.0,408,24,2020-05-07T16:25:00.000000000,2020-05-07T18:20:00.000000000,0.123539040175577,0.5577547550201416,1.4135991334915161,23.38398551940918,0.0,0.024048780819193358,0.009164299759275601,0.5842612489678222,0.0,0.0019239024655354686,0.0007331439807420481,0.002657046446277517,C:\repositories\strawberry\agc_mpc\results\control\summaries\current_hybrid_transformer_gradient_mpc_full_period_anchored_w000_anchored_start00408_24steps_trace.json,0.0,0.0,0.0
full_period_anchored_w000,current_hybrid_transformer,0.0,432,24,2020-05-07T18:25:00.000000000,2020-05-07T20:20:00.000000000,0.1051815125780801,0.28328466415405273,0.9262825846672058,34.28573989868164,0.024332126592834444,0.06959466391240757,0.00611145094656298,0.4784637634980385,0.00020195665072052587,0.005567573112992606,0.0004889160757250384,0.00625844583943817,C:\repositories\strawberry\agc_mpc\results\control\summaries\current_hybrid_transformer_gradient_mpc_full_period_anchored_w000_anchored_start00432_24steps_trace.json,0.0,0.0,0.0
full_period_anchored_w000,current_hybrid_transformer,0.0,456,24,2020-05-07T20:25:00.000000000,2020-05-07T22:20:00.000000000,0.06166517144689957,0.539430558681488,1.3261842727661133,62.175537109375,0.0,0.03835915789950546,0.0,0.25261263868394485,0.0,0.003068732631960437,0.0,0.003068732631960437,C:\repositories\strawberry\agc_mpc\results\control\summaries\current_hybrid_transformer_gradient_mpc_full_period_anchored_w000_anchored_start00456_24steps_trace.json,0.0,0.0,0.0
full_period_anchored_w000,current_hybrid_transformer,0.0,480,24,2020-05-07T22:25:00.000000000,2020-05-08T00:20:00.000000000,0.056195703179885946,0.9198794960975647,2.503359794616699,57.67526626586914,0.0,0.023217748498719853,0.0,0.174202497090048,0.0,0.0011995836724338592,0.0,0.0011995836724338592,C:\repositories\strawberry\agc_mpc\results\control\summaries\current_hybrid_transformer_gradient_mpc_full_period_anchored_w000_anchored_start00480_24steps_trace.json,0.0,0.0,0.0
full_period_anchored_w000,current_hybrid_transformer,0.0,504,24,2020-05-08T00:25:00.000000000,2020-05-08T02:20:00.000000000,0.03272561185682813,0.23039627075195312,0.7095346450805664,40.614871978759766,0.010635280730009808,0.04202849420632726,0.0,0.21662709322423318,8.82728300590814e-05,0.0016811397682530904,0.0,0.0017694125983121719,C:\repositories\strawberry\agc_mpc\results\control\summaries\current_hybrid_transformer_gradient_mpc_full_period_anchored_w000_anchored_start00504_24steps_trace.json,0.0,0.0,0.0
full_period_anchored_w000,current_hybrid_transformer,0.0,528,24,2020-05-08T02:25:00.000000000,2020-05-08T04:20:00.000000000,0.02565640420652926,0.32987046241760254,0.7239649891853333,28.453176498413086,0.0,0.0012165576499002303,0.0,0.17551909711050578,0.0,4.8662305996009214e-05,0.0,4.8662305996009214e-05,C:\repositories\strawberry\agc_mpc\results\control\summaries\current_hybrid_transformer_gradient_mpc_full_period_anchored_w000_anchored_start00528_24steps_trace.json,0.0,0.0,0.0
full_period_anchored_w000,current_hybrid_transformer,0.0,552,24,2020-05-08T04:25:00.000000000,2020-05-08T06:20:00.000000000,0.029662237502634525,0.1611878126859665,0.39897504448890686,9.556612968444824,0.0,0.016132567162583697,0.0,0.15505348811497002,0.0,0.0006453026865033479,0.0,0.0006453026865033479,C:\repositories\strawberry\agc_mpc\results\control\summaries\current_hybrid_transformer_gradient_mpc_full_period_anchored_w000_anchored_start00552_24steps_trace.json,0.0,0.0,0.0
full_period_anchored_w000,current_hybrid_transformer,0.0,576,24,2020-05-08T06:25:00.000000000,2020-05-08T08:20:00.000000000,0.050532270300512515,0.24524648487567902,0.5949141383171082,9.637649536132812,0.0374216997486914,0.008226491294962425,0.0022230086734334876,0.27717042212092646,0.00031060010791413863,0.0005621435718224324,0.000177840693874679,0.00105058437361125,C:\repositories\strawberry\agc_mpc\results\control\summaries\current_hybrid_transformer_gradient_mpc_full_period_anchored_w000_anchored_start00576_24steps_trace.json,0.0,0.0,0.0
full_period_anchored_w000,current_hybrid_transformer,0.0,600,24,2020-05-08T08:25:00.000000000,2020-05-08T10:20:00.000000000,0.33074442856013775,1.5383561849594116,9.541050910949707,44.7032356262207,0.10212775283850363,0.018673954055127076,0.00807312883316374,0.5355064168971658,0.0008476603485595802,0.0014939163244101661,0.0006458503066530992,0.0029874269796228456,C:\repositories\strawberry\agc_mpc\results\control\summaries\current_hybrid_transformer_gradient_mpc_full_period_anchored_w000_anchored_start00600_24steps_trace.json,0.0,0.0,0.0
full_period_anchored_w000,current_hybrid_transformer,0.0,624,24,2020-05-08T10:25:00.000000000,2020-05-08T12:20:00.000000000,0.08786816336214542,1.3408063650131226,4.557934284210205,18.055906295776367,0.036119896509941136,0.021980894561455515,0.012257741534286918,0.7346159850343967,0.00029979514103251146,0.0017584715649164413,0.0009806193227429535,0.003038886028691906,C:\repositories\strawberry\agc_mpc\results\control\summaries\current_hybrid_transformer_gradient_mpc_full_period_anchored_w000_anchored_start00624_24steps_trace.json,0.0,0.0,0.0
full_period_anchored_w000,current_hybrid_transformer,0.0,648,24,2020-05-08T12:25:00.000000000,2020-05-08T14:20:00.000000000,0.06523340164373319,0.5854103565216064,2.1117422580718994,14.33926010131836,0.004008308782441964,0.020127807945201706,0.012461709500641691,0.8053539070216686,3.32689628942683e-05,0.0016102246356161365,0.0009969367600513354,0.0026404303585617402,C:\repositories\strawberry\agc_mpc\results\control\summaries\current_hybrid_transformer_gradient_mpc_full_period_anchored_w000_anchored_start00648_24steps_trace.json,0.0,0.0,0.0
full_period_anchored_w000,current_hybrid_transformer,0.0,672,24,2020-05-08T14:25:00.000000000,2020-05-08T16:20:00.000000000,0.07052169647067785,0.801058292388916,1.979425311088562,17.36632537841797,0.029054428166323438,0.026457284173939267,0.009061133161119235,0.589956595726344,0.00024115175378048453,0.0021165827339151414,0.0007248906528895388,0.0030826251405851645,C:\repositories\strawberry\agc_mpc\results\control\summaries\current_hybrid_transformer_gradient_mpc_full_period_anchored_w000_anchored_start00672_24steps_trace.json,0.0,0.0,0.0
full_period_anchored_w000,current_hybrid_transformer,0.0,696,24,2020-05-08T16:25:00.000000000,2020-05-08T18:20:00.000000000,0.058924937465538584,0.8218523859977722,1.6612550020217896,18.55833625793457,0.06527711381062826,0.043416912179495844,0.00947785441048667,0.6375076057759657,0.0005418000446282146,0.0034733529743596675,0.0007582283528389336,0.004773381371826816,C:\repositories\strawberry\agc_mpc\results\control\summaries\current_hybrid_transformer_gradient_mpc_full_period_anchored_w000_anchored_start00696_24steps_trace.json,0.0,0.0,0.0
full_period_anchored_w000,current_hybrid_transformer,0.0,720,24,2020-05-08T18:25:00.000000000,2020-05-08T20:20:00.000000000,0.03087342514966925,0.6088995337486267,1.1224064826965332,19.01393699645996,0.0,0.022680702540137477,0.0051053702583660696,0.3784668027728871,0.0,0.0018144562032109983,0.0004084296206692856,0.002222885823880284,C:\repositories\strawberry\agc_mpc\results\control\summaries\current_hybrid_transformer_gradient_mpc_full_period_anchored_w000_anchored_start00720_24steps_trace.json,0.0,0.0,0.0
full_period_anchored_w000,current_hybrid_transformer,0.0,744,24,2020-05-08T20:25:00.000000000,2020-05-08T22:20:00.000000000,0.058017796759183206,0.45043644309043884,1.1070805788040161,55.31294631958008,0.0,0.04186038674153822,0.0007336686494928972,0.28856859342528174,0.0,0.0033488309393230574,5.869349195943178e-05,0.003407524431282489,C:\repositories\strawberry\agc_mpc\results\control\summaries\current_hybrid_transformer_gradient_mpc_full_period_anchored_w000_anchored_start00744_24steps_trace.json,0.0,0.0,0.0
full_period_anchored_w000,current_hybrid_transformer,0.0,768,24,2020-05-08T22:25:00.000000000,2020-05-09T00:20:00.000000000,0.047882425171944,0.8128791451454163,2.3418195247650146,64.9854736328125,0.0,0.008100689664680397,0.0,0.20054139855223788,0.0,0.00041853563267515385,0.0,0.00041853563267515385,C:\repositories\strawberry\agc_mpc\results\control\summaries\current_hybrid_transformer_gradient_mpc_full_period_anchored_w000_anchored_start00768_24steps_trace.json,0.0,0.0,0.0
full_period_anchored_w000,current_hybrid_transformer,0.0,792,24,2020-05-09T00:25:00.000000000,2020-05-09T02:20:00.000000000,0.031540609042470656,0.5869366526603699,1.8205045461654663,45.414703369140625,0.0,0.0030511708470314495,0.0,0.18056813101330071,0.0,0.00012204683388125798,0.0,0.00012204683388125798,C:\repositories\strawberry\agc_mpc\results\control\summaries\current_hybrid_transformer_gradient_mpc_full_period_anchored_w000_anchored_start00792_24steps_trace.json,0.0,0.0,0.0
full_period_anchored_w000,current_hybrid_transformer,0.0,816,24,2020-05-09T02:25:00.000000000,2020-05-09T04:20:00.000000000,0.04609765283142527,0.1027025356888771,0.9586279988288879,13.38635540008545,0.0,0.008896146903018657,0.0,0.17618404698778778,0.0,0.0003558458761207463,0.0,0.0003558458761207463,C:\repositories\strawberry\agc_mpc\results\control\summaries\current_hybrid_transformer_gradient_mpc_full_period_anchored_w000_anchored_start00816_24steps_trace.json,0.0,0.0,0.0
full_period_anchored_w000,current_hybrid_transformer,0.0,840,24,2020-05-09T04:25:00.000000000,2020-05-09T06:20:00.000000000,0.05993522237986326,0.6585271954536438,0.5372552871704102,13.481167793273926,0.038559190848487024,0.022783977587928238,0.0004965616762212105,0.2059260841608982,0.0003200412840424423,0.0009113591035171295,3.9724934097696844e-05,0.0012711253216572686,C:\repositories\strawberry\agc_mpc\results\control\summaries\current_hybrid_transformer_gradient_mpc_full_period_anchored_w000_anchored_start00840_24steps_trace.json,0.0,0.0,0.0
full_period_anchored_w000,current_hybrid_transformer,0.0,864,24,2020-05-09T06:25:00.000000000,2020-05-09T08:20:00.000000000,0.03957430420753857,0.3960665762424469,1.2480331659317017,21.078102111816406,0.037170314723773655,0.008159142370373797,0.0033816294701031254,0.3062418806253142,0.00030851361220732136,0.0005575413953088761,0.00027053035760825003,0.0011365853651244475,C:\repositories\strawberry\agc_mpc\results\control\summaries\current_hybrid_transformer_gradient_mpc_full_period_anchored_w000_anchored_start00864_24steps_trace.json,0.0,0.0,0.0
full_period_anchored_w000,current_hybrid_transformer,0.0,888,24,2020-05-09T08:25:00.000000000,2020-05-09T10:20:00.000000000,0.1108962435585757,1.0944517850875854,6.8972954750061035,25.057966232299805,0.09951185527191464,0.018354073827703363,0.007916508134611675,0.5087529160894089,0.0008259483987568915,0.001468325906216269,0.000633320650768934,0.002927594955742095,C:\repositories\strawberry\agc_mpc\results\control\summaries\current_hybrid_transformer_gradient_mpc_full_period_anchored_w000_anchored_start00888_24steps_trace.json,0.0,0.0,0.0
full_period_anchored_w000,current_hybrid_transformer,0.0,912,24,2020-05-09T10:25:00.000000000,2020-05-09T12:20:00.000000000,0.02954577833103637,0.47158345580101013,1.6208583116531372,9.10648250579834,0.022414192014266976,0.022576696029051324,0.011697750570967575,0.7418409091201428,0.0001860377937184159,0.001806135682324106,0.000935820045677406,0.002927993521719928,C:\repositories\strawberry\agc_mpc\results\control\summaries\current_hybrid_transformer_gradient_mpc_full_period_anchored_w000_anchored_start00912_24steps_trace.json,0.0,0.0,0.0
full_period_anchored_w000,current_hybrid_transformer,0.0,936,24,2020-05-09T12:25:00.000000000,2020-05-09T14:20:00.000000000,0.04619127341235677,0.5044811367988586,1.6461186408996582,16.303255081176758,0.00293973037961029,0.021973257219256644,0.013334838349001725,0.8287191419591136,2.4399762150765406e-05,0.0017578605775405314,0.001066787067920138,0.002849047407611435,C:\repositories\strawberry\agc_mpc\results\control\summaries\current_hybrid_transformer_gradient_mpc_full_period_anchored_w000_anchored_start00936_24steps_trace.json,0.0,0.0,0.0
full_period_anchored_w000,current_hybrid_transformer,0.0,960,24,2020-05-09T14:25:00.000000000,2020-05-09T16:20:00.000000000,0.03713146139246722,0.40345335006713867,0.9266216158866882,11.067375183105469,0.017569902902368317,0.03188798359791441,0.012926980422561705,0.8115227946028747,0.00014583019408965703,0.0025510386878331527,0.0010341584338049365,0.0037310273157277465,C:\repositories\strawberry\agc_mpc\results\control\summaries\current_hybrid_transformer_gradient_mpc_full_period_anchored_w000_anchored_start00960_24steps_trace.json,0.0,0.0,0.0
full_period_anchored_w000,current_hybrid_transformer,0.0,984,24,2020-05-09T16:25:00.000000000,2020-05-09T18:20:00.000000000,0.039619810956840716,0.3726976811885834,0.9791671633720398,11.572083473205566,0.04554629485053295,0.047036174587958786,0.009838833483244165,0.6783984228330066,0.0003780342472594235,0.003762893967036703,0.0007871066786595332,0.0049280348929556595,C:\repositories\strawberry\agc_mpc\results\control\summaries\current_hybrid_transformer_gradient_mpc_full_period_anchored_w000_anchored_start00984_24steps_trace.json,0.0,0.0,0.0
full_period_anchored_w000,current_hybrid_transformer,0.0,1008,24,2020-05-09T18:25:00.000000000,2020-05-09T20:20:00.000000000,0.020718098850920796,0.465003103017807,0.5389172434806824,19.47957420349121,0.0,0.02456047847740802,0.005493502187829573,0.3928475055240388,0.0,0.0019648382781926417,0.00043948017502636586,0.0024043184532190074,C:\repositories\strawberry\agc_mpc\results\control\summaries\current_hybrid_transformer_gradient_mpc_full_period_anchored_w000_anchored_start01008_24steps_trace.json,0.0,0.0,0.0
full_period_anchored_w000,current_hybrid_transformer,0.0,1032,24,2020-05-09T20:25:00.000000000,2020-05-09T22:20:00.000000000,0.022176578524522483,0.23812611401081085,0.6833578944206238,17.14727783203125,0.0,0.01347399000378328,0.00023122475577532433,0.2166253926370252,0.0,0.0010779192003026624,1.8497980462025946e-05,0.0010964171807646883,C:\repositories\strawberry\agc_mpc\results\control\summaries\current_hybrid_transformer_gradient_mpc_full_period_anchored_w000_anchored_start01032_24steps_trace.json,0.0,0.0,0.0
full_period_anchored_w000,current_hybrid_transformer,0.0,1056,24,2020-05-09T22:25:00.000000000,2020-05-10T00:20:00.000000000,0.05402898679797848,0.4588146209716797,1.4235349893569946,66.12361907958984,0.0,0.007903358683209202,0.0,0.1898637871021464,0.0,0.0004083401986324754,0.0,0.0004083401986324754,C:\repositories\strawberry\agc_mpc\results\control\summaries\current_hybrid_transformer_gradient_mpc_full_period_anchored_w000_anchored_start01056_24steps_trace.json,0.0,0.0,0.0
full_period_anchored_w000,current_hybrid_transformer,0.0,1080,24,2020-05-10T00:25:00.000000000,2020-05-10T02:20:00.000000000,0.039615358148391046,1.0040899515151978,1.6620979309082031,60.09486770629883,0.0,0.005521160573761814,0.0,0.18720385615211127,0.0,0.00022084642295047257,0.0,0.00022084642295047257,C:\repositories\strawberry\agc_mpc\results\control\summaries\current_hybrid_transformer_gradient_mpc_full_period_anchored_w000_anchored_start01080_24steps_trace.json,0.0,0.0,0.0
full_period_anchored_w000,current_hybrid_transformer,0.0,1104,24,2020-05-10T02:25:00.000000000,2020-05-10T04:20:00.000000000,0.021813799898761015,0.21168462932109833,1.343115210533142,13.027214050292969,0.0,0.0,0.0,0.17287738694850224,0.0,0.0,0.0,0.0,C:\repositories\strawberry\agc_mpc\results\control\summaries\current_hybrid_transformer_gradient_mpc_full_period_anchored_w000_anchored_start01104_24steps_trace.json,nan,0.0,0.0
full_period_anchored_w000,current_hybrid_transformer,0.0,1128,24,2020-05-10T04:25:00.000000000,2020-05-10T06:20:00.000000000,0.027526270831003785,0.3134079873561859,0.34068140387535095,10.90515422821045,0.006106173714580193,0.0055391958568620165,0.0,0.17168560232558708,5.0681241831015606e-05,0.00022156783427448065,0.0,0.00027224907610549627,C:\repositories\strawberry\agc_mpc\results\control\summaries\current_hybrid_transformer_gradient_mpc_full_period_anchored_w000_anchored_start01128_24steps_trace.json,0.0,0.0,0.0
full_period_anchored_w000,current_hybrid_transformer,0.0,1152,24,2020-05-10T06:25:00.000000000,2020-05-10T08:20:00.000000000,0.03521919227205217,0.23748643696308136,1.127195954322815,12.729817390441895,0.012919237880900783,0.004134663823015588,0.002016749767745828,0.2694608495342068,0.00010722967441147649,0.0002825353612393985,0.00016133998141966622,0.0005511050170705412,C:\repositories\strawberry\agc_mpc\results\control\summaries\current_hybrid_transformer_gradient_mpc_full_period_anchored_w000_anchored_start01152_24steps_trace.json,0.0,0.0,0.0
full_period_anchored_w000,current_hybrid_transformer,0.0,1176,24,2020-05-10T08:25:00.000000000,2020-05-10T10:20:00.000000000,0.08149075399463375,0.5304060578346252,3.3190479278564453,23.074737548828125,0.0,0.006805590392298684,0.0043503569447720224,0.3672779130860081,0.0,0.0005444472313838948,0.0003480285555817618,0.0008924757869656566,C:\repositories\strawberry\agc_mpc\results\control\summaries\current_hybrid_transformer_gradient_mpc_full_period_anchored_w000_anchored_start01176_24steps_trace.json,0.0,0.0,0.0
full_period_anchored_w000,current_hybrid_transformer,0.0,1200,24,2020-05-10T10:25:00.000000000,2020-05-10T12:20:00.000000000,0.05834433684746424,0.7853989005088806,3.2683353424072266,28.049779891967773,0.06493518788453378,0.0192924251915317,0.010072116517107887,0.6250042218335989,0.0005389620594416305,0.001543394015322536,0.0008057693213686309,0.0028881253961327976,C:\repositories\strawberry\agc_mpc\results\control\summaries\current_hybrid_transformer_gradient_mpc_full_period_anchored_w000_anchored_start01200_24steps_trace.json,0.0,0.0,0.0
full_period_anchored_w000,current_hybrid_transformer,0.0,1224,24,2020-05-10T12:25:00.000000000,2020-05-10T14:20:00.000000000,0.08197306049987674,0.43704843521118164,1.1766437292099,12.280853271484375,0.0,0.017571242759713022,0.00927764441585119,0.6387184841602302,0.0,0.0014056994207770417,0.0007422115532680952,0.002147910974045137,C:\repositories\strawberry\agc_mpc\results\control\summaries\current_hybrid_transformer_gradient_mpc_full_period_anchored_w000_anchored_start01224_24steps_trace.json,0.0,0.0,0.0
full_period_anchored_w000,current_hybrid_transformer,0.0,1248,24,2020-05-10T14:25:00.000000000,2020-05-10T16:20:00.000000000,0.16190001865228018,2.0020289421081543,4.546947002410889,25.43671989440918,0.019789731843915158,0.009416652398844639,0.00841511186931154,0.5363865331470079,0.0001642547743044958,0.0007533321919075711,0.0006732089495449233,0.00159079591575699,C:\repositories\strawberry\agc_mpc\results\control\summaries\current_hybrid_transformer_gradient_mpc_full_period_anchored_w000_anchored_start01248_24steps_trace.json,0.0,0.0,0.0
full_period_anchored_w000,current_hybrid_transformer,0.0,1272,24,2020-05-10T16:25:00.000000000,2020-05-10T18:20:00.000000000,0.12493577149386208,1.456923484802246,3.8076717853546143,33.13755798339844,0.06916109003451416,0.006582926264155948,0.0053342085024752,0.3567624470157507,0.0005740370472864676,0.0005266341011324759,0.000426736680198016,0.0015274078286169595,C:\repositories\strawberry\agc_mpc\results\control\summaries\current_hybrid_transformer_gradient_mpc_full_period_anchored_w000_anchored_start01272_24steps_trace.json,0.0,0.0,0.0
full_period_anchored_w000,current_hybrid_transformer,0.0,1296,24,2020-05-10T18:25:00.000000000,2020-05-10T20:20:00.000000000,0.035340067464858294,0.30137619376182556,2.2793312072753906,14.755439758300781,0.040533922933572185,0.010271817572928783,0.0031880932593682486,0.24150588495462422,0.00033643156034864915,0.0008217454058343027,0.0002550474607494599,0.0014132244269324118,C:\repositories\strawberry\agc_mpc\results\control\summaries\current_hybrid_transformer_gradient_mpc_full_period_anchored_w000_anchored_start01296_24steps_trace.json,0.0,0.0,0.0
full_period_anchored_w000,current_hybrid_transformer,0.0,1320,24,2020-05-10T20:25:00.000000000,2020-05-10T22:20:00.000000000,0.08831182649979989,0.7401741147041321,0.7924992442131042,76.18599700927734,0.02191535675738156,0.03261822443068599,0.0,0.18990457252270998,0.00018189746108626694,0.002609457954454879,0.0,0.0027913554155411463,C:\repositories\strawberry\agc_mpc\results\control\summaries\current_hybrid_transformer_gradient_mpc_full_period_anchored_w000_anchored_start01320_24steps_trace.json,0.0,0.0,0.0
full_period_anchored_w000,current_hybrid_transformer,0.0,1344,24,2020-05-10T22:25:00.000000000,2020-05-11T00:20:00.000000000,0.11667369864881039,1.0663652420043945,3.1438543796539307,70.10565948486328,0.0,0.025303992093279274,0.0,0.17775662540184248,0.0,0.0013073729248194292,0.0,0.0013073729248194292,C:\repositories\strawberry\agc_mpc\results\control\summaries\current_hybrid_transformer_gradient_mpc_full_period_anchored_w000_anchored_start01344_24steps_trace.json,0.0,0.0,0.0
full_period_anchored_w000,current_hybrid_transformer,0.0,1368,24,2020-05-11T00:25:00.000000000,2020-05-11T02:20:00.000000000,0.04978187459831437,0.4905640184879303,0.9293816685676575,53.68854904174805,0.037277101348171415,0.02295115894043627,0.0,0.1519263556703152,0.00030939994118982277,0.0009180463576174508,0.0,0.0012274462988072735,C:\repositories\strawberry\agc_mpc\results\control\summaries\current_hybrid_transformer_gradient_mpc_full_period_anchored_w000_anchored_start01368_24steps_trace.json,0.0,0.0,0.0
full_period_anchored_w000,current_hybrid_transformer,0.0,1392,24,2020-05-11T02:25:00.000000000,2020-05-11T04:20:00.000000000,0.034817088317746915,0.47330713272094727,1.291429877281189,41.1014289855957,0.049809701750613625,0.009914014210465337,0.0,0.13015245769644804,0.0004134205245300931,0.00039656056841861346,0.0,0.0008099810929487065,C:\repositories\strawberry\agc_mpc\results\control\summaries\current_hybrid_transformer_gradient_mpc_full_period_anchored_w000_anchored_start01392_24steps_trace.json,0.0,0.0,0.0
full_period_anchored_w000,current_hybrid_transformer,0.0,1416,24,2020-05-11T04:25:00.000000000,2020-05-11T06:20:00.000000000,0.02966007450595498,0.18251045048236847,0.5813477635383606,29.91180419921875,0.0490804857023905,0.0058061013557605245,0.0,0.1373498037282676,0.00040736803132984114,0.00023224405423042098,0.0,0.0006396120855602621,C:\repositories\strawberry\agc_mpc\results\control\summaries\current_hybrid_transformer_gradient_mpc_full_period_anchored_w000_anchored_start01416_24steps_trace.json,0.0,0.0,0.0
full_period_anchored_w000,current_hybrid_transformer,0.0,1440,24,2020-05-11T06:25:00.000000000,2020-05-11T08:20:00.000000000,0.04727623666015764,0.3412850797176361,1.5831702947616577,9.123588562011719,0.1587703424911671,0.0,0.0016878388754800037,0.22705737790020697,0.001317793842676687,0.0,0.0001350271100384003,0.0014528209527150872,C:\repositories\strawberry\agc_mpc\results\control\summaries\current_hybrid_transformer_gradient_mpc_full_period_anchored_w000_anchored_start01440_24steps_trace.json,0.0,0.0,0.0
full_period_anchored_w000,current_hybrid_transformer,0.0,1464,24,2020-05-11T08:25:00.000000000,2020-05-11T10:20:00.000000000,0.054957434379806124,0.2584632337093353,1.714944839477539,19.563636779785156,0.10942506294465022,0.0,0.005720945911226049,0.3817178102115511,0.0009082280224405969,0.0,0.00045767567289808393,0.0013659036953386809,C:\repositories\strawberry\agc_mpc\results\control\summaries\current_hybrid_transformer_gradient_mpc_full_period_anchored_w000_anchored_start01464_24steps_trace.json,0.0,0.0,0.0
full_period_anchored_w000,current_hybrid_transformer,0.0,1488,24,2020-05-11T10:25:00.000000000,2020-05-11T12:20:00.000000000,0.15093013706306616,1.351015567779541,5.342445373535156,27.63334846496582,0.08915904742888608,0.0,0.010988214943672022,0.6484061671577461,0.0007400200936597545,0.0,0.0008790571954937617,0.0016190772891535163,C:\repositories\strawberry\agc_mpc\results\control\summaries\current_hybrid_transformer_gradient_mpc_full_period_anchored_w000_anchored_start01488_24steps_trace.json,0.0,0.0,0.0
full_period_anchored_w000,current_hybrid_transformer,0.0,1512,24,2020-05-11T12:25:00.000000000,2020-05-11T14:20:00.000000000,0.08897985331714153,0.2939969003200531,1.9242887496948242,28.172264099121094,0.13015965976996388,0.0,0.014583023990240538,0.8059564867537679,0.0010803251760907002,0.0,0.001166641919219243,0.002246967095309943,C:\repositories\strawberry\agc_mpc\results\control\summaries\current_hybrid_transformer_gradient_mpc_full_period_anchored_w000_anchored_start01512_24steps_trace.json,0.0,0.0,0.0
full_period_anchored_w000,current_hybrid_transformer,0.0,1536,24,2020-05-11T14:25:00.000000000,2020-05-11T16:20:00.000000000,0.06237727248420318,0.8335356116294861,2.6694915294647217,22.526857376098633,0.12674343374502195,0.0015990279030949758,0.01260186595244551,0.7356318736791665,0.001051970500083682,0.00012792223224759806,0.0010081492761956409,0.0021880420085269208,C:\repositories\strawberry\agc_mpc\results\control\summaries\current_hybrid_transformer_gradient_mpc_full_period_anchored_w000_anchored_start01536_24steps_trace.json,0.0,0.0,0.0
full_period_anchored_w000,current_hybrid_transformer,0.0,1560,24,2020-05-11T16:25:00.000000000,2020-05-11T18:20:00.000000000,0.09600313675279419,0.44672131538391113,2.001657724380493,25.87456512451172,0.13861578722035575,0.009156182851543453,0.00982222388307754,0.6372219904163823,0.0011505110339289529,0.0007324946281234762,0.0007857779106462032,0.002668783572698632,C:\repositories\strawberry\agc_mpc\results\control\summaries\current_hybrid_transformer_gradient_mpc_full_period_anchored_w000_anchored_start01560_24steps_trace.json,0.0,0.0,0.0
full_period_anchored_w000,current_hybrid_transformer,0.0,1584,24,2020-05-11T18:25:00.000000000,2020-05-11T20:20:00.000000000,0.03904601753068467,0.302459716796875,1.0775514841079712,23.211671829223633,0.1075100161276504,0.010771372693362095,0.005332073452240422,0.35007832636921876,0.0008923331338594984,0.0008617098154689676,0.0004265658761792338,0.0021806088255076996,C:\repositories\strawberry\agc_mpc\results\control\summaries\current_hybrid_transformer_gradient_mpc_full_period_anchored_w000_anchored_start01584_24steps_trace.json,0.0,0.0,0.0
full_period_anchored_w000,current_hybrid_transformer,0.0,1608,24,2020-05-11T20:25:00.000000000,2020-05-11T22:20:00.000000000,0.04493296588771045,0.2707041800022125,2.2475240230560303,29.340787887573242,0.03803976683370692,0.00614138497756702,6.1323791148108555e-06,0.1797385419139848,0.00031573006471976743,0.0004913107982053616,4.905903291848684e-07,0.000807531453254314,C:\repositories\strawberry\agc_mpc\results\control\summaries\current_hybrid_transformer_gradient_mpc_full_period_anchored_w000_anchored_start01608_24steps_trace.json,0.0,0.0,0.0
full_period_anchored_w000,current_hybrid_transformer,0.0,1632,24,2020-05-11T22:25:00.000000000,2020-05-12T00:20:00.000000000,0.04227726968626181,0.6735844016075134,0.8210668563842773,53.52946090698242,0.041758792087891475,0.006526520844334974,0.0,0.14716124850163104,0.0003465979743294992,0.000337203576957307,0.0,0.0006838015512868063,C:\repositories\strawberry\agc_mpc\results\control\summaries\current_hybrid_transformer_gradient_mpc_full_period_anchored_w000_anchored_start01632_24steps_trace.json,0.0,0.0,0.0
full_period_anchored_w000,current_hybrid_transformer,0.0,1656,24,2020-05-12T00:25:00.000000000,2020-05-12T02:20:00.000000000,0.024820486006016534,0.31758832931518555,0.25912126898765564,34.53298568725586,0.0718133733128822,0.006812923297410728,0.0,0.13736173715757452,0.0005960509984969223,0.00027251693189642916,0.0,0.0008685679303933514,C:\repositories\strawberry\agc_mpc\results\control\summaries\current_hybrid_transformer_gradient_mpc_full_period_anchored_w000_anchored_start01656_24steps_trace.json,0.0,0.0,0.0
full_period_anchored_w000,current_hybrid_transformer,0.0,1680,24,2020-05-12T02:25:00.000000000,2020-05-12T04:20:00.000000000,0.029188854852691293,0.18547415733337402,0.7688176035881042,45.02680587768555,0.10202877532348004,0.005488396345769045,0.0,0.13718901899627828,0.0008468388351848843,0.0002195358538307618,0.0,0.0010663746890156461,C:\repositories\strawberry\agc_mpc\results\control\summaries\current_hybrid_transformer_gradient_mpc_full_period_anchored_w000_anchored_start01680_24steps_trace.json,0.0,0.0,0.0
full_period_anchored_w000,current_hybrid_transformer,0.0,1704,24,2020-05-12T04:25:00.000000000,2020-05-12T06:20:00.000000000,0.032043480624755226,0.10188031196594238,0.808068573474884,23.945022583007812,0.08086649689045133,0.0022653944212115635,0.0,0.1313753375225833,0.0006711919241907461,9.061577684846254e-05,0.0,0.0007618077010392087,C:\repositories\strawberry\agc_mpc\results\control\summaries\current_hybrid_transformer_gradient_mpc_full_period_anchored_w000_anchored_start01704_24steps_trace.json,0.0,0.0,0.0
full_period_anchored_w000,current_hybrid_transformer,0.0,1728,24,2020-05-12T06:25:00.000000000,2020-05-12T08:20:00.000000000,0.04256388909804324,0.24748437106609344,0.9144843220710754,13.594889640808105,0.1398199345008206,0.0,0.0020578746035254283,0.26773670332452104,0.0011605054563568109,0.0,0.00016462996828203426,0.0013251354246388452,C:\repositories\strawberry\agc_mpc\results\control\summaries\current_hybrid_transformer_gradient_mpc_full_period_anchored_w000_anchored_start01728_24steps_trace.json,0.0,0.0,0.0
full_period_anchored_w000,current_hybrid_transformer,0.0,1752,24,2020-05-12T08:25:00.000000000,2020-05-12T10:20:00.000000000,0.08073402925704916,0.38401731848716736,2.6578330993652344,32.57083511352539,0.04701765055624461,0.0,0.0059312565743864995,0.44925161773585853,0.00039024649961683024,0.0,0.00047450052595091996,0.0008647470255677502,C:\repositories\strawberry\agc_mpc\results\control\summaries\current_hybrid_transformer_gradient_mpc_full_period_anchored_w000_anchored_start01752_24steps_trace.json,0.0,0.0,0.0
full_period_anchored_w000,current_hybrid_transformer,0.0,1776,24,2020-05-12T10:25:00.000000000,2020-05-12T12:20:00.000000000,0.10703256446868181,0.5852349400520325,3.2950334548950195,37.69912338256836,0.049607729341132195,0.0,0.005841886510299447,0.4444835838441104,0.0004117441535313972,0.0,0.00046735092082395577,0.0008790950743553529,C:\repositories\strawberry\agc_mpc\results\control\summaries\current_hybrid_transformer_gradient_mpc_full_period_anchored_w000_anchored_start01776_24steps_trace.json,0.0,0.0,0.0
full_period_anchored_w000,current_hybrid_transformer,0.0,1800,24,2020-05-12T12:25:00.000000000,2020-05-12T14:20:00.000000000,0.10757442439595859,0.7459322810173035,3.3621795177459717,33.060482025146484,0.09497126192949332,0.005867888691434292,0.007919306223150933,0.5435957186240947,0.0007882614740147945,0.0004694310953147433,0.0006335444978520747,0.0018912370671816125,C:\repositories\strawberry\agc_mpc\results\control\summaries\current_hybrid_transformer_gradient_mpc_full_period_anchored_w000_anchored_start01800_24steps_trace.json,0.0,0.0,0.0
full_period_anchored_w000,current_hybrid_transformer,0.0,1824,24,2020-05-12T14:25:00.000000000,2020-05-12T16:20:00.000000000,0.09806724109997352,0.8674492239952087,4.348160266876221,30.009244918823242,0.13463132959316143,0.0013979977657594795,0.011585257846790598,0.6898688399220313,0.00111744003562324,0.00011183982126075836,0.0009268206277432479,0.002156100484627246,C:\repositories\strawberry\agc_mpc\results\control\summaries\current_hybrid_transformer_gradient_mpc_full_period_anchored_w000_anchored_start01824_24steps_trace.json,0.0,0.0,0.0
full_period_anchored_w000,current_hybrid_transformer,0.0,1848,24,2020-05-12T16:25:00.000000000,2020-05-12T18:20:00.000000000,0.10107033979147673,0.531198263168335,1.4447550773620605,28.01029396057129,0.17048631563049177,0.02004210454465196,0.010655831523458907,0.6789204245703839,0.0014150364197330818,0.001603368363572157,0.0008524665218767126,0.0038708713051819514,C:\repositories\strawberry\agc_mpc\results\control\summaries\current_hybrid_transformer_gradient_mpc_full_period_anchored_w000_anchored_start01848_24steps_trace.json,0.0,0.0,0.0
full_period_anchored_w000,current_hybrid_transformer,0.0,1872,24,2020-05-12T18:25:00.000000000,2020-05-12T20:20:00.000000000,0.043386413250118494,0.2633548676967621,1.4396363496780396,17.873512268066406,0.13114155571624259,0.01732013217629085,0.004456108531854228,0.35265607107639624,0.0010884749124448136,0.001385610574103268,0.00035648868254833824,0.00283057416909642,C:\repositories\strawberry\agc_mpc\results\control\summaries\current_hybrid_transformer_gradient_mpc_full_period_anchored_w000_anchored_start01872_24steps_trace.json,0.0,0.0,0.0
full_period_anchored_w000,current_hybrid_transformer,0.0,1896,24,2020-05-12T20:25:00.000000000,2020-05-12T22:20:00.000000000,0.0844424250535667,0.24173760414123535,2.638517141342163,26.046859741210938,0.08176244207876437,0.001363595385995875,7.474140879706569e-05,0.1944076285167912,0.0006786282692537443,0.00010908763087967,5.979312703765256e-06,0.0007936952128371796,C:\repositories\strawberry\agc_mpc\results\control\summaries\current_hybrid_transformer_gradient_mpc_full_period_anchored_w000_anchored_start01896_24steps_trace.json,0.0,0.0,0.0
full_period_anchored_w000,current_hybrid_transformer,0.0,1920,24,2020-05-12T22:25:00.000000000,2020-05-13T00:20:00.000000000,0.08061691885814071,0.6063763499259949,2.0610954761505127,49.84934616088867,0.013411192881504034,0.0010615387836757108,0.0,0.14232458858428912,0.00011131290091648349,5.484617048991172e-05,0.0,0.0001661590714063952,C:\repositories\strawberry\agc_mpc\results\control\summaries\current_hybrid_transformer_gradient_mpc_full_period_anchored_w000_anchored_start01920_24steps_trace.json,0.0,0.0,0.0
full_period_anchored_w000,current_hybrid_transformer,0.0,1944,24,2020-05-13T00:25:00.000000000,2020-05-13T02:20:00.000000000,0.040875450087090336,0.3300659656524658,0.8548291325569153,41.63660430908203,0.07360254741463948,0.0,0.0,0.14513973168993333,0.0006109011435415077,0.0,0.0,0.0006109011435415077,C:\repositories\strawberry\agc_mpc\results\control\summaries\current_hybrid_transformer_gradient_mpc_full_period_anchored_w000_anchored_start01944_24steps_trace.json,0.0,0.0,0.0
full_period_anchored_w000,current_hybrid_transformer,0.0,1968,24,2020-05-13T02:25:00.000000000,2020-05-13T04:20:00.000000000,0.04384304637399813,0.1492399424314499,1.1257925033569336,36.302040100097656,0.10263022291653574,0.0,0.0,0.1297259776481128,0.0008518308502072467,0.0,0.0,0.0008518308502072467,C:\repositories\strawberry\agc_mpc\results\control\summaries\current_hybrid_transformer_gradient_mpc_full_period_anchored_w000_anchored_start01968_24steps_trace.json,0.0,0.0,0.0
full_period_anchored_w000,current_hybrid_transformer,0.0,1992,24,2020-05-13T04:25:00.000000000,2020-05-13T06:20:00.000000000,0.06933108422284325,0.06871811300516129,1.5317167043685913,26.295190811157227,0.06350284244407314,0.0,0.0,0.13198056954173215,0.0005270735922858071,0.0,0.0,0.0005270735922858071,C:\repositories\strawberry\agc_mpc\results\control\summaries\current_hybrid_transformer_gradient_mpc_full_period_anchored_w000_anchored_start01992_24steps_trace.json,0.0,0.0,0.0
full_period_anchored_w000,current_hybrid_transformer,0.0,2016,24,2020-05-13T06:25:00.000000000,2020-05-13T08:20:00.000000000,0.04115860792808235,0.39495649933815,1.1888850927352905,11.2247314453125,0.10196034639891871,0.0,0.0030716865661543275,0.30675217596828375,0.0008462708751110253,0.0,0.0002457349252923462,0.0010920058004033715,C:\repositories\strawberry\agc_mpc\results\control\summaries\current_hybrid_transformer_gradient_mpc_full_period_anchored_w000_anchored_start02016_24steps_trace.json,0.0,0.0,0.0
full_period_anchored_w000,current_hybrid_transformer,0.0,2040,24,2020-05-13T08:25:00.000000000,2020-05-13T10:20:00.000000000,0.04624246464421352,0.1879103183746338,1.959790587425232,23.154708862304688,0.10631848097242394,0.0,0.003957996653366087,0.3347350632145578,0.0008824433920711187,0.0,0.00031663973226928694,0.0011990831243404057,C:\repositories\strawberry\agc_mpc\results\control\summaries\current_hybrid_transformer_gradient_mpc_full_period_anchored_w000_anchored_start02040_24steps_trace.json,0.0,0.0,0.0
full_period_anchored_w000,current_hybrid_transformer,0.0,2064,24,2020-05-13T10:25:00.000000000,2020-05-13T12:20:00.000000000,0.0893054730258882,0.8541851043701172,4.770613193511963,28.70454216003418,0.0869008148917173,0.0,0.0072614700463707335,0.4994172407731653,0.0007212767636012536,0.0,0.0005809176037096587,0.0013021943673109122,C:\repositories\strawberry\agc_mpc\results\control\summaries\current_hybrid_transformer_gradient_mpc_full_period_anchored_w000_anchored_start02064_24steps_trace.json,0.0,0.0,0.0
full_period_anchored_w000,current_hybrid_transformer,0.0,2088,24,2020-05-13T12:25:00.000000000,2020-05-13T14:20:00.000000000,0.09671867933745186,0.8551149964332581,3.350399971008301,20.451828002929688,0.09231857204970731,0.0,0.007671733883938743,0.5125565843350122,0.0007662441480125706,0.0,0.0006137387107150995,0.0013799828587276702,C:\repositories\strawberry\agc_mpc\results\control\summaries\current_hybrid_transformer_gradient_mpc_full_period_anchored_w000_anchored_start02088_24steps_trace.json,0.0,0.0,0.0
full_period_anchored_w000,current_hybrid_transformer,0.0,2112,24,2020-05-13T14:25:00.000000000,2020-05-13T16:20:00.000000000,0.1558639289190372,1.3685475587844849,5.3838348388671875,30.71507453918457,0.09255409667446304,0.0,0.008313506722333977,0.5422002493954509,0.0007681990023980433,0.0,0.0006650805377867182,0.0014332795401847615,C:\repositories\strawberry\agc_mpc\results\control\summaries\current_hybrid_transformer_gradient_mpc_full_period_anchored_w000_anchored_start02112_24steps_trace.json,0.0,0.0,0.0
full_period_anchored_w000,current_hybrid_transformer,0.0,2136,24,2020-05-13T16:25:00.000000000,2020-05-13T18:20:00.000000000,0.15185709049304327,1.5335073471069336,4.422909259796143,34.43550109863281,0.10816490400128154,0.0,0.008029033420385046,0.5149542366118721,0.0008977687032106368,0.0,0.0006423226736308037,0.0015400913768414404,C:\repositories\strawberry\agc_mpc\results\control\summaries\current_hybrid_transformer_gradient_mpc_full_period_anchored_w000_anchored_start02136_24steps_trace.json,0.0,0.0,0.0
full_period_anchored_w000,current_hybrid_transformer,0.0,2160,24,2020-05-13T18:25:00.000000000,2020-05-13T20:20:00.000000000,0.035209674621000886,0.5578062534332275,2.428960084915161,29.20221519470215,0.0626767092660232,0.0,0.003562479150792686,0.289894029954911,0.0005202166869079926,0.0,0.00028499833206341486,0.0008052150189714075,C:\repositories\strawberry\agc_mpc\results\control\summaries\current_hybrid_transformer_gradient_mpc_full_period_anchored_w000_anchored_start02160_24steps_trace.json,0.0,0.0,0.0
full_period_anchored_w000,current_hybrid_transformer,0.0,2184,24,2020-05-13T20:25:00.000000000,2020-05-13T22:20:00.000000000,0.048907078647365175,0.2616889476776123,1.2958526611328125,31.111230850219727,0.09267660496445188,0.012507952543701784,0.0005497148707197475,0.21328708110028688,0.0007692158212049506,0.0010006362034961427,4.39771896575798e-05,0.001813829214358673,C:\repositories\strawberry\agc_mpc\results\control\summaries\current_hybrid_transformer_gradient_mpc_full_period_anchored_w000_anchored_start02184_24steps_trace.json,0.0,0.0,0.0
full_period_anchored_w000,current_hybrid_transformer,0.0,2208,24,2020-05-13T22:25:00.000000000,2020-05-14T00:20:00.000000000,0.034531135810539126,0.39660754799842834,0.6890046000480652,45.64404296875,0.09027256375723891,0.0,0.0,0.1840459729505844,0.0007492622791850829,0.0,0.0,0.0007492622791850829,C:\repositories\strawberry\agc_mpc\results\control\summaries\current_hybrid_transformer_gradient_mpc_full_period_anchored_w000_anchored_start02208_24steps_trace.json,0.0,0.0,0.0
full_period_anchored_w000,current_hybrid_transformer,0.0,2232,24,2020-05-14T00:25:00.000000000,2020-05-14T02:20:00.000000000,0.021450051145317655,0.1865065097808838,0.9951454997062683,39.68037796020508,0.09015273979053424,0.006497342110374766,0.0,0.14969791494699722,0.0007482677402614342,0.00025989368441499064,0.0,0.001008161424676425,C:\repositories\strawberry\agc_mpc\results\control\summaries\current_hybrid_transformer_gradient_mpc_full_period_anchored_w000_anchored_start02232_24steps_trace.json,0.0,0.0,0.0
full_period_anchored_w000,current_hybrid_transformer,0.0,2256,24,2020-05-14T02:25:00.000000000,2020-05-14T04:20:00.000000000,0.022067182852576177,0.20295055210590363,1.5699243545532227,34.029632568359375,0.08602460877138277,0.0,0.0,0.12228213729047208,0.0007140042528024769,0.0,0.0,0.0007140042528024769,C:\repositories\strawberry\agc_mpc\results\control\summaries\current_hybrid_transformer_gradient_mpc_full_period_anchored_w000_anchored_start02256_24steps_trace.json,0.0,0.0,0.0
full_period_anchored_w000,current_hybrid_transformer,0.0,2280,24,2020-05-14T04:25:00.000000000,2020-05-14T06:20:00.000000000,0.02904718796101709,0.30114468932151794,1.777091383934021,12.699727058410645,0.12350518301307503,0.0,0.0,0.12716208458041656,0.0010250930190085228,0.0,0.0,0.0010250930190085228,C:\repositories\strawberry\agc_mpc\results\control\summaries\current_hybrid_transformer_gradient_mpc_full_period_anchored_w000_anchored_start02280_24steps_trace.json,0.0,0.0,0.0
full_period_anchored_w000,current_hybrid_transformer,0.0,2304,24,2020-05-14T06:25:00.000000000,2020-05-14T08:20:00.000000000,0.038304436563824616,0.27604809403419495,1.701268196105957,18.83812141418457,0.11415233029450308,0.0,0.0024297201518368866,0.2713595454577816,0.0009474643414443756,0.0,0.00019437761214695094,0.0011418419535913266,C:\repositories\strawberry\agc_mpc\results\control\summaries\current_hybrid_transformer_gradient_mpc_full_period_anchored_w000_anchored_start02304_24steps_trace.json,0.0,0.0,0.0
full_period_anchored_w000,current_hybrid_transformer,0.0,2328,24,2020-05-14T08:25:00.000000000,2020-05-14T10:20:00.000000000,0.060790790089716516,0.360384076833725,3.0777690410614014,26.096054077148438,0.07845675050950573,0.0,0.006094773355415308,0.47031332871778236,0.0006511910292288976,0.0,0.00048758186843322464,0.0011387728976621223,C:\repositories\strawberry\agc_mpc\results\control\summaries\current_hybrid_transformer_gradient_mpc_full_period_anchored_w000_anchored_start02328_24steps_trace.json,0.0,0.0,0.0
full_period_anchored_w000,current_hybrid_transformer,0.0,2352,24,2020-05-14T10:25:00.000000000,2020-05-14T12:20:00.000000000,0.11723258222142856,0.47109469771385193,3.6032371520996094,29.506622314453125,0.10424704906883632,0.0,0.0061792880814037785,0.49866076375895446,0.0008652505072713415,0.0,0.0004943430465123023,0.0013595935537836438,C:\repositories\strawberry\agc_mpc\results\control\summaries\current_hybrid_transformer_gradient_mpc_full_period_anchored_w000_anchored_start02352_24steps_trace.json,0.0,0.0,0.0
full_period_anchored_w000,current_hybrid_transformer,0.0,2376,24,2020-05-14T12:25:00.000000000,2020-05-14T14:20:00.000000000,0.2189950766041875,0.7272947430610657,4.372929096221924,43.8563232421875,0.120750752947379,0.0,0.005876394236097655,0.5169759643815186,0.0010022312494632458,0.0,0.00047011153888781246,0.0014723427883510582,C:\repositories\strawberry\agc_mpc\results\control\summaries\current_hybrid_transformer_gradient_mpc_full_period_anchored_w000_anchored_start02376_24steps_trace.json,0.0,0.0,0.0
full_period_anchored_w000,current_hybrid_transformer,0.0,2400,24,2020-05-14T14:25:00.000000000,2020-05-14T16:20:00.000000000,0.527221716940403,2.199601173400879,10.157843589782715,48.06562423706055,0.13430495979001694,0.0,0.012972347380278446,0.780185949732902,0.0011147311662571405,0.0,0.0010377877904222757,0.002152518956679416,C:\repositories\strawberry\agc_mpc\results\control\summaries\current_hybrid_transformer_gradient_mpc_full_period_anchored_w000_anchored_start02400_24steps_trace.json,0.0,0.0,0.0
full_period_anchored_w000,current_hybrid_transformer,0.0,2424,24,2020-05-14T16:25:00.000000000,2020-05-14T18:20:00.000000000,0.2048549766962727,2.296555280685425,7.223936557769775,28.957427978515625,0.1578625433985723,0.0,0.009749587077471327,0.62013522963576,0.0013102591102081501,0.0,0.0007799669661977061,0.002090226076405856,C:\repositories\strawberry\agc_mpc\results\control\summaries\current_hybrid_transformer_gradient_mpc_full_period_anchored_w000_anchored_start02424_24steps_trace.json,0.0,0.0,0.0
full_period_anchored_w000,current_hybrid_transformer,0.0,2448,24,2020-05-14T18:25:00.000000000,2020-05-14T20:20:00.000000000,0.03170187763559321,0.565958559513092,1.4624823331832886,23.5870418548584,0.08281986983843687,0.0,0.004916552343792288,0.38431060122663785,0.000687404919659026,0.0,0.00039332418750338306,0.001080729107162409,C:\repositories\strawberry\agc_mpc\results\control\summaries\current_hybrid_transformer_gradient_mpc_full_period_anchored_w000_anchored_start02448_24steps_trace.json,0.0,0.0,0.0
full_period_anchored_w000,current_hybrid_transformer,0.0,2472,24,2020-05-14T20:25:00.000000000,2020-05-14T22:20:00.000000000,0.08350629638880491,0.3528708517551422,4.756819725036621,18.091665267944336,0.01251627197821048,0.0,0.0004227762803086165,0.16428768255365658,0.00010388505741914699,0.0,3.3822102424689324e-05,0.00013770715984383632,C:\repositories\strawberry\agc_mpc\results\control\summaries\current_hybrid_transformer_gradient_mpc_full_period_anchored_w000_anchored_start02472_24steps_trace.json,0.0,0.0,0.0
full_period_anchored_w000,current_hybrid_transformer,0.0,2496,24,2020-05-14T22:25:00.000000000,2020-05-15T00:20:00.000000000,0.040894929242009916,0.1888623982667923,0.7627623677253723,31.7326717376709,0.08852531428969425,0.013001174194583881,0.0,0.15739267009834826,0.0007347601086044622,0.0006717273333868339,0.0,0.001406487441991296,C:\repositories\strawberry\agc_mpc\results\control\summaries\current_hybrid_transformer_gradient_mpc_full_period_anchored_w000_anchored_start02496_24steps_trace.json,0.0,0.0,0.0
full_period_anchored_w000,current_hybrid_transformer,0.0,2520,24,2020-05-15T00:25:00.000000000,2020-05-15T02:20:00.000000000,0.03858575248159468,0.2048850804567337,1.6048336029052734,57.966400146484375,0.08451478496720619,0.0,0.0,0.16805328598104446,0.0007014727152278113,0.0,0.0,0.0007014727152278113,C:\repositories\strawberry\agc_mpc\results\control\summaries\current_hybrid_transformer_gradient_mpc_full_period_anchored_w000_anchored_start02520_24steps_trace.json,0.0,0.0,0.0
full_period_anchored_w000,current_hybrid_transformer,0.0,2544,24,2020-05-15T02:25:00.000000000,2020-05-15T04:20:00.000000000,0.020418133004568517,0.13470976054668427,0.8103516697883606,24.854150772094727,0.09223726605822515,0.0,0.0,0.11777439611453708,0.0007655693082832687,0.0,0.0,0.0007655693082832687,C:\repositories\strawberry\agc_mpc\results\control\summaries\current_hybrid_transformer_gradient_mpc_full_period_anchored_w000_anchored_start02544_24steps_trace.json,0.0,0.0,0.0
full_period_anchored_w000,current_hybrid_transformer,0.0,2568,24,2020-05-15T04:25:00.000000000,2020-05-15T06:20:00.000000000,0.02979246759787202,0.3279162347316742,1.873766303062439,18.018518447875977,0.1369202335833088,0.0,0.0,0.11510153958602205,0.001136437938741463,0.0,0.0,0.001136437938741463,C:\repositories\strawberry\agc_mpc\results\control\summaries\current_hybrid_transformer_gradient_mpc_full_period_anchored_w000_anchored_start02568_24steps_trace.json,0.0,0.0,0.0
full_period_anchored_w000,current_hybrid_transformer,0.0,2592,24,2020-05-15T06:25:00.000000000,2020-05-15T08:20:00.000000000,0.03014012371810774,0.286278635263443,1.0475765466690063,19.429758071899414,0.12564139879669423,0.0,0.002242045527256224,0.2591168670271508,0.0010428236100125622,0.0,0.00017936364218049794,0.00122218725219306,C:\repositories\strawberry\agc_mpc\results\control\summaries\current_hybrid_transformer_gradient_mpc_full_period_anchored_w000_anchored_start02592_24steps_trace.json,0.0,0.0,0.0
full_period_anchored_w000,current_hybrid_transformer,0.0,2616,24,2020-05-15T08:25:00.000000000,2020-05-15T10:20:00.000000000,0.05269848695024848,0.8214990496635437,3.628096580505371,18.410436630249023,0.07791187868779964,0.0,0.006988520145132932,0.49363954186249215,0.000646668593108737,0.0,0.0005590816116106347,0.0012057502047193717,C:\repositories\strawberry\agc_mpc\results\control\summaries\current_hybrid_transformer_gradient_mpc_full_period_anchored_w000_anchored_start02616_24steps_trace.json,0.0,0.0,0.0
full_period_anchored_w000,current_hybrid_transformer,0.0,2640,24,2020-05-15T10:25:00.000000000,2020-05-15T12:20:00.000000000,0.10634051977346341,0.9537678360939026,3.4003870487213135,12.592928886413574,0.14209525833081854,0.014045230865940068,0.008527195972352342,0.680425490392186,0.001179390644145794,0.0011236184692752056,0.0006821756777881874,0.002985184791209187,C:\repositories\strawberry\agc_mpc\results\control\summaries\current_hybrid_transformer_gradient_mpc_full_period_anchored_w000_anchored_start02640_24steps_trace.json,0.0,0.0,0.0
full_period_anchored_w000,current_hybrid_transformer,0.0,2664,24,2020-05-15T12:25:00.000000000,2020-05-15T14:20:00.000000000,0.09524417171875636,0.5609409809112549,2.724226713180542,45.673583984375,0.12141943898693693,0.005359152715415644,0.008533210666917743,0.695801110676918,0.0010077813435915765,0.00042873221723325154,0.0006826568533534194,0.0021191704141782473,C:\repositories\strawberry\agc_mpc\results\control\summaries\current_hybrid_transformer_gradient_mpc_full_period_anchored_w000_anchored_start02664_24steps_trace.json,0.0,0.0,0.0
full_period_anchored_w000,current_hybrid_transformer,0.0,2688,24,2020-05-15T14:25:00.000000000,2020-05-15T16:20:00.000000000,0.08982595553000768,0.9977924227714539,4.324005603790283,25.4732723236084,0.07701363676418925,0.0,0.01014833238812737,0.7641683973410519,0.0006392131851427708,0.0,0.0008118665910501896,0.0014510797761929605,C:\repositories\strawberry\agc_mpc\results\control\summaries\current_hybrid_transformer_gradient_mpc_full_period_anchored_w000_anchored_start02688_24steps_trace.json,0.0,0.0,0.0
full_period_anchored_w000,current_hybrid_transformer,0.0,2712,24,2020-05-15T16:25:00.000000000,2020-05-15T18:20:00.000000000,0.0708223432302475,1.3034818172454834,2.085742235183716,20.253873825073242,0.08249668337337461,0.0,0.007023888869218016,0.5635421939709181,0.0006847224719990092,0.0,0.0005619111095374413,0.0012466335815364505,C:\repositories\strawberry\agc_mpc\results\control\summaries\current_hybrid_transformer_gradient_mpc_full_period_anchored_w000_anchored_start02712_24steps_trace.json,0.0,0.0,0.0
full_period_anchored_w000,current_hybrid_transformer,0.0,2736,24,2020-05-15T18:25:00.000000000,2020-05-15T20:20:00.000000000,0.04481928275587658,0.4521009027957916,1.2732553482055664,13.100384712219238,0.03868072380371512,0.015609369165224391,0.004834682946294716,0.4209027484726134,0.00032105000757083553,0.0012487495332179513,0.0003867746357035773,0.001956574176492364,C:\repositories\strawberry\agc_mpc\results\control\summaries\current_hybrid_transformer_gradient_mpc_full_period_anchored_w000_anchored_start02736_24steps_trace.json,0.0,0.0,0.0
full_period_anchored_w000,current_hybrid_transformer,0.0,2760,24,2020-05-15T20:25:00.000000000,2020-05-15T22:20:00.000000000,0.05887843451152245,0.5656668543815613,5.163434982299805,23.897096633911133,0.015085276979696813,0.0012130532976638343,0.0,0.19125164086002813,0.00012520779893148356,9.704426381310675e-05,0.0,0.00022225206274459032,C:\repositories\strawberry\agc_mpc\results\control\summaries\current_hybrid_transformer_gradient_mpc_full_period_anchored_w000_anchored_start02760_24steps_trace.json,0.0,0.0,0.0
full_period_anchored_w000,current_hybrid_transformer,0.0,2784,24,2020-05-15T22:25:00.000000000,2020-05-16T00:20:00.000000000,0.07135444118951757,0.7567362189292908,1.234235167503357,56.26841735839844,0.0,0.0029492655824186857,0.0,0.16149326543539355,0.0,0.00015237872175829877,0.0,0.00015237872175829877,C:\repositories\strawberry\agc_mpc\results\control\summaries\current_hybrid_transformer_gradient_mpc_full_period_anchored_w000_anchored_start02784_24steps_trace.json,0.0,0.0,0.0
full_period_anchored_w000,current_hybrid_transformer,0.0,2808,24,2020-05-16T00:25:00.000000000,2020-05-16T02:20:00.000000000,0.03678953663135568,0.6086328029632568,0.44827842712402344,51.3526725769043,0.0016303612222408799,0.0,0.0,0.15469476362004575,1.3531998144599303e-05,0.0,0.0,1.3531998144599303e-05,C:\repositories\strawberry\agc_mpc\results\control\summaries\current_hybrid_transformer_gradient_mpc_full_period_anchored_w000_anchored_start02808_24steps_trace.json,0.0,0.0,0.0
full_period_anchored_w000,current_hybrid_transformer,0.0,2832,24,2020-05-16T02:25:00.000000000,2020-05-16T04:20:00.000000000,0.035106828436255455,0.2136697769165039,0.8994420170783997,44.47772216796875,0.05282460667777825,0.0,0.0,0.13222125530594436,0.0004384442354255595,0.0,0.0,0.0004384442354255595,C:\repositories\strawberry\agc_mpc\results\control\summaries\current_hybrid_transformer_gradient_mpc_full_period_anchored_w000_anchored_start02832_24steps_trace.json,0.0,0.0,0.0
full_period_anchored_w000,current_hybrid_transformer,0.0,2856,24,2020-05-16T04:25:00.000000000,2020-05-16T06:20:00.000000000,0.04344823653809726,0.12147267907857895,1.5676078796386719,24.421754837036133,0.04165802388933866,0.0,0.0,0.13163808198203275,0.0003457615982815109,0.0,0.0,0.0003457615982815109,C:\repositories\strawberry\agc_mpc\results\control\summaries\current_hybrid_transformer_gradient_mpc_full_period_anchored_w000_anchored_start02856_24steps_trace.json,0.0,0.0,0.0
full_period_anchored_w000,current_hybrid_transformer,0.0,2880,24,2020-05-16T06:25:00.000000000,2020-05-16T08:20:00.000000000,0.027634860947728157,0.45409712195396423,0.5804576873779297,13.91303539276123,0.07221496021645187,0.0,0.002686617100394888,0.262027626141473,0.0005993841697965505,0.0,0.00021492936803159103,0.0008143135378281415,C:\repositories\strawberry\agc_mpc\results\control\summaries\current_hybrid_transformer_gradient_mpc_full_period_anchored_w000_anchored_start02880_24steps_trace.json,0.0,0.0,0.0
full_period_anchored_w000,current_hybrid_transformer,0.0,2904,24,2020-05-16T08:25:00.000000000,2020-05-16T10:20:00.000000000,0.06486143140743177,1.130940556526184,4.733429431915283,16.57826042175293,0.03822837936296579,0.0,0.006393707662927782,0.4440065027240012,0.0003172955487126161,0.0,0.0005114966130342226,0.0008287921617468386,C:\repositories\strawberry\agc_mpc\results\control\summaries\current_hybrid_transformer_gradient_mpc_full_period_anchored_w000_anchored_start02904_24steps_trace.json,0.0,0.0,0.0
full_period_anchored_w000,current_hybrid_transformer,0.0,2928,24,2020-05-16T10:25:00.000000000,2020-05-16T12:20:00.000000000,0.09910733594248693,1.1404523849487305,4.391824722290039,24.96254539489746,0.09407696896378928,0.0,0.007717747901195945,0.5780363001797916,0.000780838842399451,0.0,0.0006174198320956756,0.0013982586744951267,C:\repositories\strawberry\agc_mpc\results\control\summaries\current_hybrid_transformer_gradient_mpc_full_period_anchored_w000_anchored_start02928_24steps_trace.json,0.0,0.0,0.0
full_period_anchored_w000,current_hybrid_transformer,0.0,2952,24,2020-05-16T12:25:00.000000000,2020-05-16T14:20:00.000000000,0.14992599996427694,1.7408400774002075,5.983957767486572,38.500709533691406,0.08947688668278445,0.0,0.008580827103869539,0.6148676012216698,0.000742658159467111,0.0,0.0006864661683095632,0.0014291243277766742,C:\repositories\strawberry\agc_mpc\results\control\summaries\current_hybrid_transformer_gradient_mpc_full_period_anchored_w000_anchored_start02952_24steps_trace.json,0.0,0.0,0.0
full_period_anchored_w000,current_hybrid_transformer,0.0,2976,24,2020-05-16T14:25:00.000000000,2020-05-16T16:20:00.000000000,0.10566558968275785,1.3960689306259155,3.3852150440216064,27.4844913482666,0.07769396103394786,0.0,0.007943728789861416,0.6058460452693862,0.0006448598765817673,0.0,0.0006354983031889133,0.0012803581797706807,C:\repositories\strawberry\agc_mpc\results\control\summaries\current_hybrid_transformer_gradient_mpc_full_period_anchored_w000_anchored_start02976_24steps_trace.json,0.0,0.0,0.0
full_period_anchored_w000,current_hybrid_transformer,0.0,3000,24,2020-05-16T16:25:00.000000000,2020-05-16T18:20:00.000000000,0.05526508530601859,0.5355675220489502,1.2150026559829712,28.687108993530273,0.07974748928138765,0.0,0.005960691473644815,0.45475536579365294,0.0006619041610355175,0.0,0.0004768553178915852,0.0011387594789271029,C:\repositories\strawberry\agc_mpc\results\control\summaries\current_hybrid_transformer_gradient_mpc_full_period_anchored_w000_anchored_start03000_24steps_trace.json,0.0,0.0,0.0
full_period_anchored_w000,current_hybrid_transformer,0.0,3024,24,2020-05-16T18:25:00.000000000,2020-05-16T20:20:00.000000000,0.036592606998359166,0.36136284470558167,1.2207063436508179,19.157880783081055,0.061612579669043335,0.012516086004161129,0.004889296367830408,0.4012401002921705,0.0005113844112530596,0.0010012868803328902,0.00039114370942643263,0.0019038150010123826,C:\repositories\strawberry\agc_mpc\results\control\summaries\current_hybrid_transformer_gradient_mpc_full_period_anchored_w000_anchored_start03024_24steps_trace.json,0.0,0.0,0.0
full_period_anchored_w000,current_hybrid_transformer,0.0,3048,24,2020-05-16T20:25:00.000000000,2020-05-16T22:20:00.000000000,0.06025266655099889,0.6973262429237366,3.639817476272583,38.511531829833984,0.015310733991529518,0.0,0.00023533795769209545,0.1754878156034657,0.000127079092129695,0.0,1.8827036615367637e-05,0.00014590612874506263,C:\repositories\strawberry\agc_mpc\results\control\summaries\current_hybrid_transformer_gradient_mpc_full_period_anchored_w000_anchored_start03048_24steps_trace.json,0.0,0.0,0.0
full_period_anchored_w000,current_hybrid_transformer,0.0,3072,24,2020-05-16T22:25:00.000000000,2020-05-17T00:20:00.000000000,0.045080374693498015,0.4934317171573639,0.5253518223762512,56.64249038696289,0.03484776771684915,0.0006016553061131302,0.0,0.16274237320471616,0.00028923647204984795,3.108552414917839e-05,0.0,0.00032032199619902636,C:\repositories\strawberry\agc_mpc\results\control\summaries\current_hybrid_transformer_gradient_mpc_full_period_anchored_w000_anchored_start03072_24steps_trace.json,0.0,0.0,0.0
full_period_anchored_w000,current_hybrid_transformer,0.0,3096,24,2020-05-17T00:25:00.000000000,2020-05-17T02:20:00.000000000,0.030083097672710817,0.07857807725667953,0.7846463322639465,37.66456985473633,0.07894391588576291,0.0,0.0,0.12469428173626024,0.0006552345018518322,0.0,0.0,0.0006552345018518322,C:\repositories\strawberry\agc_mpc\results\control\summaries\current_hybrid_transformer_gradient_mpc_full_period_anchored_w000_anchored_start03096_24steps_trace.json,0.0,0.0,0.0
full_period_anchored_w000,current_hybrid_transformer,0.0,3120,24,2020-05-17T02:25:00.000000000,2020-05-17T04:20:00.000000000,0.034287555143237114,0.10127099603414536,1.0837621688842773,34.4769401550293,0.08834960655831192,0.0,0.0,0.12046845754871865,0.000733301734433989,0.0,0.0,0.000733301734433989,C:\repositories\strawberry\agc_mpc\results\control\summaries\current_hybrid_transformer_gradient_mpc_full_period_anchored_w000_anchored_start03120_24steps_trace.json,0.0,0.0,0.0
full_period_anchored_w000,current_hybrid_transformer,0.0,3144,24,2020-05-17T04:25:00.000000000,2020-05-17T06:20:00.000000000,0.058290063170716166,0.26242828369140625,1.6739044189453125,23.726776123046875,0.04423088391289796,0.0,0.0,0.1255311307216223,0.00036711633647705305,0.0,0.0,0.00036711633647705305,C:\repositories\strawberry\agc_mpc\results\control\summaries\current_hybrid_transformer_gradient_mpc_full_period_anchored_w000_anchored_start03144_24steps_trace.json,0.0,0.0,0.0
full_period_anchored_w000,current_hybrid_transformer,0.0,3168,24,2020-05-17T06:25:00.000000000,2020-05-17T08:20:00.000000000,0.0281286567915231,0.24770458042621613,0.7504275441169739,10.312853813171387,0.08166829716059405,0.0,0.002167750126126185,0.2182893372933069,0.0006778468664329307,0.0,0.0001734200100900948,0.0008512668765230254,C:\repositories\strawberry\agc_mpc\results\control\summaries\current_hybrid_transformer_gradient_mpc_full_period_anchored_w000_anchored_start03168_24steps_trace.json,0.0,0.0,0.0
full_period_anchored_w000,current_hybrid_transformer,0.0,3192,24,2020-05-17T08:25:00.000000000,2020-05-17T10:20:00.000000000,0.05645726496974627,0.9157753586769104,4.495742321014404,24.297670364379883,0.026324770562068268,0.0,0.007397592188252658,0.49998546091880347,0.00021849559566516663,0.0,0.0005918073750602127,0.0008103029707253794,C:\repositories\strawberry\agc_mpc\results\control\summaries\current_hybrid_transformer_gradient_mpc_full_period_anchored_w000_anchored_start03192_24steps_trace.json,0.0,0.0,0.0
full_period_anchored_w000,current_hybrid_transformer,0.0,3216,24,2020-05-17T10:25:00.000000000,2020-05-17T12:20:00.000000000,0.05622003957008322,0.5312159657478333,2.286144733428955,14.075203895568848,0.08000083439023017,0.006248349175197896,0.01132813502155626,0.7540233572998665,0.0006640069254389105,0.0004998679340158317,0.0009062508017245009,0.002070125661179243,C:\repositories\strawberry\agc_mpc\results\control\summaries\current_hybrid_transformer_gradient_mpc_full_period_anchored_w000_anchored_start03216_24steps_trace.json,0.0,0.0,0.0
full_period_anchored_w000,current_hybrid_transformer,0.0,3240,24,2020-05-17T12:25:00.000000000,2020-05-17T14:20:00.000000000,0.05497236487766107,0.2892676293849945,0.9984064102172852,23.268905639648438,0.0715646388829295,0.026647359831470464,0.012628236544761995,0.8648693158600024,0.0005939865027283148,0.0021317887865176374,0.0010102589235809595,0.003736034212826912,C:\repositories\strawberry\agc_mpc\results\control\summaries\current_hybrid_transformer_gradient_mpc_full_period_anchored_w000_anchored_start03240_24steps_trace.json,0.0,0.0,0.0
full_period_anchored_w000,current_hybrid_transformer,0.0,3264,24,2020-05-17T14:25:00.000000000,2020-05-17T16:20:00.000000000,0.053451665211468935,0.12090293318033218,0.5748712420463562,21.429946899414062,0.05296873828591379,0.019748190665760407,0.011568342913685541,0.8064066465551052,0.00043964052777308444,0.0015798552532608327,0.0009254674330948433,0.002944963214128761,C:\repositories\strawberry\agc_mpc\results\control\summaries\current_hybrid_transformer_gradient_mpc_full_period_anchored_w000_anchored_start03264_24steps_trace.json,0.0,0.0,0.0
full_period_anchored_w000,current_hybrid_transformer,0.0,3288,24,2020-05-17T16:25:00.000000000,2020-05-17T18:20:00.000000000,0.05147381996115049,0.2032429426908493,0.5605289340019226,24.26761817932129,0.07792857421115774,0.02490115397817929,0.008677286528933247,0.6667951134715289,0.0006468071659526093,0.001992092318254343,0.0006941829223146598,0.003333082406521612,C:\repositories\strawberry\agc_mpc\results\control\summaries\current_hybrid_transformer_gradient_mpc_full_period_anchored_w000_anchored_start03288_24steps_trace.json,0.0,0.0,0.0
full_period_anchored_w000,current_hybrid_transformer,0.0,3312,24,2020-05-17T18:25:00.000000000,2020-05-17T20:20:00.000000000,0.04629076621495187,0.305659681558609,0.5064018368721008,17.892492294311523,0.03810504256270361,0.023222545826107825,0.004635973930267032,0.4094154551648569,0.00031627185327044,0.001857803666088626,0.00037087791442136256,0.002544953433780428,C:\repositories\strawberry\agc_mpc\results\control\summaries\current_hybrid_transformer_gradient_mpc_full_period_anchored_w000_anchored_start03312_24steps_trace.json,0.0,0.0,0.0
full_period_anchored_w000,current_hybrid_transformer,0.0,3336,24,2020-05-17T20:25:00.000000000,2020-05-17T22:20:00.000000000,0.05735911491016547,0.4839250147342682,1.3311928510665894,16.757627487182617,0.025408054007870613,0.004051411547378234,0.0006051365553767368,0.2503069850010151,0.0002108868482653261,0.00032411292379025874,4.841092443013895e-05,0.0005834106964857237,C:\repositories\strawberry\agc_mpc\results\control\summaries\current_hybrid_transformer_gradient_mpc_full_period_anchored_w000_anchored_start03336_24steps_trace.json,0.0,0.0,0.0
full_period_anchored_w000,current_hybrid_transformer,0.0,3360,24,2020-05-17T22:25:00.000000000,2020-05-18T00:20:00.000000000,0.09652956489784022,0.9590287208557129,2.9716804027557373,61.77099609375,0.0,0.005075701862432817,0.0,0.1661677324183602,0.0,0.00026224459622569557,0.0,0.00026224459622569557,C:\repositories\strawberry\agc_mpc\results\control\summaries\current_hybrid_transformer_gradient_mpc_full_period_anchored_w000_anchored_start03360_24steps_trace.json,0.0,0.0,0.0
full_period_anchored_w000,current_hybrid_transformer,0.0,3384,24,2020-05-18T00:25:00.000000000,2020-05-18T02:20:00.000000000,0.05714548658579588,0.8536576628684998,1.7975746393203735,40.893577575683594,0.0,0.0,0.0,0.15722365080965417,0.0,0.0,0.0,0.0,C:\repositories\strawberry\agc_mpc\results\control\summaries\current_hybrid_transformer_gradient_mpc_full_period_anchored_w000_anchored_start03384_24steps_trace.json,nan,0.0,0.0
full_period_anchored_w000,current_hybrid_transformer,0.0,3408,24,2020-05-18T02:25:00.000000000,2020-05-18T04:20:00.000000000,0.036953327556451164,0.32717379927635193,1.7315196990966797,12.792553901672363,0.0,0.0,0.0,0.15818040205444994,0.0,0.0,0.0,0.0,C:\repositories\strawberry\agc_mpc\results\control\summaries\current_hybrid_transformer_gradient_mpc_full_period_anchored_w000_anchored_start03408_24steps_trace.json,nan,0.0,0.0
full_period_anchored_w000,current_hybrid_transformer,0.0,3432,24,2020-05-18T04:25:00.000000000,2020-05-18T06:20:00.000000000,0.0656677281173567,0.5660524964332581,0.8618828654289246,8.821403503417969,0.07198231251657902,0.002534069074674021,0.00020618487312784175,0.20747305402187946,0.0005974531938876059,0.00010136276298696085,1.649478985022734e-05,0.0007153107467247941,C:\repositories\strawberry\agc_mpc\results\control\summaries\current_hybrid_transformer_gradient_mpc_full_period_anchored_w000_anchored_start03432_24steps_trace.json,0.0,0.0,0.0
full_period_anchored_w000,current_hybrid_transformer,0.0,3456,24,2020-05-18T06:25:00.000000000,2020-05-18T08:20:00.000000000,0.02941477531567216,0.35732516646385193,0.8609822392463684,13.521519660949707,0.05267709947526176,0.0,0.002974339995910266,0.26196742547472873,0.0004372199256446726,0.0,0.0002379471996728213,0.0006751671253174939,C:\repositories\strawberry\agc_mpc\results\control\summaries\current_hybrid_transformer_gradient_mpc_full_period_anchored_w000_anchored_start03456_24steps_trace.json,0.0,0.0,0.0
full_period_anchored_w000,current_hybrid_transformer,0.0,3480,24,2020-05-18T08:25:00.000000000,2020-05-18T10:20:00.000000000,0.03919905346507827,0.6682166457176208,3.4729201793670654,13.337127685546875,0.014531051575083054,0.0,0.007738661874597705,0.5071825671097265,0.00012060772807318935,0.0,0.0006190929499678164,0.0007397006780410058,C:\repositories\strawberry\agc_mpc\results\control\summaries\current_hybrid_transformer_gradient_mpc_full_period_anchored_w000_anchored_start03480_24steps_trace.json,0.0,0.0,0.0
full_period_anchored_w000,current_hybrid_transformer,0.0,3504,24,2020-05-18T10:25:00.000000000,2020-05-18T12:20:00.000000000,0.05696753738448024,0.7327778339385986,2.521204710006714,21.08970069885254,0.005162055649162315,0.0,0.010484895122905562,0.7029593591365406,4.284506188804721e-05,0.0,0.0008387916098324449,0.0008816366717204921,C:\repositories\strawberry\agc_mpc\results\control\summaries\current_hybrid_transformer_gradient_mpc_full_period_anchored_w000_anchored_start03504_24steps_trace.json,0.0,0.0,0.0
full_period_anchored_w000,current_hybrid_transformer,0.0,3528,24,2020-05-18T12:25:00.000000000,2020-05-18T14:20:00.000000000,0.04740108580638965,0.46568480134010315,1.632598876953125,26.18658447265625,0.011209352095584785,0.0,0.012002527693051742,0.7888018365511387,9.303762239335372e-05,0.0,0.0009602022154441394,0.001053239837837493,C:\repositories\strawberry\agc_mpc\results\control\summaries\current_hybrid_transformer_gradient_mpc_full_period_anchored_w000_anchored_start03528_24steps_trace.json,0.0,0.0,0.0
full_period_anchored_w000,current_hybrid_transformer,0.0,3552,24,2020-05-18T14:25:00.000000000,2020-05-18T16:20:00.000000000,0.04359517898410559,0.43672236800193787,1.2081633806228638,19.05594825744629,0.021471172117757273,0.0,0.011251236903787227,0.7700706295930908,0.00017821072857738537,0.0,0.0009000989523029781,0.0010783096808803635,C:\repositories\strawberry\agc_mpc\results\control\summaries\current_hybrid_transformer_gradient_mpc_full_period_anchored_w000_anchored_start03552_24steps_trace.json,0.0,0.0,0.0
full_period_anchored_w000,current_hybrid_transformer,0.0,3576,24,2020-05-18T16:25:00.000000000,2020-05-18T18:20:00.000000000,0.0510796431141595,0.2422455996274948,0.6934146881103516,14.441216468811035,0.0905211557730209,0.020930519856323996,0.009066192849171094,0.6696244714972592,0.0007513255929160735,0.0016744415885059198,0.0007252954279336874,0.003151062609355681,C:\repositories\strawberry\agc_mpc\results\control\summaries\current_hybrid_transformer_gradient_mpc_full_period_anchored_w000_anchored_start03576_24steps_trace.json,0.0,0.0,0.0
full_period_anchored_w000,current_hybrid_transformer,0.0,3600,24,2020-05-18T18:25:00.000000000,2020-05-18T20:20:00.000000000,0.035064153373241425,0.3638974726200104,0.6168281435966492,16.112483978271484,0.029729113709507957,0.02023233033371028,0.0045851705823082255,0.3866005081889606,0.000246751643788916,0.0016185864266968226,0.00036681364658465806,0.0022321517170703965,C:\repositories\strawberry\agc_mpc\results\control\summaries\current_hybrid_transformer_gradient_mpc_full_period_anchored_w000_anchored_start03600_24steps_trace.json,0.0,0.0,0.0
full_period_anchored_w000,current_hybrid_transformer,0.0,3624,24,2020-05-18T20:25:00.000000000,2020-05-18T22:20:00.000000000,0.022770865509907406,0.5409040451049805,1.0548025369644165,13.263130187988281,0.0,0.0,1.7665915473272881e-06,0.17671128083992282,0.0,0.0,1.4132732378618307e-07,1.4132732378618307e-07,C:\repositories\strawberry\agc_mpc\results\control\summaries\current_hybrid_transformer_gradient_mpc_full_period_anchored_w000_anchored_start03624_24steps_trace.json,0.0,0.0,0.0
full_period_anchored_w000,current_hybrid_transformer,0.0,3648,24,2020-05-18T22:25:00.000000000,2020-05-19T00:20:00.000000000,0.09061007364653051,1.1180464029312134,2.9524402618408203,78.29864501953125,0.0,0.00816080809218293,0.0,0.1828526698477328,0.0,0.0004216417514294514,0.0,0.0004216417514294514,C:\repositories\strawberry\agc_mpc\results\control\summaries\current_hybrid_transformer_gradient_mpc_full_period_anchored_w000_anchored_start03648_24steps_trace.json,0.0,0.0,0.0
full_period_anchored_w000,current_hybrid_transformer,0.0,3672,24,2020-05-19T00:25:00.000000000,2020-05-19T02:20:00.000000000,0.04469736875034869,1.004602074623108,2.059889554977417,42.37724685668945,0.0,0.0,0.0,0.14702870697860446,0.0,0.0,0.0,0.0,C:\repositories\strawberry\agc_mpc\results\control\summaries\current_hybrid_transformer_gradient_mpc_full_period_anchored_w000_anchored_start03672_24steps_trace.json,nan,0.0,0.0
full_period_anchored_w000,current_hybrid_transformer,0.0,3696,24,2020-05-19T02:25:00.000000000,2020-05-19T04:20:00.000000000,0.02551113604567945,0.2573786675930023,0.7867870330810547,13.626370429992676,0.0,0.0,0.0,0.13636234382352136,0.0,0.0,0.0,0.0,C:\repositories\strawberry\agc_mpc\results\control\summaries\current_hybrid_transformer_gradient_mpc_full_period_anchored_w000_anchored_start03696_24steps_trace.json,nan,0.0,0.0
full_period_anchored_w000,current_hybrid_transformer,0.0,3720,24,2020-05-19T04:25:00.000000000,2020-05-19T06:20:00.000000000,0.031686693973218404,0.1853674203157425,0.4909121096134186,13.675959587097168,0.014429496837979875,0.0,0.0,0.15438298706193238,0.00011976482375523296,0.0,0.0,0.00011976482375523296,C:\repositories\strawberry\agc_mpc\results\control\summaries\current_hybrid_transformer_gradient_mpc_full_period_anchored_w000_anchored_start03720_24steps_trace.json,0.0,0.0,0.0
full_period_anchored_w000,current_hybrid_transformer,0.0,3744,24,2020-05-19T06:25:00.000000000,2020-05-19T08:20:00.000000000,0.03903901173422734,0.37177515029907227,0.8452542424201965,15.185249328613281,0.029087123520485474,0.0,0.003505916963856387,0.2946389608036899,0.00024142312522002944,0.0,0.00028047335710851094,0.0005218964823285404,C:\repositories\strawberry\agc_mpc\results\control\summaries\current_hybrid_transformer_gradient_mpc_full_period_anchored_w000_anchored_start03744_24steps_trace.json,0.0,0.0,0.0
full_period_anchored_w000,current_hybrid_transformer,0.0,3768,24,2020-05-19T08:25:00.000000000,2020-05-19T10:20:00.000000000,0.05742841757213076,0.7270152568817139,4.322848796844482,17.6971435546875,0.0167782389396641,0.0,0.008361172484899645,0.5057496002710673,0.00013925938319921203,0.0,0.0006688937987919716,0.0008081531819911837,C:\repositories\strawberry\agc_mpc\results\control\summaries\current_hybrid_transformer_gradient_mpc_full_period_anchored_w000_anchored_start03768_24steps_trace.json,0.0,0.0,0.0
full_period_anchored_w000,current_hybrid_transformer,0.0,3792,24,2020-05-19T10:25:00.000000000,2020-05-19T12:20:00.000000000,0.087603652694573,0.9347328543663025,3.096972703933716,32.831607818603516,0.005274616359185418,0.0,0.010024269219707383,0.7146524835604493,4.377931578123897e-05,0.0,0.0008019415375765907,0.0008457208533578296,C:\repositories\strawberry\agc_mpc\results\control\summaries\current_hybrid_transformer_gradient_mpc_full_period_anchored_w000_anchored_start03792_24steps_trace.json,0.0,0.0,0.0
full_period_anchored_w000,current_hybrid_transformer,0.0,3816,24,2020-05-19T12:25:00.000000000,2020-05-19T14:20:00.000000000,0.041841058836628996,0.47004804015159607,1.3547762632369995,18.04517936706543,0.02433268409823804,0.0,0.012395126178279392,0.8247951870318126,0.00020196127801537574,0.0,0.0009916100942623514,0.0011935713722777271,C:\repositories\strawberry\agc_mpc\results\control\summaries\current_hybrid_transformer_gradient_mpc_full_period_anchored_w000_anchored_start03816_24steps_trace.json,0.0,0.0,0.0
full_period_anchored_w000,current_hybrid_transformer,0.0,3840,24,2020-05-19T14:25:00.000000000,2020-05-19T16:20:00.000000000,0.042120483703911304,0.29689717292785645,0.7222364544868469,13.975020408630371,0.02776249889235601,0.005108695037165677,0.011144571217503313,0.7845364313881068,0.00023042874080655488,0.00040869560297325416,0.000891565697400265,0.001530690041180074,C:\repositories\strawberry\agc_mpc\results\control\summaries\current_hybrid_transformer_gradient_mpc_full_period_anchored_w000_anchored_start03840_24steps_trace.json,0.0,0.0,0.0
full_period_anchored_w000,current_hybrid_transformer,0.0,3864,24,2020-05-19T16:25:00.000000000,2020-05-19T18:20:00.000000000,0.04024832524980108,0.42271265387535095,0.8839564323425293,15.9242582321167,0.07295772984511507,0.007881274569811223,0.008148344641861125,0.6359560303791538,0.0006055491577144551,0.0006305019655848978,0.0006518675713488901,0.0018879186946482432,C:\repositories\strawberry\agc_mpc\results\control\summaries\current_hybrid_transformer_gradient_mpc_full_period_anchored_w000_anchored_start03864_24steps_trace.json,0.0,0.0,0.0
full_period_anchored_w000,current_hybrid_transformer,0.0,3888,24,2020-05-19T18:25:00.000000000,2020-05-19T20:20:00.000000000,0.022686317834692698,0.3744068145751953,0.676569938659668,9.181583404541016,0.0,0.0,0.0040365017574368,0.3627257413124628,0.0,0.0,0.00032292014059494403,0.00032292014059494403,C:\repositories\strawberry\agc_mpc\results\control\summaries\current_hybrid_transformer_gradient_mpc_full_period_anchored_w000_anchored_start03888_24steps_trace.json,0.0,0.0,0.0
full_period_anchored_w000,current_hybrid_transformer,0.0,3912,24,2020-05-19T20:25:00.000000000,2020-05-19T22:20:00.000000000,0.014181472865554193,0.29184389114379883,0.8944358825683594,15.380168914794922,0.0,0.0,0.0,0.1730329136656344,0.0,0.0,0.0,0.0,C:\repositories\strawberry\agc_mpc\results\control\summaries\current_hybrid_transformer_gradient_mpc_full_period_anchored_w000_anchored_start03912_24steps_trace.json,nan,0.0,0.0
full_period_anchored_w000,current_hybrid_transformer,0.0,3936,24,2020-05-19T22:25:00.000000000,2020-05-20T00:20:00.000000000,0.04414951898312817,0.6634644865989685,1.295903205871582,60.08241653442383,0.0,0.0,0.0,0.15543168400788865,0.0,0.0,0.0,0.0,C:\repositories\strawberry\agc_mpc\results\control\summaries\current_hybrid_transformer_gradient_mpc_full_period_anchored_w000_anchored_start03936_24steps_trace.json,nan,0.0,0.0
full_period_anchored_w000,current_hybrid_transformer,0.0,3960,24,2020-05-20T00:25:00.000000000,2020-05-20T02:20:00.000000000,0.03030716263068219,0.514035165309906,0.6556704640388489,43.47389221191406,0.0,0.006854448250633201,0.0,0.16003175240286888,0.0,0.00027417793002532803,0.0,0.00027417793002532803,C:\repositories\strawberry\agc_mpc\results\control\summaries\current_hybrid_transformer_gradient_mpc_full_period_anchored_w000_anchored_start03960_24steps_trace.json,0.0,0.0,0.0
full_period_anchored_w000,current_hybrid_transformer,0.0,3984,24,2020-05-20T02:25:00.000000000,2020-05-20T04:20:00.000000000,0.03357024436506132,0.1270289421081543,0.28500238060951233,15.780776977539062,0.0,0.0,0.0,0.1364263239328932,0.0,0.0,0.0,0.0,C:\repositories\strawberry\agc_mpc\results\control\summaries\current_hybrid_transformer_gradient_mpc_full_period_anchored_w000_anchored_start03984_24steps_trace.json,nan,0.0,0.0
full_period_anchored_w000,current_hybrid_transformer,0.0,4008,24,2020-05-20T04:25:00.000000000,2020-05-20T06:20:00.000000000,0.054671974231799446,0.6038745045661926,0.7093397974967957,12.974861145019531,0.024752745903082646,0.0,0.0,0.1738100564669293,0.00020544779099558597,0.0,0.0,0.00020544779099558597,C:\repositories\strawberry\agc_mpc\results\control\summaries\current_hybrid_transformer_gradient_mpc_full_period_anchored_w000_anchored_start04008_24steps_trace.json,0.0,0.0,0.0
full_period_anchored_w000,current_hybrid_transformer,0.0,4032,24,2020-05-20T06:25:00.000000000,2020-05-20T08:20:00.000000000,0.038394712222119175,0.48800262808799744,0.9825261235237122,10.591720581054688,0.012302846258994147,0.0,0.003361625054629258,0.2840751078064835,0.00010211362394965142,0.0,0.00026893000437034064,0.00037104362831999206,C:\repositories\strawberry\agc_mpc\results\control\summaries\current_hybrid_transformer_gradient_mpc_full_period_anchored_w000_anchored_start04032_24steps_trace.json,0.0,0.0,0.0
full_period_anchored_w000,current_hybrid_transformer,0.0,4056,24,2020-05-20T08:25:00.000000000,2020-05-20T10:20:00.000000000,0.035802716156467795,0.8090092539787292,2.585232734680176,11.489245414733887,0.06765731659980903,0.0,0.008415550433053125,0.534885818044043,0.0005615557277784149,0.0,0.0006732440346442501,0.001234799762422665,C:\repositories\strawberry\agc_mpc\results\control\summaries\current_hybrid_transformer_gradient_mpc_full_period_anchored_w000_anchored_start04056_24steps_trace.json,0.0,0.0,0.0
full_period_anchored_w000,current_hybrid_transformer,0.0,4080,24,2020-05-20T10:25:00.000000000,2020-05-20T12:20:00.000000000,0.034491735976189375,0.21827340126037598,0.6616924405097961,11.933396339416504,0.0,0.005880771719414169,0.00952957932278418,0.7261319706070252,0.0,0.0004704617375531335,0.0007623663458227344,0.0012328280833758679,C:\repositories\strawberry\agc_mpc\results\control\summaries\current_hybrid_transformer_gradient_mpc_full_period_anchored_w000_anchored_start04080_24steps_trace.json,0.0,0.0,0.0
full_period_anchored_w000,current_hybrid_transformer,0.0,4104,24,2020-05-20T12:25:00.000000000,2020-05-20T14:20:00.000000000,0.05442808071772257,0.3635730743408203,0.9002304077148438,17.157442092895508,0.008002282677877214,0.021903197361809672,0.010898417103036028,0.8074689566922213,6.641894622638087e-05,0.0017522557889447737,0.0008718733682428823,0.002690548103414037,C:\repositories\strawberry\agc_mpc\results\control\summaries\current_hybrid_transformer_gradient_mpc_full_period_anchored_w000_anchored_start04104_24steps_trace.json,0.0,0.0,0.0
full_period_anchored_w000,current_hybrid_transformer,0.0,4128,24,2020-05-20T14:25:00.000000000,2020-05-20T16:20:00.000000000,0.06849963792289297,0.4466637074947357,0.9632506370544434,23.132070541381836,0.01054631497781402,0.01960251434395597,0.0073377270898334485,0.6173861839102064,8.753441431585637e-05,0.0015682011475164775,0.0005870181671866759,0.0022427537290190098,C:\repositories\strawberry\agc_mpc\results\control\summaries\current_hybrid_transformer_gradient_mpc_full_period_anchored_w000_anchored_start04128_24steps_trace.json,0.0,0.0,0.0
full_period_anchored_w000,current_hybrid_transformer,0.0,4152,24,2020-05-20T16:25:00.000000000,2020-05-20T18:20:00.000000000,0.06268724023054044,0.4199469983577728,1.226884365081787,20.822843551635742,0.06120539725074904,0.026476298158865652,0.008505854238275132,0.6769888855529576,0.000508004797181217,0.0021181038527092523,0.0006804683390620106,0.00330657698895248,C:\repositories\strawberry\agc_mpc\results\control\summaries\current_hybrid_transformer_gradient_mpc_full_period_anchored_w000_anchored_start04152_24steps_trace.json,0.0,0.0,0.0
full_period_anchored_w000,current_hybrid_transformer,0.0,4176,24,2020-05-20T18:25:00.000000000,2020-05-20T20:20:00.000000000,0.021876410387145977,0.4932570457458496,0.8561980128288269,11.254802703857422,0.0,0.0,0.004176844671057011,0.39444221110956834,0.0,0.0,0.00033414757368456087,0.00033414757368456087,C:\repositories\strawberry\agc_mpc\results\control\summaries\current_hybrid_transformer_gradient_mpc_full_period_anchored_w000_anchored_start04176_24steps_trace.json,0.0,0.0,0.0
full_period_anchored_w000,current_hybrid_transformer,0.0,4200,24,2020-05-20T20:25:00.000000000,2020-05-20T22:20:00.000000000,0.0235078491580983,0.3883651793003082,1.002463459968567,14.93659496307373,0.0,0.0,0.00048086363974762515,0.19463379713962872,0.0,0.0,3.8469091179810014e-05,3.8469091179810014e-05,C:\repositories\strawberry\agc_mpc\results\control\summaries\current_hybrid_transformer_gradient_mpc_full_period_anchored_w000_anchored_start04200_24steps_trace.json,0.0,0.0,0.0
full_period_anchored_w000,current_hybrid_transformer,0.0,4224,24,2020-05-20T22:25:00.000000000,2020-05-21T00:20:00.000000000,0.05729760369285941,0.6421289443969727,2.0949790477752686,75.64764404296875,0.0,0.0,0.0,0.18802772986299837,0.0,0.0,0.0,0.0,C:\repositories\strawberry\agc_mpc\results\control\summaries\current_hybrid_transformer_gradient_mpc_full_period_anchored_w000_anchored_start04224_24steps_trace.json,nan,0.0,0.0
full_period_anchored_w000,current_hybrid_transformer,0.0,4248,24,2020-05-21T00:25:00.000000000,2020-05-21T02:20:00.000000000,0.039904962526634336,0.5655123591423035,2.5860273838043213,39.84465408325195,0.0,0.0,0.0,0.15200331037299808,0.0,0.0,0.0,0.0,C:\repositories\strawberry\agc_mpc\results\control\summaries\current_hybrid_transformer_gradient_mpc_full_period_anchored_w000_anchored_start04248_24steps_trace.json,nan,0.0,0.0
full_period_anchored_w000,current_hybrid_transformer,0.0,4272,24,2020-05-21T02:25:00.000000000,2020-05-21T04:20:00.000000000,0.0507087972946465,0.12882296741008759,3.976094961166382,12.823280334472656,0.0,0.0,0.0,0.14239401619926256,0.0,0.0,0.0,0.0,C:\repositories\strawberry\agc_mpc\results\control\summaries\current_hybrid_transformer_gradient_mpc_full_period_anchored_w000_anchored_start04272_24steps_trace.json,nan,0.0,0.0
full_period_anchored_w000,current_hybrid_transformer,0.0,4296,24,2020-05-21T04:25:00.000000000,2020-05-21T06:20:00.000000000,0.04377221246249974,0.2863694727420807,0.7605794072151184,13.238578796386719,0.0018340376941031558,0.0,0.0,0.1784349294995639,1.5222512861056192e-05,0.0,0.0,1.5222512861056192e-05,C:\repositories\strawberry\agc_mpc\results\control\summaries\current_hybrid_transformer_gradient_mpc_full_period_anchored_w000_anchored_start04296_24steps_trace.json,0.0,0.0,0.0
full_period_anchored_w000,current_hybrid_transformer,0.0,4320,24,2020-05-21T06:25:00.000000000,2020-05-21T08:20:00.000000000,0.02929540436404447,0.283454567193985,0.5690323710441589,9.878857612609863,0.006350667943684385,0.0,0.0028389722552087434,0.27118884279014305,5.2710543932580396e-05,0.0,0.00022711778041669949,0.0002798283243492799,C:\repositories\strawberry\agc_mpc\results\control\summaries\current_hybrid_transformer_gradient_mpc_full_period_anchored_w000_anchored_start04320_24steps_trace.json,0.0,0.0,0.0
full_period_anchored_w000,current_hybrid_transformer,0.0,4344,24,2020-05-21T08:25:00.000000000,2020-05-21T10:20:00.000000000,0.03854430668676893,0.5238563418388367,2.792307138442993,13.62636947631836,0.0,0.0,0.007761521571931428,0.5081556774735476,0.0,0.0,0.0006209217257545143,0.0006209217257545143,C:\repositories\strawberry\agc_mpc\results\control\summaries\current_hybrid_transformer_gradient_mpc_full_period_anchored_w000_anchored_start04344_24steps_trace.json,0.0,0.0,0.0
full_period_anchored_w000,current_hybrid_transformer,0.0,4368,24,2020-05-21T10:25:00.000000000,2020-05-21T12:20:00.000000000,0.03822218890612324,0.45113348960876465,1.3101344108581543,7.531736850738525,0.0,0.0,0.009812105760830876,0.7249680392395105,0.0,0.0,0.00078496846086647,0.00078496846086647,C:\repositories\strawberry\agc_mpc\results\control\summaries\current_hybrid_transformer_gradient_mpc_full_period_anchored_w000_anchored_start04368_24steps_trace.json,0.0,0.0,0.0
full_period_anchored_w000,current_hybrid_transformer,0.0,4392,24,2020-05-21T12:25:00.000000000,2020-05-21T14:20:00.000000000,0.07226672737548749,0.6802815794944763,1.197837471961975,13.994879722595215,0.0,0.02394479665088277,0.011909672490618278,0.8548601624939886,0.0,0.0019155837320706216,0.0009527737992494623,0.0028683575313200836,C:\repositories\strawberry\agc_mpc\results\control\summaries\current_hybrid_transformer_gradient_mpc_full_period_anchored_w000_anchored_start04392_24steps_trace.json,0.0,0.0,0.0
full_period_anchored_w000,current_hybrid_transformer,0.0,4416,24,2020-05-21T14:25:00.000000000,2020-05-21T16:20:00.000000000,0.20146487466990948,1.1998757123947144,2.571213483810425,10.860767364501953,0.07201148755869333,0.04693092527625387,0.012384325487281175,0.9062044264249276,0.0005976953467371546,0.0037544740221003097,0.0009907460389824941,0.0053429154078199585,C:\repositories\strawberry\agc_mpc\results\control\summaries\current_hybrid_transformer_gradient_mpc_full_period_anchored_w000_anchored_start04416_24steps_trace.json,0.0,0.0,0.0
full_period_anchored_w000,current_hybrid_transformer,0.0,4440,24,2020-05-21T16:25:00.000000000,2020-05-21T18:20:00.000000000,0.24202198659380278,2.3445920944213867,1.7723206281661987,26.41822052001953,0.05938439904009824,0.05129265026157842,0.009654573965620132,0.7558439466867208,0.0004928905120328154,0.004103412020926274,0.0007723659172496106,0.0053686684502087,C:\repositories\strawberry\agc_mpc\results\control\summaries\current_hybrid_transformer_gradient_mpc_full_period_anchored_w000_anchored_start04440_24steps_trace.json,0.0,0.0,0.0
full_period_anchored_w000,current_hybrid_transformer,0.0,4464,24,2020-05-21T18:25:00.000000000,2020-05-21T20:20:00.000000000,0.19059017937009534,1.4437154531478882,2.778745651245117,20.59257698059082,0.027972540871393677,0.055135265379079076,0.006645142500677355,0.528316123718827,0.00023217208923256751,0.004410821230326326,0.0005316114000541884,0.005174604719613082,C:\repositories\strawberry\agc_mpc\results\control\summaries\current_hybrid_transformer_gradient_mpc_full_period_anchored_w000_anchored_start04464_24steps_trace.json,0.0,0.0,0.0
full_period_anchored_w000,current_hybrid_transformer,0.0,4488,24,2020-05-21T20:25:00.000000000,2020-05-21T22:20:00.000000000,0.07522350456565619,0.7047257423400879,2.1458282470703125,33.289024353027344,0.0,0.0,0.0013704236619496244,0.26669644454903435,0.0,0.0,0.00010963389295596995,0.00010963389295596995,C:\repositories\strawberry\agc_mpc\results\control\summaries\current_hybrid_transformer_gradient_mpc_full_period_anchored_w000_anchored_start04488_24steps_trace.json,0.0,0.0,0.0
full_period_anchored_w000,current_hybrid_transformer,0.0,4512,24,2020-05-21T22:25:00.000000000,2020-05-22T00:20:00.000000000,0.03853160523188611,0.29390692710876465,2.492429733276367,49.6165885925293,0.0,0.0,0.0,0.19425243213967835,0.0,0.0,0.0,0.0,C:\repositories\strawberry\agc_mpc\results\control\summaries\current_hybrid_transformer_gradient_mpc_full_period_anchored_w000_anchored_start04512_24steps_trace.json,nan,0.0,0.0
full_period_anchored_w000,current_hybrid_transformer,0.0,4536,24,2020-05-22T00:25:00.000000000,2020-05-22T02:20:00.000000000,0.024960336353008945,0.3338162899017334,0.8869155049324036,48.62818908691406,0.0,0.0012701908070555292,0.0,0.20409628049982714,0.0,5.080763228222117e-05,0.0,5.080763228222117e-05,C:\repositories\strawberry\agc_mpc\results\control\summaries\current_hybrid_transformer_gradient_mpc_full_period_anchored_w000_anchored_start04536_24steps_trace.json,0.0,0.0,0.0
full_period_anchored_w000,current_hybrid_transformer,0.0,4560,24,2020-05-22T02:25:00.000000000,2020-05-22T04:20:00.000000000,0.0634712795726955,0.1999846249818802,3.065477132797241,15.984130859375,0.0,0.0,0.0,0.15700198841561083,0.0,0.0,0.0,0.0,C:\repositories\strawberry\agc_mpc\results\control\summaries\current_hybrid_transformer_gradient_mpc_full_period_anchored_w000_anchored_start04560_24steps_trace.json,nan,0.0,0.0
full_period_anchored_w000,current_hybrid_transformer,0.0,4584,24,2020-05-22T04:25:00.000000000,2020-05-22T06:20:00.000000000,0.12480797866980235,0.531059980392456,5.2284650802612305,20.386137008666992,0.0,0.0,0.0005921852920362928,0.16053975534122494,0.0,0.0,4.737482336290342e-05,4.737482336290342e-05,C:\repositories\strawberry\agc_mpc\results\control\summaries\current_hybrid_transformer_gradient_mpc_full_period_anchored_w000_anchored_start04584_24steps_trace.json,0.0,0.0,0.0
full_period_anchored_w000,current_hybrid_transformer,0.0,4608,24,2020-05-22T06:25:00.000000000,2020-05-22T08:20:00.000000000,0.05178957191916803,0.4699627459049225,3.5275018215179443,14.772068977355957,0.0,0.0,0.0030184442231263615,0.20471116539485884,0.0,0.0,0.00024147553785010893,0.00024147553785010893,C:\repositories\strawberry\agc_mpc\results\control\summaries\current_hybrid_transformer_gradient_mpc_full_period_anchored_w000_anchored_start04608_24steps_trace.json,0.0,0.0,0.0
full_period_anchored_w000,current_hybrid_transformer,0.0,4632,24,2020-05-22T08:25:00.000000000,2020-05-22T10:20:00.000000000,0.13757620938122272,1.1250861883163452,6.40289831161499,18.996816635131836,0.05139988315331098,0.00566558264020357,0.006161068801134298,0.363822617397351,0.00042661903017248115,0.00045324661121628557,0.0004928855040907438,0.0013727511454795106,C:\repositories\strawberry\agc_mpc\results\control\summaries\current_hybrid_transformer_gradient_mpc_full_period_anchored_w000_anchored_start04632_24steps_trace.json,0.0,0.0,0.0
full_period_anchored_w000,current_hybrid_transformer,0.0,4656,24,2020-05-22T10:25:00.000000000,2020-05-22T12:20:00.000000000,0.06494340471302469,0.3073395788669586,0.7400066256523132,11.140403747558594,0.029063232940211545,0.0006804742223503748,0.007543067020672376,0.53785577617898,0.00024122483340375582,5.4437937788029985e-05,0.0006034453616537901,0.0008991081328455759,C:\repositories\strawberry\agc_mpc\results\control\summaries\current_hybrid_transformer_gradient_mpc_full_period_anchored_w000_anchored_start04656_24steps_trace.json,0.0,0.0,0.0
full_period_anchored_w000,current_hybrid_transformer,0.0,4680,24,2020-05-22T12:25:00.000000000,2020-05-22T14:20:00.000000000,0.0690218733313183,0.39388546347618103,1.09599769115448,28.676713943481445,0.08123598016203694,0.009595735602355989,0.009613389790643995,0.7104828534413636,0.0006742586353449066,0.0007676588481884791,0.0007690711832515196,0.002210988666784905,C:\repositories\strawberry\agc_mpc\results\control\summaries\current_hybrid_transformer_gradient_mpc_full_period_anchored_w000_anchored_start04680_24steps_trace.json,0.0,0.0,0.0
full_period_anchored_w000,current_hybrid_transformer,0.0,4704,24,2020-05-22T14:25:00.000000000,2020-05-22T16:20:00.000000000,0.08804516742626826,1.1347967386245728,2.8701159954071045,41.1082763671875,0.12356051524469205,0.002008987175458031,0.007430785296675028,0.47733852013088823,0.001025552276530944,0.0001607189740366425,0.0005944628237340023,0.001780734074301589,C:\repositories\strawberry\agc_mpc\results\control\summaries\current_hybrid_transformer_gradient_mpc_full_period_anchored_w000_anchored_start04704_24steps_trace.json,0.0,0.0,0.0
full_period_anchored_w000,current_hybrid_transformer,0.0,4728,24,2020-05-22T16:25:00.000000000,2020-05-22T18:20:00.000000000,0.07255289253468315,0.5991340279579163,1.9973620176315308,13.094199180603027,0.060794170834878675,0.0,0.007743577516087377,0.5375028607204029,0.000504591617929493,0.0,0.0006194862012869902,0.001124077819216483,C:\repositories\strawberry\agc_mpc\results\control\summaries\current_hybrid_transformer_gradient_mpc_full_period_anchored_w000_anchored_start04728_24steps_trace.json,0.0,0.0,0.0
full_period_anchored_w000,current_hybrid_transformer,0.0,4752,24,2020-05-22T18:25:00.000000000,2020-05-22T20:20:00.000000000,0.06454534456133842,0.7512465119361877,0.7798500061035156,14.11066722869873,0.04114996461479578,0.028327186125157347,0.005170208866171281,0.42609155477005867,0.000341544706302805,0.0022661748900125876,0.0004136167092937025,0.0030213363056090952,C:\repositories\strawberry\agc_mpc\results\control\summaries\current_hybrid_transformer_gradient_mpc_full_period_anchored_w000_anchored_start04752_24steps_trace.json,0.0,0.0,0.0
full_period_anchored_w000,current_hybrid_transformer,0.0,4776,24,2020-05-22T20:25:00.000000000,2020-05-22T22:20:00.000000000,0.058627441680679716,0.5702847838401794,2.6016082763671875,11.131253242492676,0.0,0.0,0.0012442801104822173,0.2311250946621095,0.0,0.0,9.954240883857739e-05,9.954240883857739e-05,C:\repositories\strawberry\agc_mpc\results\control\summaries\current_hybrid_transformer_gradient_mpc_full_period_anchored_w000_anchored_start04776_24steps_trace.json,0.0,0.0,0.0
full_period_anchored_w000,current_hybrid_transformer,0.0,4800,24,2020-05-22T22:25:00.000000000,2020-05-23T00:20:00.000000000,0.13262611658622822,1.0966999530792236,2.87827205657959,93.02228546142578,0.0,0.0,0.00039985662831490843,0.21461229843927138,0.0,0.0,3.1988530265192676e-05,3.1988530265192676e-05,C:\repositories\strawberry\agc_mpc\results\control\summaries\current_hybrid_transformer_gradient_mpc_full_period_anchored_w000_anchored_start04800_24steps_trace.json,0.0,0.0,0.0
full_period_anchored_w000,current_hybrid_transformer,0.0,4824,24,2020-05-23T00:25:00.000000000,2020-05-23T02:20:00.000000000,0.07598428909356396,0.9933391213417053,2.889883041381836,61.50358200073242,0.0,0.00010018860333326917,0.0,0.1696851185282639,0.0,4.0075441333307664e-06,0.0,4.0075441333307664e-06,C:\repositories\strawberry\agc_mpc\results\control\summaries\current_hybrid_transformer_gradient_mpc_full_period_anchored_w000_anchored_start04824_24steps_trace.json,0.0,0.0,0.0
full_period_anchored_w000,current_hybrid_transformer,0.0,4848,24,2020-05-23T02:25:00.000000000,2020-05-23T04:20:00.000000000,0.039884192713846765,0.4746061861515045,1.206480622291565,31.197919845581055,0.0,3.2177885716318025e-05,0.0,0.14532119181992015,0.0,1.287115428652721e-06,0.0,1.287115428652721e-06,C:\repositories\strawberry\agc_mpc\results\control\summaries\current_hybrid_transformer_gradient_mpc_full_period_anchored_w000_anchored_start04848_24steps_trace.json,0.0,0.0,0.0
full_period_anchored_w000,current_hybrid_transformer,0.0,4872,24,2020-05-23T04:25:00.000000000,2020-05-23T06:20:00.000000000,0.07891266870622833,0.15792115032672882,2.204029083251953,33.01405715942383,0.042492802614465794,0.0005836137241499802,0.0006195531066996491,0.21894983571832882,0.0003526902617000661,2.3344548965999207e-05,4.956424853597193e-05,0.0004255990592020372,C:\repositories\strawberry\agc_mpc\results\control\summaries\current_hybrid_transformer_gradient_mpc_full_period_anchored_w000_anchored_start04872_24steps_trace.json,0.0,0.0,0.0
full_period_anchored_w000,current_hybrid_transformer,0.0,4896,24,2020-05-23T06:25:00.000000000,2020-05-23T08:20:00.000000000,0.02952144023341437,0.3191932737827301,0.6820786595344543,9.57184886932373,0.027237827782234297,0.0,0.0026023364346194214,0.20508029977161374,0.00022607397059254468,0.0,0.00020818691476955371,0.0004342608853620984,C:\repositories\strawberry\agc_mpc\results\control\summaries\current_hybrid_transformer_gradient_mpc_full_period_anchored_w000_anchored_start04896_24steps_trace.json,0.0,0.0,0.0
full_period_anchored_w000,current_hybrid_transformer,0.0,4920,24,2020-05-23T08:25:00.000000000,2020-05-23T10:20:00.000000000,0.07497032623117168,0.5298331379890442,3.749171257019043,26.253646850585938,0.02499153186240237,0.0,0.005273197420742449,0.3376989632480619,0.00020742971445793966,0.0,0.0004218557936593959,0.0006292855081173356,C:\repositories\strawberry\agc_mpc\results\control\summaries\current_hybrid_transformer_gradient_mpc_full_period_anchored_w000_anchored_start04920_24steps_trace.json,0.0,0.0,0.0
full_period_anchored_w000,current_hybrid_transformer,0.0,4944,24,2020-05-23T10:25:00.000000000,2020-05-23T12:20:00.000000000,0.11392781821389993,1.2762460708618164,5.523807048797607,26.052444458007812,0.11426649064928592,0.0,0.011022685700220664,0.6885535788603484,0.0009484118723890731,0.0,0.0008818148560176531,0.0018302267284067263,C:\repositories\strawberry\agc_mpc\results\control\summaries\current_hybrid_transformer_gradient_mpc_full_period_anchored_w000_anchored_start04944_24steps_trace.json,0.0,0.0,0.0
full_period_anchored_w000,current_hybrid_transformer,0.0,4968,24,2020-05-23T12:25:00.000000000,2020-05-23T14:20:00.000000000,0.07367228452737133,0.80289226770401,2.707789182662964,30.697744369506836,0.0915263105559184,0.0,0.012767633744181462,0.8011607057985707,0.0007596683776141227,0.0,0.001021410699534517,0.0017810790771486398,C:\repositories\strawberry\agc_mpc\results\control\summaries\current_hybrid_transformer_gradient_mpc_full_period_anchored_w000_anchored_start04968_24steps_trace.json,0.0,0.0,0.0
full_period_anchored_w000,current_hybrid_transformer,0.0,4992,24,2020-05-23T14:25:00.000000000,2020-05-23T16:20:00.000000000,0.06571003266920646,0.9144743084907532,3.0309877395629883,32.669437408447266,0.10041460913564354,0.0,0.012542727149498369,0.793101550949126,0.0008334412558258414,0.0,0.0010034181719598696,0.001836859427785711,C:\repositories\strawberry\agc_mpc\results\control\summaries\current_hybrid_transformer_gradient_mpc_full_period_anchored_w000_anchored_start04992_24steps_trace.json,0.0,0.0,0.0
full_period_anchored_w000,current_hybrid_transformer,0.0,5016,24,2020-05-23T16:25:00.000000000,2020-05-23T18:20:00.000000000,0.04536400083452463,1.0412147045135498,1.0214322805404663,14.554569244384766,0.08128449294454766,0.0,0.008940957428241546,0.5801029092740932,0.0006746612914397456,0.0,0.0007152765942593236,0.0013899378856990692,C:\repositories\strawberry\agc_mpc\results\control\summaries\current_hybrid_transformer_gradient_mpc_full_period_anchored_w000_anchored_start05016_24steps_trace.json,0.0,0.0,0.0
full_period_anchored_w000,current_hybrid_transformer,0.0,5040,24,2020-05-23T18:25:00.000000000,2020-05-23T20:20:00.000000000,0.03881749169280132,0.42422518134117126,0.5999479293823242,19.758607864379883,0.0,0.0,0.005352057186329866,0.3865021991702664,0.0,0.0,0.0004281645749063893,0.0004281645749063893,C:\repositories\strawberry\agc_mpc\results\control\summaries\current_hybrid_transformer_gradient_mpc_full_period_anchored_w000_anchored_start05040_24steps_trace.json,0.0,0.0,0.0
full_period_anchored_w000,current_hybrid_transformer,0.0,5064,24,2020-05-23T20:25:00.000000000,2020-05-23T22:20:00.000000000,0.023354377791595955,0.4219329357147217,0.7761227488517761,9.887825012207031,0.0,0.0,0.0007841583099775344,0.1493528895415631,0.0,0.0,6.273266479820276e-05,6.273266479820276e-05,C:\repositories\strawberry\agc_mpc\results\control\summaries\current_hybrid_transformer_gradient_mpc_full_period_anchored_w000_anchored_start05064_24steps_trace.json,0.0,0.0,0.0
full_period_anchored_w000,current_hybrid_transformer,0.0,5088,24,2020-05-23T22:25:00.000000000,2020-05-24T00:20:00.000000000,0.09155853666986029,1.1634435653686523,2.338027000427246,83.02942657470703,0.0,0.0,0.0,0.15339790507506118,0.0,0.0,0.0,0.0,C:\repositories\strawberry\agc_mpc\results\control\summaries\current_hybrid_transformer_gradient_mpc_full_period_anchored_w000_anchored_start05088_24steps_trace.json,nan,0.0,0.0
full_period_anchored_w000,current_hybrid_transformer,0.0,5112,24,2020-05-24T00:25:00.000000000,2020-05-24T02:20:00.000000000,0.0483505647474279,0.9309596419334412,0.7957823872566223,64.51976776123047,0.0,0.015388457279926056,0.0,0.16845247920643025,0.0,0.0006155382911970423,0.0,0.0006155382911970423,C:\repositories\strawberry\agc_mpc\results\control\summaries\current_hybrid_transformer_gradient_mpc_full_period_anchored_w000_anchored_start05112_24steps_trace.json,0.0,0.0,0.0
full_period_anchored_w000,current_hybrid_transformer,0.0,5136,24,2020-05-24T02:25:00.000000000,2020-05-24T04:20:00.000000000,0.05034303905752798,0.5337772965431213,0.3447186052799225,43.97237014770508,0.0,0.0,0.0,0.14405531777248687,0.0,0.0,0.0,0.0,C:\repositories\strawberry\agc_mpc\results\control\summaries\current_hybrid_transformer_gradient_mpc_full_period_anchored_w000_anchored_start05136_24steps_trace.json,nan,0.0,0.0
full_period_anchored_w000,current_hybrid_transformer,0.0,5160,24,2020-05-24T04:25:00.000000000,2020-05-24T06:20:00.000000000,0.09344165880853932,0.3173848092556,1.9945602416992188,31.136520385742188,0.06411492514901897,0.0,0.0007844729034505714,0.20439339880294005,0.0005321538787368574,0.0,6.275783227604571e-05,0.0005949117110129031,C:\repositories\strawberry\agc_mpc\results\control\summaries\current_hybrid_transformer_gradient_mpc_full_period_anchored_w000_anchored_start05160_24steps_trace.json,0.0,0.0,0.0
full_period_anchored_w000,current_hybrid_transformer,0.0,5184,24,2020-05-24T06:25:00.000000000,2020-05-24T08:20:00.000000000,0.0334938868569831,0.6109946370124817,1.5265907049179077,11.124465942382812,0.05854003123136862,0.0,0.00410811876207447,0.2633148284408318,0.0004858822592203595,0.0,0.00032864950096595766,0.0008145317601863172,C:\repositories\strawberry\agc_mpc\results\control\summaries\current_hybrid_transformer_gradient_mpc_full_period_anchored_w000_anchored_start05184_24steps_trace.json,0.0,0.0,0.0
full_period_anchored_w000,current_hybrid_transformer,0.0,5208,24,2020-05-24T08:25:00.000000000,2020-05-24T10:20:00.000000000,0.06657737214118242,0.38416600227355957,2.1678617000579834,17.93195343017578,0.09326889533217982,0.0,0.0043203583344972925,0.27924233795397424,0.0007741318312570925,0.0,0.0003456286667597834,0.001119760498016876,C:\repositories\strawberry\agc_mpc\results\control\summaries\current_hybrid_transformer_gradient_mpc_full_period_anchored_w000_anchored_start05208_24steps_trace.json,0.0,0.0,0.0
full_period_anchored_w000,current_hybrid_transformer,0.0,5232,24,2020-05-24T10:25:00.000000000,2020-05-24T12:20:00.000000000,0.04456834588199854,0.30606499314308167,2.4795846939086914,19.113325119018555,0.22541072985013036,0.006051011026627183,0.0031132938295676386,0.2722108756921882,0.001870909057756082,0.0004840808821301747,0.0002490635063654111,0.002604053446251668,C:\repositories\strawberry\agc_mpc\results\control\summaries\current_hybrid_transformer_gradient_mpc_full_period_anchored_w000_anchored_start05232_24steps_trace.json,0.0,0.0,0.0
full_period_anchored_w000,current_hybrid_transformer,0.0,5256,24,2020-05-24T12:25:00.000000000,2020-05-24T14:20:00.000000000,0.0273014681879431,0.23215866088867188,1.3065319061279297,15.8539400100708,0.017862496394670864,0.0,0.0032010724036029546,0.23638660284314775,0.00014825872007576818,0.0,0.00025608579228823635,0.0004043445123640045,C:\repositories\strawberry\agc_mpc\results\control\summaries\current_hybrid_transformer_gradient_mpc_full_period_anchored_w000_anchored_start05256_24steps_trace.json,0.0,0.0,0.0
full_period_anchored_w000,current_hybrid_transformer,0.0,5280,24,2020-05-24T14:25:00.000000000,2020-05-24T16:20:00.000000000,0.038170104613527656,0.43506813049316406,2.0877788066864014,17.343679428100586,0.007636887503559954,0.0,0.0036383210437557732,0.24776472638015307,6.338616627954762e-05,0.0,0.00029106568350046187,0.0003544518497800095,C:\repositories\strawberry\agc_mpc\results\control\summaries\current_hybrid_transformer_gradient_mpc_full_period_anchored_w000_anchored_start05280_24steps_trace.json,0.0,0.0,0.0
full_period_anchored_w000,current_hybrid_transformer,0.0,5304,24,2020-05-24T16:25:00.000000000,2020-05-24T18:20:00.000000000,0.09253619735439618,0.5970751643180847,3.849897623062134,33.074153900146484,0.03192369974391139,0.0,0.0038152015398457717,0.28318431197010324,0.00026496670787446455,0.0,0.00030521612318766176,0.0005701828310621263,C:\repositories\strawberry\agc_mpc\results\control\summaries\current_hybrid_transformer_gradient_mpc_full_period_anchored_w000_anchored_start05304_24steps_trace.json,0.0,0.0,0.0
full_period_anchored_w000,current_hybrid_transformer,0.0,5328,24,2020-05-24T18:25:00.000000000,2020-05-24T20:20:00.000000000,0.05013165483251214,0.6879118084907532,1.5388396978378296,21.42436981201172,0.0,0.0,0.0032494929959105377,0.2288699546348406,0.0,0.0,0.00025995943967284304,0.00025995943967284304,C:\repositories\strawberry\agc_mpc\results\control\summaries\current_hybrid_transformer_gradient_mpc_full_period_anchored_w000_anchored_start05328_24steps_trace.json,0.0,0.0,0.0
full_period_anchored_w000,current_hybrid_transformer,0.0,5352,24,2020-05-24T20:25:00.000000000,2020-05-24T22:20:00.000000000,0.03996222458469371,0.6334352493286133,0.9495449066162109,35.264408111572266,0.0,0.0,0.0013929395861437086,0.14602296181577573,0.0,0.0,0.0001114351668914967,0.0001114351668914967,C:\repositories\strawberry\agc_mpc\results\control\summaries\current_hybrid_transformer_gradient_mpc_full_period_anchored_w000_anchored_start05352_24steps_trace.json,0.0,0.0,0.0
full_period_anchored_w000,current_hybrid_transformer,0.0,5376,24,2020-05-24T22:25:00.000000000,2020-05-25T00:20:00.000000000,0.04203834609749416,0.6211215853691101,1.1475919485092163,64.65447235107422,0.0,0.005198350813132572,0.0,0.16122826048351732,0.0,0.0002685814586785162,0.0,0.0002685814586785162,C:\repositories\strawberry\agc_mpc\results\control\summaries\current_hybrid_transformer_gradient_mpc_full_period_anchored_w000_anchored_start05376_24steps_trace.json,0.0,0.0,0.0
full_period_anchored_w000,current_hybrid_transformer,0.0,5400,24,2020-05-25T00:25:00.000000000,2020-05-25T02:20:00.000000000,0.03104927057089905,0.1526641845703125,1.2877813577651978,36.89517593383789,0.003033310047861374,0.0,0.0,0.1505167449336378,2.5176473397249407e-05,0.0,0.0,2.5176473397249407e-05,C:\repositories\strawberry\agc_mpc\results\control\summaries\current_hybrid_transformer_gradient_mpc_full_period_anchored_w000_anchored_start05400_24steps_trace.json,0.0,0.0,0.0
full_period_anchored_w000,current_hybrid_transformer,0.0,5424,24,2020-05-25T02:25:00.000000000,2020-05-25T04:20:00.000000000,0.03952976098905007,0.15662948787212372,0.984527587890625,21.09436798095703,0.0,0.0,0.0,0.1306191834474531,0.0,0.0,0.0,0.0,C:\repositories\strawberry\agc_mpc\results\control\summaries\current_hybrid_transformer_gradient_mpc_full_period_anchored_w000_anchored_start05424_24steps_trace.json,nan,0.0,0.0
full_period_anchored_w000,current_hybrid_transformer,0.0,5448,24,2020-05-25T04:25:00.000000000,2020-05-25T06:20:00.000000000,0.05902908214678367,0.5716277956962585,2.1898834705352783,10.169387817382812,0.05638435906838738,0.0,0.0,0.21394049066955612,0.0004679901802676153,0.0,0.0,0.0004679901802676153,C:\repositories\strawberry\agc_mpc\results\control\summaries\current_hybrid_transformer_gradient_mpc_full_period_anchored_w000_anchored_start05448_24steps_trace.json,0.0,0.0,0.0
full_period_anchored_w000,current_hybrid_transformer,0.0,5472,24,2020-05-25T06:25:00.000000000,2020-05-25T08:20:00.000000000,0.036755220809330545,0.2482459545135498,1.863406777381897,17.233932495117188,0.018656263958107162,0.0,0.0029145632188731984,0.2726109818707368,0.00015484699085228945,0.0,0.00023316505750985587,0.0003880120483621453,C:\repositories\strawberry\agc_mpc\results\control\summaries\current_hybrid_transformer_gradient_mpc_full_period_anchored_w000_anchored_start05472_24steps_trace.json,0.0,0.0,0.0
full_period_anchored_w000,current_hybrid_transformer,0.0,5496,24,2020-05-25T08:25:00.000000000,2020-05-25T10:20:00.000000000,0.07369690636793773,0.8108358979225159,4.20147180557251,18.6503963470459,0.05740631351144572,0.0,0.007355016218120043,0.5162237245137293,0.00047647240214499946,0.0,0.0005884012974496035,0.001064873699594603,C:\repositories\strawberry\agc_mpc\results\control\summaries\current_hybrid_transformer_gradient_mpc_full_period_anchored_w000_anchored_start05496_24steps_trace.json,0.0,0.0,0.0
full_period_anchored_w000,current_hybrid_transformer,0.0,5520,24,2020-05-25T10:25:00.000000000,2020-05-25T12:20:00.000000000,0.08147754085560639,0.3656715452671051,1.3371011018753052,26.73905372619629,0.05733041062451498,0.0,0.00955876666339147,0.7201872235292816,0.00047584240818347435,0.0,0.0007647013330713176,0.001240543741254792,C:\repositories\strawberry\agc_mpc\results\control\summaries\current_hybrid_transformer_gradient_mpc_full_period_anchored_w000_anchored_start05520_24steps_trace.json,0.0,0.0,0.0
full_period_anchored_w000,current_hybrid_transformer,0.0,5544,24,2020-05-25T12:25:00.000000000,2020-05-25T14:20:00.000000000,0.06471722153946757,0.47726336121559143,1.7473405599594116,25.038564682006836,0.036129527798428415,0.0,0.011404185138160081,0.7994633038723358,0.00029987508072695584,0.0,0.0009123348110528065,0.0012122098917797623,C:\repositories\strawberry\agc_mpc\results\control\summaries\current_hybrid_transformer_gradient_mpc_full_period_anchored_w000_anchored_start05544_24steps_trace.json,0.0,0.0,0.0
full_period_anchored_w000,current_hybrid_transformer,0.0,5568,24,2020-05-25T14:25:00.000000000,2020-05-25T16:20:00.000000000,0.05809041035051147,0.49760738015174866,1.072726845741272,23.973791122436523,0.003150071244492435,0.0,0.010673270374646266,0.7702889513661125,2.614559132928721e-05,0.0,0.0008538616299717012,0.0008800072213009884,C:\repositories\strawberry\agc_mpc\results\control\summaries\current_hybrid_transformer_gradient_mpc_full_period_anchored_w000_anchored_start05568_24steps_trace.json,0.0,0.0,0.0
full_period_anchored_w000,current_hybrid_transformer,0.0,5592,24,2020-05-25T16:25:00.000000000,2020-05-25T18:20:00.000000000,0.06217306565182904,0.3710201680660248,0.6686239242553711,25.15229606628418,0.036509178138049256,0.0,0.007958685386857619,0.6363399560167555,0.0003030261785458088,0.0,0.0006366948309486095,0.0009397210094944184,C:\repositories\strawberry\agc_mpc\results\control\summaries\current_hybrid_transformer_gradient_mpc_full_period_anchored_w000_anchored_start05592_24steps_trace.json,0.0,0.0,0.0
full_period_anchored_w000,current_hybrid_transformer,0.0,5616,24,2020-05-25T18:25:00.000000000,2020-05-25T20:20:00.000000000,0.047021168672169246,0.40411290526390076,0.5217345356941223,16.73301887512207,0.0,0.0,0.0035685662419294665,0.37085815660097654,0.0,0.0,0.0002854852993543573,0.0002854852993543573,C:\repositories\strawberry\agc_mpc\results\control\summaries\current_hybrid_transformer_gradient_mpc_full_period_anchored_w000_anchored_start05616_24steps_trace.json,0.0,0.0,0.0
full_period_anchored_w000,current_hybrid_transformer,0.0,5640,24,2020-05-25T20:25:00.000000000,2020-05-25T22:20:00.000000000,0.0300978512968868,0.4422684609889984,1.9694055318832397,23.068771362304688,0.0,0.0,0.0,0.16527862004404303,0.0,0.0,0.0,0.0,C:\repositories\strawberry\agc_mpc\results\control\summaries\current_hybrid_transformer_gradient_mpc_full_period_anchored_w000_anchored_start05640_24steps_trace.json,nan,0.0,0.0
full_period_anchored_w000,current_hybrid_transformer,0.0,5664,24,2020-05-25T22:25:00.000000000,2020-05-26T00:20:00.000000000,0.0659873600428303,0.9181509613990784,3.459118604660034,64.52130126953125,0.0,0.0,0.0,0.1315437798312173,0.0,0.0,0.0,0.0,C:\repositories\strawberry\agc_mpc\results\control\summaries\current_hybrid_transformer_gradient_mpc_full_period_anchored_w000_anchored_start05664_24steps_trace.json,nan,0.0,0.0
full_period_anchored_w000,current_hybrid_transformer,0.0,5688,24,2020-05-26T00:25:00.000000000,2020-05-26T02:20:00.000000000,0.03362817487989863,0.6861677765846252,1.7995014190673828,35.01498794555664,0.0,0.0,0.0,0.13925551675921616,0.0,0.0,0.0,0.0,C:\repositories\strawberry\agc_mpc\results\control\summaries\current_hybrid_transformer_gradient_mpc_full_period_anchored_w000_anchored_start05688_24steps_trace.json,nan,0.0,0.0
full_period_anchored_w000,current_hybrid_transformer,0.0,5712,24,2020-05-26T02:25:00.000000000,2020-05-26T04:20:00.000000000,0.034935776920368276,0.17698295414447784,0.5460570454597473,18.989118576049805,0.0,0.0,0.0,0.11098606425430992,0.0,0.0,0.0,0.0,C:\repositories\strawberry\agc_mpc\results\control\summaries\current_hybrid_transformer_gradient_mpc_full_period_anchored_w000_anchored_start05712_24steps_trace.json,nan,0.0,0.0
full_period_anchored_w000,current_hybrid_transformer,0.0,5736,24,2020-05-26T04:25:00.000000000,2020-05-26T06:20:00.000000000,0.05241835334648689,0.4777247905731201,0.6230395436286926,16.075559616088867,0.029660237381867367,0.0,0.0,0.14825617896740276,0.00024617997026949915,0.0,0.0,0.00024617997026949915,C:\repositories\strawberry\agc_mpc\results\control\summaries\current_hybrid_transformer_gradient_mpc_full_period_anchored_w000_anchored_start05736_24steps_trace.json,0.0,0.0,0.0
full_period_anchored_w000,current_hybrid_transformer,0.0,5760,24,2020-05-26T06:25:00.000000000,2020-05-26T08:20:00.000000000,0.05192218767479062,0.47257837653160095,1.3944870233535767,14.733154296875,0.01295079077396119,0.0,0.00241798656826791,0.24750345543561852,0.00010749156342387788,0.0,0.00019343892546143282,0.0003009304888853107,C:\repositories\strawberry\agc_mpc\results\control\summaries\current_hybrid_transformer_gradient_mpc_full_period_anchored_w000_anchored_start05760_24steps_trace.json,0.0,0.0,0.0
full_period_anchored_w000,current_hybrid_transformer,0.0,5784,24,2020-05-26T08:25:00.000000000,2020-05-26T10:20:00.000000000,0.05655784485861659,0.5953457355499268,2.8763558864593506,18.4012508392334,0.018200634882200584,0.0,0.008178089800491733,0.5216013390779577,0.00015106526952226484,0.0,0.0006542471840393386,0.0008053124535616035,C:\repositories\strawberry\agc_mpc\results\control\summaries\current_hybrid_transformer_gradient_mpc_full_period_anchored_w000_anchored_start05784_24steps_trace.json,0.0,0.0,0.0
full_period_anchored_w000,current_hybrid_transformer,0.0,5808,24,2020-05-26T10:25:00.000000000,2020-05-26T12:20:00.000000000,0.04261133773252368,0.2813474237918854,0.9894798398017883,10.237007141113281,0.04812370248134055,0.0,0.010801036910442022,0.7200900172733966,0.00039942673059512653,0.0,0.0008640829528353618,0.0012635096834304883,C:\repositories\strawberry\agc_mpc\results\control\summaries\current_hybrid_transformer_gradient_mpc_full_period_anchored_w000_anchored_start05808_24steps_trace.json,0.0,0.0,0.0
full_period_anchored_w000,current_hybrid_transformer,0.0,5832,24,2020-05-26T12:25:00.000000000,2020-05-26T14:20:00.000000000,0.06651669259493549,0.6753566861152649,1.156224250793457,7.515650272369385,0.03134584959570933,0.00861686164599404,0.011770262478908515,0.8231198154322447,0.00026017055164438745,0.0006893489316795231,0.0009416209983126812,0.0018911404816365919,C:\repositories\strawberry\agc_mpc\results\control\summaries\current_hybrid_transformer_gradient_mpc_full_period_anchored_w000_anchored_start05832_24steps_trace.json,0.0,0.0,0.0
full_period_anchored_w000,current_hybrid_transformer,0.0,5856,24,2020-05-26T14:25:00.000000000,2020-05-26T16:20:00.000000000,0.0617791215578715,0.5181732773780823,1.6493889093399048,6.864732265472412,0.0,0.0,0.010491038456334938,0.7787963889834335,0.0,0.0,0.0008392830765067951,0.0008392830765067951,C:\repositories\strawberry\agc_mpc\results\control\summaries\current_hybrid_transformer_gradient_mpc_full_period_anchored_w000_anchored_start05856_24steps_trace.json,0.0,0.0,0.0
full_period_anchored_w000,current_hybrid_transformer,0.0,5880,24,2020-05-26T16:25:00.000000000,2020-05-26T18:20:00.000000000,0.044752024890234075,0.386326402425766,0.8082225918769836,17.001474380493164,0.0,0.0,0.008130363941396067,0.6111818448004005,0.0,0.0,0.0006504291153116853,0.0006504291153116853,C:\repositories\strawberry\agc_mpc\results\control\summaries\current_hybrid_transformer_gradient_mpc_full_period_anchored_w000_anchored_start05880_24steps_trace.json,0.0,0.0,0.0
full_period_anchored_w000,current_hybrid_transformer,0.0,5904,24,2020-05-26T18:25:00.000000000,2020-05-26T20:20:00.000000000,0.04959975089877844,0.46362701058387756,0.8771041035652161,14.747997283935547,0.0,0.0,0.003360846494324066,0.3613216619091391,0.0,0.0,0.0002688677195459253,0.0002688677195459253,C:\repositories\strawberry\agc_mpc\results\control\summaries\current_hybrid_transformer_gradient_mpc_full_period_anchored_w000_anchored_start05904_24steps_trace.json,0.0,0.0,0.0
full_period_anchored_w000,current_hybrid_transformer,0.0,5928,24,2020-05-26T20:25:00.000000000,2020-05-26T22:20:00.000000000,0.04466120176948607,0.5248346328735352,1.7395564317703247,12.867840766906738,0.0,0.0,7.729597569551955e-05,0.19771243378570572,0.0,0.0,6.183678055641564e-06,6.183678055641564e-06,C:\repositories\strawberry\agc_mpc\results\control\summaries\current_hybrid_transformer_gradient_mpc_full_period_anchored_w000_anchored_start05928_24steps_trace.json,0.0,0.0,0.0
full_period_anchored_w000,current_hybrid_transformer,0.0,5952,24,2020-05-26T22:25:00.000000000,2020-05-27T00:20:00.000000000,0.06137667549774051,0.49328556656837463,2.5434606075286865,67.86336517333984,0.0,0.0,0.0,0.17372672097766467,0.0,0.0,0.0,0.0,C:\repositories\strawberry\agc_mpc\results\control\summaries\current_hybrid_transformer_gradient_mpc_full_period_anchored_w000_anchored_start05952_24steps_trace.json,nan,0.0,0.0
full_period_anchored_w000,current_hybrid_transformer,0.0,5976,24,2020-05-27T00:25:00.000000000,2020-05-27T02:20:00.000000000,0.03441524947993457,0.513921320438385,1.2985105514526367,46.301910400390625,0.0,0.0,0.0,0.1486813072417502,0.0,0.0,0.0,0.0,C:\repositories\strawberry\agc_mpc\results\control\summaries\current_hybrid_transformer_gradient_mpc_full_period_anchored_w000_anchored_start05976_24steps_trace.json,nan,0.0,0.0
full_period_anchored_w000,current_hybrid_transformer,0.0,6000,24,2020-05-27T02:25:00.000000000,2020-05-27T04:20:00.000000000,0.042929488544662796,0.25454044342041016,2.0468552112579346,25.75181007385254,0.0,0.0,0.0,0.11531557474945671,0.0,0.0,0.0,0.0,C:\repositories\strawberry\agc_mpc\results\control\summaries\current_hybrid_transformer_gradient_mpc_full_period_anchored_w000_anchored_start06000_24steps_trace.json,nan,0.0,0.0
full_period_anchored_w000,current_hybrid_transformer,0.0,6024,24,2020-05-27T04:25:00.000000000,2020-05-27T06:20:00.000000000,0.07127210994561513,0.2183794230222702,1.5644668340682983,23.24913215637207,0.04076707920654419,0.0,0.0,0.19690102683019042,0.00033836675741431675,0.0,0.0,0.00033836675741431675,C:\repositories\strawberry\agc_mpc\results\control\summaries\current_hybrid_transformer_gradient_mpc_full_period_anchored_w000_anchored_start06024_24steps_trace.json,0.0,0.0,0.0
full_period_anchored_w000,current_hybrid_transformer,0.0,6048,24,2020-05-27T06:25:00.000000000,2020-05-27T08:20:00.000000000,0.03536056090767185,0.6334240436553955,1.8099063634872437,14.697672843933105,0.03861093560523618,0.0,0.003109302007887557,0.2819684525020647,0.00032047076552346027,0.0,0.00024874416063100455,0.0005692149261544648,C:\repositories\strawberry\agc_mpc\results\control\summaries\current_hybrid_transformer_gradient_mpc_full_period_anchored_w000_anchored_start06048_24steps_trace.json,0.0,0.0,0.0
full_period_anchored_w000,current_hybrid_transformer,0.0,6072,24,2020-05-27T08:25:00.000000000,2020-05-27T10:20:00.000000000,0.03442839067429304,0.40434813499450684,2.4081411361694336,13.367541313171387,0.007173788619675778,0.0,0.008185864855704616,0.5342968792073403,5.954244554330896e-05,0.0,0.0006548691884563693,0.0007144116339996783,C:\repositories\strawberry\agc_mpc\results\control\summaries\current_hybrid_transformer_gradient_mpc_full_period_anchored_w000_anchored_start06072_24steps_trace.json,0.0,0.0,0.0
full_period_anchored_w000,current_hybrid_transformer,0.0,6096,24,2020-05-27T10:25:00.000000000,2020-05-27T12:20:00.000000000,0.034062913075710334,0.1608537882566452,0.4536628723144531,14.531432151794434,0.010996125351727021,0.0,0.01026992196038467,0.7393952370946868,9.126784041933428e-05,0.0,0.0008215937568307736,0.0009128615972501079,C:\repositories\strawberry\agc_mpc\results\control\summaries\current_hybrid_transformer_gradient_mpc_full_period_anchored_w000_anchored_start06096_24steps_trace.json,0.0,0.0,0.0
full_period_anchored_w000,current_hybrid_transformer,0.0,6120,24,2020-05-27T12:25:00.000000000,2020-05-27T14:20:00.000000000,0.04507977965598305,0.31453195214271545,1.0689210891723633,6.312709808349609,0.011339069363899815,0.0,0.011884550308219966,0.8143162841911269,9.411427572036847e-05,0.0,0.0009507640246575972,0.0010448783003779657,C:\repositories\strawberry\agc_mpc\results\control\summaries\current_hybrid_transformer_gradient_mpc_full_period_anchored_w000_anchored_start06120_24steps_trace.json,0.0,0.0,0.0
full_period_anchored_w000,current_hybrid_transformer,0.0,6144,24,2020-05-27T14:25:00.000000000,2020-05-27T16:20:00.000000000,0.06193882661561171,0.777927815914154,1.8895984888076782,24.96977424621582,0.004061302052062538,0.0,0.010515356046931223,0.7501538186569614,3.370880703211906e-05,0.0,0.0008412284837544978,0.0008749372907866169,C:\repositories\strawberry\agc_mpc\results\control\summaries\current_hybrid_transformer_gradient_mpc_full_period_anchored_w000_anchored_start06144_24steps_trace.json,0.0,0.0,0.0
full_period_anchored_w000,current_hybrid_transformer,0.0,6168,24,2020-05-27T16:25:00.000000000,2020-05-27T18:20:00.000000000,0.04580025988010069,0.29955753684043884,1.0631890296936035,17.092248916625977,0.059240569221170526,0.0,0.007183004776661603,0.5891808254307097,0.0004916967245357154,0.0,0.0005746403821329282,0.0010663371066686436,C:\repositories\strawberry\agc_mpc\results\control\summaries\current_hybrid_transformer_gradient_mpc_full_period_anchored_w000_anchored_start06168_24steps_trace.json,0.0,0.0,0.0
full_period_anchored_w000,current_hybrid_transformer,0.0,6192,24,2020-05-27T18:25:00.000000000,2020-05-27T20:20:00.000000000,0.0613426105119288,0.4912804067134857,0.7169189453125,20.917245864868164,0.0,0.0,0.003819144819310773,0.37984728450885397,0.0,0.0,0.00030553158554486184,0.00030553158554486184,C:\repositories\strawberry\agc_mpc\results\control\summaries\current_hybrid_transformer_gradient_mpc_full_period_anchored_w000_anchored_start06192_24steps_trace.json,0.0,0.0,0.0
full_period_anchored_w000,current_hybrid_transformer,0.0,6216,24,2020-05-27T20:25:00.000000000,2020-05-27T22:20:00.000000000,0.0279678200216343,0.6053199768066406,1.1446336507797241,25.191926956176758,0.0,0.0,5.688985234881613e-06,0.18401725635192592,0.0,0.0,4.5511881879052904e-07,4.5511881879052904e-07,C:\repositories\strawberry\agc_mpc\results\control\summaries\current_hybrid_transformer_gradient_mpc_full_period_anchored_w000_anchored_start06216_24steps_trace.json,0.0,0.0,0.0
full_period_anchored_w000,current_hybrid_transformer,0.0,6240,24,2020-05-27T22:25:00.000000000,2020-05-28T00:20:00.000000000,0.14390191769537827,1.4080982208251953,2.9485414028167725,99.2980728149414,0.0,0.0,0.0,0.12960782366179005,0.0,0.0,0.0,0.0,C:\repositories\strawberry\agc_mpc\results\control\summaries\current_hybrid_transformer_gradient_mpc_full_period_anchored_w000_anchored_start06240_24steps_trace.json,nan,0.0,0.0
full_period_anchored_w000,current_hybrid_transformer,0.0,6264,24,2020-05-28T00:25:00.000000000,2020-05-28T02:20:00.000000000,0.07423691436027487,1.178019404411316,3.4142730236053467,54.11187744140625,0.0,0.0,0.0,0.11042890680196554,0.0,0.0,0.0,0.0,C:\repositories\strawberry\agc_mpc\results\control\summaries\current_hybrid_transformer_gradient_mpc_full_period_anchored_w000_anchored_start06264_24steps_trace.json,nan,0.0,0.0
full_period_anchored_w000,current_hybrid_transformer,0.0,6288,24,2020-05-28T02:25:00.000000000,2020-05-28T04:20:00.000000000,0.04513573677589496,0.6337742209434509,1.2223905324935913,54.395416259765625,0.0,0.0,0.0,0.10522058196536979,0.0,0.0,0.0,0.0,C:\repositories\strawberry\agc_mpc\results\control\summaries\current_hybrid_transformer_gradient_mpc_full_period_anchored_w000_anchored_start06288_24steps_trace.json,nan,0.0,0.0
full_period_anchored_w000,current_hybrid_transformer,0.0,6312,24,2020-05-28T04:25:00.000000000,2020-05-28T06:20:00.000000000,0.07460617600008845,0.3233266770839691,1.3629337549209595,19.825796127319336,0.043079754504547166,0.0,0.0,0.12453510941708008,0.0003575619623877415,0.0,0.0,0.0003575619623877415,C:\repositories\strawberry\agc_mpc\results\control\summaries\current_hybrid_transformer_gradient_mpc_full_period_anchored_w000_anchored_start06312_24steps_trace.json,0.0,0.0,0.0
full_period_anchored_w000,current_hybrid_transformer,0.0,6336,24,2020-05-28T06:25:00.000000000,2020-05-28T08:20:00.000000000,0.033814686195304,0.6961552500724792,2.2778818607330322,16.360986709594727,0.0411843586916574,0.0,0.002593075904995862,0.26753892604951124,0.00034183017714075643,0.0,0.00020744607239966896,0.0005492762495404255,C:\repositories\strawberry\agc_mpc\results\control\summaries\current_hybrid_transformer_gradient_mpc_full_period_anchored_w000_anchored_start06336_24steps_trace.json,0.0,0.0,0.0
full_period_anchored_w000,current_hybrid_transformer,0.0,6360,24,2020-05-28T08:25:00.000000000,2020-05-28T10:20:00.000000000,0.050553493201732635,0.5449976921081543,4.560729503631592,14.367037773132324,0.1125002322964161,0.0,0.008297373753419178,0.49214467691482305,0.0009337519280602537,0.0,0.0006637899002735342,0.001597541828333788,C:\repositories\strawberry\agc_mpc\results\control\summaries\current_hybrid_transformer_gradient_mpc_full_period_anchored_w000_anchored_start06360_24steps_trace.json,0.0,0.0,0.0
full_period_anchored_w000,current_hybrid_transformer,0.0,6384,24,2020-05-28T10:25:00.000000000,2020-05-28T12:20:00.000000000,0.04832457021499673,0.39687713980674744,1.6279221773147583,9.383210182189941,0.046912403696722504,0.0,0.009550692942912806,0.7050970877541733,0.0003893729506827968,0.0,0.0007640554354330245,0.0011534283861158214,C:\repositories\strawberry\agc_mpc\results\control\summaries\current_hybrid_transformer_gradient_mpc_full_period_anchored_w000_anchored_start06384_24steps_trace.json,0.0,0.0,0.0
full_period_anchored_w000,current_hybrid_transformer,0.0,6408,24,2020-05-28T12:25:00.000000000,2020-05-28T14:20:00.000000000,0.0794709154094259,0.3776830732822418,0.882223904132843,24.7302188873291,0.04341218479639362,0.015516449211574317,0.011578077518028747,0.8197255176838729,0.000360321133810067,0.0012413159369259455,0.0009262462014422998,0.0025278832721783123,C:\repositories\strawberry\agc_mpc\results\control\summaries\current_hybrid_transformer_gradient_mpc_full_period_anchored_w000_anchored_start06408_24steps_trace.json,0.0,0.0,0.0
full_period_anchored_w000,current_hybrid_transformer,0.0,6432,24,2020-05-28T14:25:00.000000000,2020-05-28T16:20:00.000000000,0.0952614126726985,0.3106704652309418,0.827381432056427,27.149248123168945,0.039956972081083564,0.02024084195957071,0.011300627320064463,0.7958112721178967,0.0003316428682729936,0.001619267356765657,0.0009040501856051571,0.0028549604106438077,C:\repositories\strawberry\agc_mpc\results\control\summaries\current_hybrid_transformer_gradient_mpc_full_period_anchored_w000_anchored_start06432_24steps_trace.json,0.0,0.0,0.0
full_period_anchored_w000,current_hybrid_transformer,0.0,6456,24,2020-05-28T16:25:00.000000000,2020-05-28T18:20:00.000000000,0.06287327781319618,0.4953737258911133,1.1032023429870605,25.14088249206543,0.029021327738367814,0.002774779539642392,0.008440472825391444,0.6424939869824885,0.00024087702022845286,0.0002219823631713914,0.0006752378260313155,0.0011380972094311597,C:\repositories\strawberry\agc_mpc\results\control\summaries\current_hybrid_transformer_gradient_mpc_full_period_anchored_w000_anchored_start06456_24steps_trace.json,0.0,0.0,0.0
full_period_anchored_w000,current_hybrid_transformer,0.0,6480,24,2020-05-28T18:25:00.000000000,2020-05-28T20:20:00.000000000,0.03551379614509642,0.30090561509132385,0.5099329948425293,24.48243522644043,0.0,0.0,0.003973310973584107,0.37920281669095407,0.0,0.0,0.0003178648778867286,0.0003178648778867286,C:\repositories\strawberry\agc_mpc\results\control\summaries\current_hybrid_transformer_gradient_mpc_full_period_anchored_w000_anchored_start06480_24steps_trace.json,0.0,0.0,0.0
full_period_anchored_w000,current_hybrid_transformer,0.0,6504,24,2020-05-28T20:25:00.000000000,2020-05-28T22:20:00.000000000,0.030765831470489502,0.6094200611114502,0.6968474388122559,12.175193786621094,0.0,0.0,0.0,0.15492091873093392,0.0,0.0,0.0,0.0,C:\repositories\strawberry\agc_mpc\results\control\summaries\current_hybrid_transformer_gradient_mpc_full_period_anchored_w000_anchored_start06504_24steps_trace.json,nan,0.0,0.0
full_period_anchored_w000,current_hybrid_transformer,0.0,6528,24,2020-05-28T22:25:00.000000000,2020-05-29T00:20:00.000000000,0.12027209888522823,1.1121455430984497,3.2146294116973877,85.87479400634766,0.0,0.0,0.0,0.1306135808238276,0.0,0.0,0.0,0.0,C:\repositories\strawberry\agc_mpc\results\control\summaries\current_hybrid_transformer_gradient_mpc_full_period_anchored_w000_anchored_start06528_24steps_trace.json,nan,0.0,0.0
full_period_anchored_w000,current_hybrid_transformer,0.0,6552,24,2020-05-29T00:25:00.000000000,2020-05-29T02:20:00.000000000,0.09812276375790437,1.1039791107177734,3.478937864303589,73.54345703125,0.0,0.0,0.0,0.1089337687737121,0.0,0.0,0.0,0.0,C:\repositories\strawberry\agc_mpc\results\control\summaries\current_hybrid_transformer_gradient_mpc_full_period_anchored_w000_anchored_start06552_24steps_trace.json,nan,0.0,0.0
full_period_anchored_w000,current_hybrid_transformer,0.0,6576,24,2020-05-29T02:25:00.000000000,2020-05-29T04:20:00.000000000,0.045103315729647875,0.5900254249572754,1.183211326599121,46.085418701171875,0.02272232907266991,0.0,0.0,0.09514913963977026,0.00018859533130316026,0.0,0.0,0.00018859533130316026,C:\repositories\strawberry\agc_mpc\results\control\summaries\current_hybrid_transformer_gradient_mpc_full_period_anchored_w000_anchored_start06576_24steps_trace.json,0.0,0.0,0.0
full_period_anchored_w000,current_hybrid_transformer,0.0,6600,24,2020-05-29T04:25:00.000000000,2020-05-29T06:20:00.000000000,0.08633089624345303,0.36044201254844666,1.5458770990371704,22.68480110168457,0.0588652627511211,0.0,0.0,0.1277977224951039,0.0004885816808343051,0.0,0.0,0.0004885816808343051,C:\repositories\strawberry\agc_mpc\results\control\summaries\current_hybrid_transformer_gradient_mpc_full_period_anchored_w000_anchored_start06600_24steps_trace.json,0.0,0.0,0.0
full_period_anchored_w000,current_hybrid_transformer,0.0,6624,24,2020-05-29T06:25:00.000000000,2020-05-29T08:20:00.000000000,0.06189218737805883,0.7982470989227295,2.2630927562713623,19.195375442504883,0.06600555478896006,0.0,0.0035262177599520517,0.2796631054856328,0.0005478461047483685,0.0,0.00028209742079616417,0.0008299435255445327,C:\repositories\strawberry\agc_mpc\results\control\summaries\current_hybrid_transformer_gradient_mpc_full_period_anchored_w000_anchored_start06624_24steps_trace.json,0.0,0.0,0.0
full_period_anchored_w000,current_hybrid_transformer,0.0,6648,24,2020-05-29T08:25:00.000000000,2020-05-29T10:20:00.000000000,0.06566393189132214,0.36407217383384705,4.2590484619140625,16.695741653442383,0.07214565744041815,0.0,0.00772062801634713,0.4900931868931404,0.0005988089567554707,0.0,0.0006176502413077704,0.0012164591980632412,C:\repositories\strawberry\agc_mpc\results\control\summaries\current_hybrid_transformer_gradient_mpc_full_period_anchored_w000_anchored_start06648_24steps_trace.json,0.0,0.0,0.0
full_period_anchored_w000,current_hybrid_transformer,0.0,6672,24,2020-05-29T10:25:00.000000000,2020-05-29T12:20:00.000000000,0.059408520736421146,1.1033927202224731,2.6223385334014893,12.147708892822266,0.07025136378518915,0.0,0.00909335297375917,0.6863177354110529,0.00058308631941707,0.0,0.0007274682379007336,0.0013105545573178037,C:\repositories\strawberry\agc_mpc\results\control\summaries\current_hybrid_transformer_gradient_mpc_full_period_anchored_w000_anchored_start06672_24steps_trace.json,0.0,0.0,0.0
full_period_anchored_w000,current_hybrid_transformer,0.0,6696,24,2020-05-29T12:25:00.000000000,2020-05-29T14:20:00.000000000,0.06715442628289263,0.5254204869270325,1.076410174369812,22.443479537963867,0.03544356013394208,0.015062287383494322,0.011168751235996557,0.8425521724142195,0.0002941815491117193,0.0012049829906795458,0.0008935000988797246,0.00239266463867099,C:\repositories\strawberry\agc_mpc\results\control\summaries\current_hybrid_transformer_gradient_mpc_full_period_anchored_w000_anchored_start06696_24steps_trace.json,0.0,0.0,0.0
full_period_anchored_w000,current_hybrid_transformer,0.0,6720,24,2020-05-29T14:25:00.000000000,2020-05-29T16:20:00.000000000,0.07102667323003213,0.6785200238227844,1.3955434560775757,32.48188400268555,0.0,0.017373262978255852,0.01039941751883098,0.7915927921539933,0.0,0.0013898610382604682,0.0008319534015064783,0.0022218144397669467,C:\repositories\strawberry\agc_mpc\results\control\summaries\current_hybrid_transformer_gradient_mpc_full_period_anchored_w000_anchored_start06720_24steps_trace.json,0.0,0.0,0.0
full_period_anchored_w000,current_hybrid_transformer,0.0,6744,24,2020-05-29T16:25:00.000000000,2020-05-29T18:20:00.000000000,0.03882485255599022,0.2504003047943115,0.6463990211486816,39.59238052368164,0.0,0.0,0.007005967186888659,0.5932929854077902,0.0,0.0,0.0005604773749510927,0.0005604773749510927,C:\repositories\strawberry\agc_mpc\results\control\summaries\current_hybrid_transformer_gradient_mpc_full_period_anchored_w000_anchored_start06744_24steps_trace.json,0.0,0.0,0.0
full_period_anchored_w000,current_hybrid_transformer,0.0,6768,24,2020-05-29T18:25:00.000000000,2020-05-29T20:20:00.000000000,0.04371879048024615,0.1953192502260208,0.7331574559211731,46.4822998046875,0.0,0.0,0.003077050447343406,0.35554376965782125,0.0,0.0,0.0002461640357874725,0.0002461640357874725,C:\repositories\strawberry\agc_mpc\results\control\summaries\current_hybrid_transformer_gradient_mpc_full_period_anchored_w000_anchored_start06768_24steps_trace.json,0.0,0.0,0.0
full_period_anchored_w000,itransformer_co2_residual,0.0,0,24,2020-05-06T06:25:00.000000000,2020-05-06T08:20:00.000000000,0.024423466296866536,0.13579034805297852,1.0024627447128296,2.9384231567382812,0.12167445612925834,0.006312803987636919,0.002798458481871429,0.2533827862207034,0.0010098979858728441,0.00043137493915518943,0.0002238766785497143,0.0016651496035777478,C:\repositories\strawberry\agc_mpc\results\control\summaries\itransformer_co2_residual_gradient_mpc_full_period_anchored_w000_anchored_start00000_24steps_trace.json,0.0,0.0,0.0
full_period_anchored_w000,itransformer_co2_residual,0.0,24,24,2020-05-06T08:25:00.000000000,2020-05-06T10:20:00.000000000,0.05247710381324092,0.22836725413799286,0.6144329905509949,2.852386474609375,0.05810023957011763,0.00471990687194832,0.007030604895843739,0.5041975539518417,0.00048223198843197636,0.0003775925497558656,0.0005624483916674991,0.0014222729298553412,C:\repositories\strawberry\agc_mpc\results\control\summaries\itransformer_co2_residual_gradient_mpc_full_period_anchored_w000_anchored_start00024_24steps_trace.json,0.0,0.0,0.0
full_period_anchored_w000,itransformer_co2_residual,0.0,48,24,2020-05-06T10:25:00.000000000,2020-05-06T12:20:00.000000000,0.0616709035821259,0.5361962914466858,1.0279899835586548,5.470067501068115,0.011869814230152037,0.011176411130119789,0.011277837157213456,0.7246021737755637,9.85194581102619e-05,0.0008941128904095832,0.0009022269725770765,0.0018948593210969217,C:\repositories\strawberry\agc_mpc\results\control\summaries\itransformer_co2_residual_gradient_mpc_full_period_anchored_w000_anchored_start00048_24steps_trace.json,0.0,0.0,0.0
full_period_anchored_w000,itransformer_co2_residual,0.0,72,24,2020-05-06T12:25:00.000000000,2020-05-06T14:20:00.000000000,0.03938003443181515,0.3071472644805908,0.5079701542854309,9.802810668945312,0.04160485743508999,0.020631524974986076,0.012524890078835085,0.8157979707501428,0.0003453203167112469,0.001650521997998886,0.0010019912063068067,0.0029978335210169398,C:\repositories\strawberry\agc_mpc\results\control\summaries\itransformer_co2_residual_gradient_mpc_full_period_anchored_w000_anchored_start00072_24steps_trace.json,0.0,0.0,0.0
full_period_anchored_w000,itransformer_co2_residual,0.0,96,24,2020-05-06T14:25:00.000000000,2020-05-06T16:20:00.000000000,0.03260165957423548,0.4548974931240082,0.3955892026424408,9.966212272644043,0.007122253085179048,0.022503088306958272,0.01190749820418954,0.7688238751418848,5.91147006069861e-05,0.0018002470645566617,0.0009525998563351632,0.002811961621498811,C:\repositories\strawberry\agc_mpc\results\control\summaries\itransformer_co2_residual_gradient_mpc_full_period_anchored_w000_anchored_start00096_24steps_trace.json,0.0,0.0,0.0
full_period_anchored_w000,itransformer_co2_residual,0.0,120,24,2020-05-06T16:25:00.000000000,2020-05-06T18:20:00.000000000,0.07012799226989348,0.37767887115478516,0.24908511340618134,5.593228816986084,0.05526570221009398,0.02020260896191515,0.00983655778783826,0.596491035988209,0.00045870532834378,0.001616208716953212,0.0007869246230270608,0.0028618386683240526,C:\repositories\strawberry\agc_mpc\results\control\summaries\itransformer_co2_residual_gradient_mpc_full_period_anchored_w000_anchored_start00120_24steps_trace.json,0.0,0.0,0.0
full_period_anchored_w000,itransformer_co2_residual,0.0,144,24,2020-05-06T18:25:00.000000000,2020-05-06T20:20:00.000000000,0.07474100760494669,0.40787315368652344,0.51774662733078,2.373601198196411,0.0,0.022027992471112787,0.005357110160428076,0.36547543267006066,0.0,0.001762239397689023,0.0004285688128342461,0.002190808210523269,C:\repositories\strawberry\agc_mpc\results\control\summaries\itransformer_co2_residual_gradient_mpc_full_period_anchored_w000_anchored_start00144_24steps_trace.json,0.0,0.0,0.0
full_period_anchored_w000,itransformer_co2_residual,0.0,168,24,2020-05-06T20:25:00.000000000,2020-05-06T22:20:00.000000000,0.0250712838023901,0.3783336579799652,0.3882991373538971,25.373498916625977,0.0,0.02319273862381102,0.0,0.19401968959324584,0.0,0.0018554190899048818,0.0,0.0018554190899048818,C:\repositories\strawberry\agc_mpc\results\control\summaries\itransformer_co2_residual_gradient_mpc_full_period_anchored_w000_anchored_start00168_24steps_trace.json,0.0,0.0,0.0
full_period_anchored_w000,itransformer_co2_residual,0.0,192,24,2020-05-06T22:25:00.000000000,2020-05-07T00:20:00.000000000,0.02017222352636357,0.23113131523132324,0.40006223320961,17.076568603515625,0.0,0.023382126872313523,0.0,0.16614542880008498,0.0,0.001208076555069532,0.0,0.001208076555069532,C:\repositories\strawberry\agc_mpc\results\control\summaries\itransformer_co2_residual_gradient_mpc_full_period_anchored_w000_anchored_start00192_24steps_trace.json,0.0,0.0,0.0
full_period_anchored_w000,itransformer_co2_residual,0.0,216,24,2020-05-07T00:25:00.000000000,2020-05-07T02:20:00.000000000,0.026149919411788385,0.11246887594461441,0.9550943374633789,10.387947082519531,0.022844881550061348,0.03483519484252333,0.0,0.18667218126729906,0.0001896125168655092,0.0013934077937009333,0.0,0.0015830203105664424,C:\repositories\strawberry\agc_mpc\results\control\summaries\itransformer_co2_residual_gradient_mpc_full_period_anchored_w000_anchored_start00216_24steps_trace.json,0.0,0.0,0.0
full_period_anchored_w000,itransformer_co2_residual,0.0,240,24,2020-05-07T02:25:00.000000000,2020-05-07T04:20:00.000000000,0.03449704467008511,0.1846500188112259,1.1758142709732056,20.02402687072754,0.06969441807318753,0.029347603618673397,0.0,0.18774793500734033,0.0005784636700074565,0.001173904144746936,0.0,0.0017523678147543923,C:\repositories\strawberry\agc_mpc\results\control\summaries\itransformer_co2_residual_gradient_mpc_full_period_anchored_w000_anchored_start00240_24steps_trace.json,0.0,0.0,0.0
full_period_anchored_w000,itransformer_co2_residual,0.0,264,24,2020-05-07T04:25:00.000000000,2020-05-07T06:20:00.000000000,0.046333481751692794,0.22101528942584991,0.6836729049682617,14.668286323547363,0.08840833760171452,0.018643838418369443,0.0,0.17610304205050364,0.0007337892020942304,0.0007457535367347778,0.0,0.0014795427388290083,C:\repositories\strawberry\agc_mpc\results\control\summaries\itransformer_co2_residual_gradient_mpc_full_period_anchored_w000_anchored_start00264_24steps_trace.json,0.0,0.0,0.0
full_period_anchored_w000,itransformer_co2_residual,0.0,288,24,2020-05-07T06:25:00.000000000,2020-05-07T08:20:00.000000000,0.028627693342665832,0.0979875698685646,0.9871063232421875,3.1250686645507812,0.09270319170783115,0.008974058856622532,0.0027125457076255925,0.2550987743736613,0.0007694364911749985,0.0006132273552025396,0.0002170036566100474,0.0015996675029875855,C:\repositories\strawberry\agc_mpc\results\control\summaries\itransformer_co2_residual_gradient_mpc_full_period_anchored_w000_anchored_start00288_24steps_trace.json,0.0,0.0,0.0
full_period_anchored_w000,itransformer_co2_residual,0.0,312,24,2020-05-07T08:25:00.000000000,2020-05-07T10:20:00.000000000,0.0646543229619662,0.25489410758018494,0.47574329376220703,3.504971742630005,0.041603441287592365,0.005328718776839865,0.007383195925024646,0.5229515520956385,0.0003453085626870166,0.0004262975021471892,0.0005906556740019717,0.0013622617388361776,C:\repositories\strawberry\agc_mpc\results\control\summaries\itransformer_co2_residual_gradient_mpc_full_period_anchored_w000_anchored_start00312_24steps_trace.json,0.0,0.0,0.0
full_period_anchored_w000,itransformer_co2_residual,0.0,336,24,2020-05-07T10:25:00.000000000,2020-05-07T12:20:00.000000000,0.052899821040531,0.45127853751182556,0.7487146258354187,12.1994047164917,0.0,0.014016556111729465,0.01112756780887505,0.7288556840923772,0.0,0.0011213244889383572,0.000890205424710004,0.002011529913648361,C:\repositories\strawberry\agc_mpc\results\control\summaries\itransformer_co2_residual_gradient_mpc_full_period_anchored_w000_anchored_start00336_24steps_trace.json,0.0,0.0,0.0
full_period_anchored_w000,itransformer_co2_residual,0.0,360,24,2020-05-07T12:25:00.000000000,2020-05-07T14:20:00.000000000,0.060774033113072314,0.5313849449157715,0.896045982837677,16.81540870666504,0.0,0.0203099368858823,0.012138547321560857,0.8097661010935198,0.0,0.001624794950870584,0.0009710837857248686,0.0025958787365954524,C:\repositories\strawberry\agc_mpc\results\control\summaries\itransformer_co2_residual_gradient_mpc_full_period_anchored_w000_anchored_start00360_24steps_trace.json,0.0,0.0,0.0
full_period_anchored_w000,itransformer_co2_residual,0.0,384,24,2020-05-07T14:25:00.000000000,2020-05-07T16:20:00.000000000,0.05611644126474857,0.35437870025634766,0.6761253476142883,13.578609466552734,0.012686942731393877,0.023616899336570026,0.011656494741619998,0.7434014006649476,0.00010530162467056918,0.001889351946925602,0.0009325195793295998,0.002927173150925771,C:\repositories\strawberry\agc_mpc\results\control\summaries\itransformer_co2_residual_gradient_mpc_full_period_anchored_w000_anchored_start00384_24steps_trace.json,0.0,0.0,0.0
full_period_anchored_w000,itransformer_co2_residual,0.0,408,24,2020-05-07T16:25:00.000000000,2020-05-07T18:20:00.000000000,0.13961529235045114,0.47787436842918396,0.37301650643348694,6.4676055908203125,0.0,0.017246370180570743,0.009011154391289251,0.5472115714631314,0.0,0.0013797096144456595,0.0007208923513031401,0.0021006019657487996,C:\repositories\strawberry\agc_mpc\results\control\summaries\itransformer_co2_residual_gradient_mpc_full_period_anchored_w000_anchored_start00408_24steps_trace.json,0.0,0.0,0.0
full_period_anchored_w000,itransformer_co2_residual,0.0,432,24,2020-05-07T18:25:00.000000000,2020-05-07T20:20:00.000000000,0.16401102486997843,0.5748152732849121,2.531160593032837,2.6849238872528076,0.0,0.03962618637910252,0.005292013285573277,0.3917373948133381,0.0,0.0031700949103282017,0.00042336106284586217,0.003593455973174064,C:\repositories\strawberry\agc_mpc\results\control\summaries\itransformer_co2_residual_gradient_mpc_full_period_anchored_w000_anchored_start00432_24steps_trace.json,0.0,0.0,0.0
full_period_anchored_w000,itransformer_co2_residual,0.0,456,24,2020-05-07T20:25:00.000000000,2020-05-07T22:20:00.000000000,0.033614865193764366,0.17473959922790527,0.30767789483070374,15.073639869689941,0.0,0.010668243975209307,0.0,0.2002182177096497,0.0,0.0008534595180167445,0.0,0.0008534595180167445,C:\repositories\strawberry\agc_mpc\results\control\summaries\itransformer_co2_residual_gradient_mpc_full_period_anchored_w000_anchored_start00456_24steps_trace.json,0.0,0.0,0.0
full_period_anchored_w000,itransformer_co2_residual,0.0,480,24,2020-05-07T22:25:00.000000000,2020-05-08T00:20:00.000000000,0.026941782018790644,0.31503310799598694,0.325641006231308,19.106719970703125,0.0,0.03062165931395893,0.0,0.19445563156416393,0.0,0.0015821190645545448,0.0,0.0015821190645545448,C:\repositories\strawberry\agc_mpc\results\control\summaries\itransformer_co2_residual_gradient_mpc_full_period_anchored_w000_anchored_start00480_24steps_trace.json,0.0,0.0,0.0
full_period_anchored_w000,itransformer_co2_residual,0.0,504,24,2020-05-08T00:25:00.000000000,2020-05-08T02:20:00.000000000,0.04448350526702901,0.20052821934223175,1.3951025009155273,8.53246021270752,0.0,0.02110444378861344,0.0,0.19777847179683875,0.0,0.0008441777515445375,0.0,0.0008441777515445375,C:\repositories\strawberry\agc_mpc\results\control\summaries\itransformer_co2_residual_gradient_mpc_full_period_anchored_w000_anchored_start00504_24steps_trace.json,0.0,0.0,0.0
full_period_anchored_w000,itransformer_co2_residual,0.0,528,24,2020-05-08T02:25:00.000000000,2020-05-08T04:20:00.000000000,0.04616974542538325,0.4196864068508148,1.7656822204589844,9.431800842285156,0.0,0.03935678597115862,0.0003951784214287808,0.21104579012810126,0.0,0.0015742714388463448,3.1614273714302464e-05,0.0016058857125606472,C:\repositories\strawberry\agc_mpc\results\control\summaries\itransformer_co2_residual_gradient_mpc_full_period_anchored_w000_anchored_start00528_24steps_trace.json,0.0,0.0,0.0
full_period_anchored_w000,itransformer_co2_residual,0.0,552,24,2020-05-08T04:25:00.000000000,2020-05-08T06:20:00.000000000,0.04962188234397521,0.28398147225379944,0.6260697245597839,14.182429313659668,0.07142727444021094,0.02455685290556618,0.0003622301923176471,0.20343734087127144,0.0005928463778537507,0.0009822741162226474,2.897841538541177e-05,0.0016040989094618099,C:\repositories\strawberry\agc_mpc\results\control\summaries\itransformer_co2_residual_gradient_mpc_full_period_anchored_w000_anchored_start00552_24steps_trace.json,0.0,0.0,0.0
full_period_anchored_w000,itransformer_co2_residual,0.0,576,24,2020-05-08T06:25:00.000000000,2020-05-08T08:20:00.000000000,0.05484686947117249,0.11065729707479477,0.48261070251464844,2.63177227973938,0.05008772986361594,0.009812429975514732,0.002543896114920647,0.27005650104764767,0.0004157281578680123,0.00067051604832684,0.00020351168919365177,0.001289755895388504,C:\repositories\strawberry\agc_mpc\results\control\summaries\itransformer_co2_residual_gradient_mpc_full_period_anchored_w000_anchored_start00576_24steps_trace.json,0.0,0.0,0.0
full_period_anchored_w000,itransformer_co2_residual,0.0,600,24,2020-05-08T08:25:00.000000000,2020-05-08T10:20:00.000000000,0.12008693690101306,0.33052754402160645,1.1239086389541626,10.849853515625,0.0,0.008276456855949611,0.0074473830378009795,0.5260524480449555,0.0,0.0006621165484759689,0.0005957906430240783,0.001257907191500047,C:\repositories\strawberry\agc_mpc\results\control\summaries\itransformer_co2_residual_gradient_mpc_full_period_anchored_w000_anchored_start00600_24steps_trace.json,0.0,0.0,0.0
full_period_anchored_w000,itransformer_co2_residual,0.0,624,24,2020-05-08T10:25:00.000000000,2020-05-08T12:20:00.000000000,0.07137710011253755,0.4829517900943756,1.3195377588272095,13.262298583984375,0.004670605983331953,0.022952799324382857,0.011996779125416503,0.7476805697650468,3.8766029661655207e-05,0.0018362239459506285,0.0009597423300333202,0.002834732305645604,C:\repositories\strawberry\agc_mpc\results\control\summaries\itransformer_co2_residual_gradient_mpc_full_period_anchored_w000_anchored_start00624_24steps_trace.json,0.0,0.0,0.0
full_period_anchored_w000,itransformer_co2_residual,0.0,648,24,2020-05-08T12:25:00.000000000,2020-05-08T14:20:00.000000000,0.05419171182438731,0.5095410943031311,0.7921026349067688,19.23891258239746,0.01304422054399291,0.026586185680473932,0.01225068476938157,0.8244027986329572,0.00010826703051514115,0.002126894854437915,0.0009800547815505256,0.0032152166665035814,C:\repositories\strawberry\agc_mpc\results\control\summaries\itransformer_co2_residual_gradient_mpc_full_period_anchored_w000_anchored_start00648_24steps_trace.json,0.0,0.0,0.0
full_period_anchored_w000,itransformer_co2_residual,0.0,672,24,2020-05-08T14:25:00.000000000,2020-05-08T16:20:00.000000000,0.06873688924436767,0.27169767022132874,0.6920784115791321,9.309455871582031,0.027576137149056407,0.027679876411266062,0.00866211768068726,0.5976261381879323,0.00022888193833716817,0.0022143901129012852,0.0006929694144549808,0.003136241465693434,C:\repositories\strawberry\agc_mpc\results\control\summaries\itransformer_co2_residual_gradient_mpc_full_period_anchored_w000_anchored_start00672_24steps_trace.json,0.0,0.0,0.0
full_period_anchored_w000,itransformer_co2_residual,0.0,696,24,2020-05-08T16:25:00.000000000,2020-05-08T18:20:00.000000000,0.06424442694212,0.38643646240234375,0.5768268704414368,9.560226440429688,0.01030631090286662,0.024081128542778947,0.008823635342016906,0.5617901332268846,8.554238049379296e-05,0.0019264902834223159,0.0007058908273613525,0.002717923491277461,C:\repositories\strawberry\agc_mpc\results\control\summaries\itransformer_co2_residual_gradient_mpc_full_period_anchored_w000_anchored_start00696_24steps_trace.json,0.0,0.0,0.0
full_period_anchored_w000,itransformer_co2_residual,0.0,720,24,2020-05-08T18:25:00.000000000,2020-05-08T20:20:00.000000000,0.04663315361055235,0.35499367117881775,0.9812548756599426,2.1372554302215576,0.0,0.025634896432159007,0.0055932167897912175,0.37137783481837855,0.0,0.0020507917145727206,0.0004474573431832974,0.002498249057756018,C:\repositories\strawberry\agc_mpc\results\control\summaries\itransformer_co2_residual_gradient_mpc_full_period_anchored_w000_anchored_start00720_24steps_trace.json,0.0,0.0,0.0
full_period_anchored_w000,itransformer_co2_residual,0.0,744,24,2020-05-08T20:25:00.000000000,2020-05-08T22:20:00.000000000,0.03972563492910316,0.15663576126098633,0.4083811342716217,11.23721694946289,0.0,0.01506136123252449,0.0003816570966095441,0.21244218774181695,0.0,0.0012049088986019593,3.053256772876353e-05,0.0012354414663307228,C:\repositories\strawberry\agc_mpc\results\control\summaries\itransformer_co2_residual_gradient_mpc_full_period_anchored_w000_anchored_start00744_24steps_trace.json,0.0,0.0,0.0
full_period_anchored_w000,itransformer_co2_residual,0.0,768,24,2020-05-08T22:25:00.000000000,2020-05-09T00:20:00.000000000,0.025277053122408688,0.4191518723964691,0.44507694244384766,14.48236083984375,0.0,0.006058046398664264,0.0,0.19143462108611653,0.0,0.00031299906393098697,0.0,0.00031299906393098697,C:\repositories\strawberry\agc_mpc\results\control\summaries\itransformer_co2_residual_gradient_mpc_full_period_anchored_w000_anchored_start00768_24steps_trace.json,0.0,0.0,0.0
full_period_anchored_w000,itransformer_co2_residual,0.0,792,24,2020-05-09T00:25:00.000000000,2020-05-09T02:20:00.000000000,0.025934248929843307,0.42951464653015137,0.9514973759651184,10.894383430480957,0.0,0.01566928720109343,0.0,0.21795640090822094,0.0,0.0006267714880437372,0.0,0.0006267714880437372,C:\repositories\strawberry\agc_mpc\results\control\summaries\itransformer_co2_residual_gradient_mpc_full_period_anchored_w000_anchored_start00792_24steps_trace.json,0.0,0.0,0.0
full_period_anchored_w000,itransformer_co2_residual,0.0,816,24,2020-05-09T02:25:00.000000000,2020-05-09T04:20:00.000000000,0.0419410583563149,0.4104146957397461,1.0297590494155884,11.644927978515625,0.0,0.013500484010897304,0.00018913139121688058,0.20993001909007114,0.0,0.0005400193604358922,1.5130511297350447e-05,0.0005551498717332426,C:\repositories\strawberry\agc_mpc\results\control\summaries\itransformer_co2_residual_gradient_mpc_full_period_anchored_w000_anchored_start00816_24steps_trace.json,0.0,0.0,0.0
full_period_anchored_w000,itransformer_co2_residual,0.0,840,24,2020-05-09T04:25:00.000000000,2020-05-09T06:20:00.000000000,0.08680116105824709,1.4671802520751953,1.2921432256698608,20.149110794067383,0.04195539986567865,0.010147577357829719,0.0005776782927466976,0.19925518715920834,0.0003482298188851328,0.00040590309431318876,4.6214263419735814e-05,0.0008003471766180574,C:\repositories\strawberry\agc_mpc\results\control\summaries\itransformer_co2_residual_gradient_mpc_full_period_anchored_w000_anchored_start00840_24steps_trace.json,0.0,0.0,0.0
full_period_anchored_w000,itransformer_co2_residual,0.0,864,24,2020-05-09T06:25:00.000000000,2020-05-09T08:20:00.000000000,0.03652068281856676,0.13334615528583527,0.34789276123046875,7.134284973144531,0.015169004469307995,0.005338146599952007,0.003257677394597417,0.2764412842457082,0.00012590273709525636,0.00036477335099672044,0.00026061419156779336,0.0007512902796597702,C:\repositories\strawberry\agc_mpc\results\control\summaries\itransformer_co2_residual_gradient_mpc_full_period_anchored_w000_anchored_start00864_24steps_trace.json,0.0,0.0,0.0
full_period_anchored_w000,itransformer_co2_residual,0.0,888,24,2020-05-09T08:25:00.000000000,2020-05-09T10:20:00.000000000,0.09916711148495476,0.2580986022949219,0.5521109700202942,5.052116394042969,0.025730129751018377,0.012121989518225448,0.007183436862955328,0.5044161791888173,0.00021356007693345254,0.0009697591614580359,0.0005746749490364263,0.0017579941874279147,C:\repositories\strawberry\agc_mpc\results\control\summaries\itransformer_co2_residual_gradient_mpc_full_period_anchored_w000_anchored_start00888_24steps_trace.json,0.0,0.0,0.0
full_period_anchored_w000,itransformer_co2_residual,0.0,912,24,2020-05-09T10:25:00.000000000,2020-05-09T12:20:00.000000000,0.07880032854154706,0.48498615622520447,0.8869404792785645,24.067367553710938,0.0,0.0333343893514804,0.011748188827630195,0.7509394313182806,0.0,0.002666751148118432,0.0009398551062104156,0.003606606254328848,C:\repositories\strawberry\agc_mpc\results\control\summaries\itransformer_co2_residual_gradient_mpc_full_period_anchored_w000_anchored_start00912_24steps_trace.json,0.0,0.0,0.0
full_period_anchored_w000,itransformer_co2_residual,0.0,936,24,2020-05-09T12:25:00.000000000,2020-05-09T14:20:00.000000000,0.04771774588152766,0.46602606773376465,0.6015169024467468,26.297805786132812,0.0,0.0229878391577098,0.013569013958808732,0.8328875038202486,0.0,0.001839027132616784,0.0010855211167046985,0.0029245482493214826,C:\repositories\strawberry\agc_mpc\results\control\summaries\itransformer_co2_residual_gradient_mpc_full_period_anchored_w000_anchored_start00936_24steps_trace.json,0.0,0.0,0.0
full_period_anchored_w000,itransformer_co2_residual,0.0,960,24,2020-05-09T14:25:00.000000000,2020-05-09T16:20:00.000000000,0.0739000413256387,0.5291717648506165,0.8783610463142395,19.319480895996094,0.017462020103953414,0.030416347587030785,0.01310318798810939,0.810812383423434,0.00014493476686281334,0.002433307806962463,0.0010482550390487513,0.003626497612874028,C:\repositories\strawberry\agc_mpc\results\control\summaries\itransformer_co2_residual_gradient_mpc_full_period_anchored_w000_anchored_start00960_24steps_trace.json,0.0,0.0,0.0
full_period_anchored_w000,itransformer_co2_residual,0.0,984,24,2020-05-09T16:25:00.000000000,2020-05-09T18:20:00.000000000,0.03988908347673714,0.6419291496276855,0.9520829319953918,15.889212608337402,0.00363111029663019,0.03799544586608426,0.010000367876493655,0.6706276561421176,3.0138215462030577e-05,0.003039635669286741,0.0008000294301194924,0.003869803314868264,C:\repositories\strawberry\agc_mpc\results\control\summaries\itransformer_co2_residual_gradient_mpc_full_period_anchored_w000_anchored_start00984_24steps_trace.json,0.0,0.0,0.0
full_period_anchored_w000,itransformer_co2_residual,0.0,1008,24,2020-05-09T18:25:00.000000000,2020-05-09T20:20:00.000000000,0.030959044738362234,0.6301314234733582,1.1948623657226562,2.1061935424804688,0.0,0.02725715666863312,0.006099603620701145,0.4011362990009616,0.0,0.0021805725334906496,0.0004879682896560916,0.0026685408231467414,C:\repositories\strawberry\agc_mpc\results\control\summaries\itransformer_co2_residual_gradient_mpc_full_period_anchored_w000_anchored_start01008_24steps_trace.json,0.0,0.0,0.0
full_period_anchored_w000,itransformer_co2_residual,0.0,1032,24,2020-05-09T20:25:00.000000000,2020-05-09T22:20:00.000000000,0.04278330066396544,0.47130122780799866,0.5064433217048645,6.667921543121338,0.0,0.00980113043095888,0.0008903989288624638,0.2131911953610012,0.0,0.0007840904344767103,7.123191430899711e-05,0.0008553223487857075,C:\repositories\strawberry\agc_mpc\results\control\summaries\itransformer_co2_residual_gradient_mpc_full_period_anchored_w000_anchored_start01032_24steps_trace.json,0.0,0.0,0.0
full_period_anchored_w000,itransformer_co2_residual,0.0,1056,24,2020-05-09T22:25:00.000000000,2020-05-10T00:20:00.000000000,0.06500882236286998,0.6079544425010681,0.5787989497184753,10.112116813659668,0.0,0.005616157231316898,0.0,0.20643294219115618,0.0,0.00029016812361803973,0.0,0.00029016812361803973,C:\repositories\strawberry\agc_mpc\results\control\summaries\itransformer_co2_residual_gradient_mpc_full_period_anchored_w000_anchored_start01056_24steps_trace.json,0.0,0.0,0.0
full_period_anchored_w000,itransformer_co2_residual,0.0,1080,24,2020-05-10T00:25:00.000000000,2020-05-10T02:20:00.000000000,0.024558430227140587,0.499042272567749,0.43596139550209045,7.379984378814697,0.0,0.0028437328692731178,0.0,0.2111738376380548,0.0,0.00011374931477092471,0.0,0.00011374931477092471,C:\repositories\strawberry\agc_mpc\results\control\summaries\itransformer_co2_residual_gradient_mpc_full_period_anchored_w000_anchored_start01080_24steps_trace.json,0.0,0.0,0.0
full_period_anchored_w000,itransformer_co2_residual,0.0,1104,24,2020-05-10T02:25:00.000000000,2020-05-10T04:20:00.000000000,0.02818679134361446,0.5090427398681641,0.7525847554206848,7.72443151473999,0.02482666640368256,0.012670164327957223,0.0,0.22511140802053656,0.00020606133115056525,0.000506806573118289,0.0,0.0007128679042688543,C:\repositories\strawberry\agc_mpc\results\control\summaries\itransformer_co2_residual_gradient_mpc_full_period_anchored_w000_anchored_start01104_24steps_trace.json,0.0,0.0,0.0
full_period_anchored_w000,itransformer_co2_residual,0.0,1128,24,2020-05-10T04:25:00.000000000,2020-05-10T06:20:00.000000000,0.05428791814483702,0.7958140969276428,1.0533819198608398,10.934788703918457,0.0,0.010117862466710942,0.00026869624843892234,0.21215447948582658,0.0,0.00040471449866843773,2.149569987511379e-05,0.0004262101985435515,C:\repositories\strawberry\agc_mpc\results\control\summaries\itransformer_co2_residual_gradient_mpc_full_period_anchored_w000_anchored_start01128_24steps_trace.json,0.0,0.0,0.0
full_period_anchored_w000,itransformer_co2_residual,0.0,1152,24,2020-05-10T06:25:00.000000000,2020-05-10T08:20:00.000000000,0.03826484177261591,0.11031818389892578,0.373089462518692,2.975491762161255,0.013028706708568464,0.0055537901385674425,0.0024531701982574523,0.2543883640691955,0.00010813826568111825,0.00037950899280210856,0.00019625361586059618,0.000683900874343823,C:\repositories\strawberry\agc_mpc\results\control\summaries\itransformer_co2_residual_gradient_mpc_full_period_anchored_w000_anchored_start01152_24steps_trace.json,0.0,0.0,0.0
full_period_anchored_w000,itransformer_co2_residual,0.0,1176,24,2020-05-10T08:25:00.000000000,2020-05-10T10:20:00.000000000,0.06538795276234548,0.1936005800962448,0.4192260205745697,4.647315979003906,0.036993379088085976,0.0077956382397683915,0.0046992619049771815,0.3524168096117713,0.0003070450464311136,0.0006236510591814714,0.00037594095239817455,0.0013066370580107596,C:\repositories\strawberry\agc_mpc\results\control\summaries\itransformer_co2_residual_gradient_mpc_full_period_anchored_w000_anchored_start01176_24steps_trace.json,0.0,0.0,0.0
full_period_anchored_w000,itransformer_co2_residual,0.0,1200,24,2020-05-10T10:25:00.000000000,2020-05-10T12:20:00.000000000,0.10421658276269834,0.6075430512428284,1.290116310119629,19.449087142944336,0.036555297172836246,0.02149474101605795,0.009903784317964553,0.6329029548047223,0.00030340896653454084,0.0017195792812846362,0.0007923027454371642,0.002815290993256341,C:\repositories\strawberry\agc_mpc\results\control\summaries\itransformer_co2_residual_gradient_mpc_full_period_anchored_w000_anchored_start01200_24steps_trace.json,0.0,0.0,0.0
full_period_anchored_w000,itransformer_co2_residual,0.0,1224,24,2020-05-10T12:25:00.000000000,2020-05-10T14:20:00.000000000,0.06457588728517294,0.4396786689758301,0.6897160410881042,18.30451011657715,0.004591293047620228,0.019395803569996928,0.009114976677155705,0.6319422028858398,3.810773229524789e-05,0.0015516642855997543,0.0007291981341724565,0.0023189701520674585,C:\repositories\strawberry\agc_mpc\results\control\summaries\itransformer_co2_residual_gradient_mpc_full_period_anchored_w000_anchored_start01224_24steps_trace.json,0.0,0.0,0.0
full_period_anchored_w000,itransformer_co2_residual,0.0,1248,24,2020-05-10T14:25:00.000000000,2020-05-10T16:20:00.000000000,0.07547549515341719,0.27840456366539,0.5308985710144043,8.0258150100708,0.03395607104854452,0.014247425369661202,0.008209088305702966,0.5264377555011244,0.00028183538970291954,0.0011397940295728962,0.0006567270644562373,0.002078356483732053,C:\repositories\strawberry\agc_mpc\results\control\summaries\itransformer_co2_residual_gradient_mpc_full_period_anchored_w000_anchored_start01248_24steps_trace.json,0.0,0.0,0.0
full_period_anchored_w000,itransformer_co2_residual,0.0,1272,24,2020-05-10T16:25:00.000000000,2020-05-10T18:20:00.000000000,0.09904401376843452,0.6535966396331787,0.6911261677742004,7.4329094886779785,0.12538890025369193,0.01888621447641717,0.005531944537479648,0.33741963059469815,0.001040727872105643,0.0015108971581133737,0.00044255556299837185,0.0029941805932173883,C:\repositories\strawberry\agc_mpc\results\control\summaries\itransformer_co2_residual_gradient_mpc_full_period_anchored_w000_anchored_start01272_24steps_trace.json,0.0,0.0,0.0
full_period_anchored_w000,itransformer_co2_residual,0.0,1296,24,2020-05-10T18:25:00.000000000,2020-05-10T20:20:00.000000000,0.0786755820736289,0.2696709632873535,0.35058116912841797,5.26159143447876,0.05058306840250796,0.0,0.002756993512145812,0.1947013672043174,0.00041983946774081605,0.0,0.00022055948097166498,0.000640398948712481,C:\repositories\strawberry\agc_mpc\results\control\summaries\itransformer_co2_residual_gradient_mpc_full_period_anchored_w000_anchored_start01296_24steps_trace.json,0.0,0.0,0.0
full_period_anchored_w000,itransformer_co2_residual,0.0,1320,24,2020-05-10T20:25:00.000000000,2020-05-10T22:20:00.000000000,0.0660289862814049,0.38245272636413574,0.5630677342414856,16.634843826293945,0.02987700313502358,0.005619052443784332,0.000670066281187504,0.16153812965715542,0.00024797912602069573,0.00044952419550274656,5.360530249500032e-05,0.0007511086240184427,C:\repositories\strawberry\agc_mpc\results\control\summaries\itransformer_co2_residual_gradient_mpc_full_period_anchored_w000_anchored_start01320_24steps_trace.json,0.0,0.0,0.0
full_period_anchored_w000,itransformer_co2_residual,0.0,1344,24,2020-05-10T22:25:00.000000000,2020-05-11T00:20:00.000000000,0.04545149835757911,0.28620830178260803,0.839522659778595,17.522735595703125,0.06656062557381735,0.00783937691862373,0.00017139214407013655,0.16540707999158266,0.000552453192262684,0.0004050344741288927,1.3711371525610925e-05,0.0009711990379171877,C:\repositories\strawberry\agc_mpc\results\control\summaries\itransformer_co2_residual_gradient_mpc_full_period_anchored_w000_anchored_start01344_24steps_trace.json,0.0,0.0,0.0
full_period_anchored_w000,itransformer_co2_residual,0.0,1368,24,2020-05-11T00:25:00.000000000,2020-05-11T02:20:00.000000000,0.03306940360926092,0.1573541909456253,0.5406697392463684,12.787760734558105,0.08088216860266315,0.012185799228549496,0.0001449290376265994,0.1647466824986839,0.0006713219994021042,0.00048743196914197986,1.1594323010127952e-05,0.001170348291554212,C:\repositories\strawberry\agc_mpc\results\control\summaries\itransformer_co2_residual_gradient_mpc_full_period_anchored_w000_anchored_start01368_24steps_trace.json,0.0,0.0,0.0
full_period_anchored_w000,itransformer_co2_residual,0.0,1392,24,2020-05-11T02:25:00.000000000,2020-05-11T04:20:00.000000000,0.07919474605781336,0.2768746316432953,0.5889701843261719,37.988861083984375,0.12438141937839295,0.013439259840704605,0.0,0.1941563150519672,0.0010323657808406616,0.0005375703936281842,0.0,0.0015699361744688457,C:\repositories\strawberry\agc_mpc\results\control\summaries\itransformer_co2_residual_gradient_mpc_full_period_anchored_w000_anchored_start01392_24steps_trace.json,0.0,0.0,0.0
full_period_anchored_w000,itransformer_co2_residual,0.0,1416,24,2020-05-11T04:25:00.000000000,2020-05-11T06:20:00.000000000,0.1655109324492514,0.3399995267391205,1.0068467855453491,81.09452819824219,0.17612269881164272,0.023595204147800634,0.0002122425141587979,0.23693840412123707,0.0014618184001366347,0.0009438081659120254,1.6979401132703833e-05,0.002422605967181364,C:\repositories\strawberry\agc_mpc\results\control\summaries\itransformer_co2_residual_gradient_mpc_full_period_anchored_w000_anchored_start01416_24steps_trace.json,0.0,0.0,0.0
full_period_anchored_w000,itransformer_co2_residual,0.0,1440,24,2020-05-11T06:25:00.000000000,2020-05-11T08:20:00.000000000,0.06503093118468921,0.11899399757385254,1.4240869283676147,2.8462421894073486,0.1418950170011949,0.0,0.0021320270309907957,0.2138619894855818,0.0011777286411099176,0.0,0.00017056216247926366,0.0013482908035891813,C:\repositories\strawberry\agc_mpc\results\control\summaries\itransformer_co2_residual_gradient_mpc_full_period_anchored_w000_anchored_start01440_24steps_trace.json,0.0,0.0,0.0
full_period_anchored_w000,itransformer_co2_residual,0.0,1464,24,2020-05-11T08:25:00.000000000,2020-05-11T10:20:00.000000000,0.07835676396886508,0.4481257498264313,0.9527114033699036,4.141408443450928,0.18703254992406806,0.007663942104645393,0.005662871618627212,0.3940013863635593,0.001552370164369765,0.0006131153683716315,0.00045302972949017695,0.0026185152622315733,C:\repositories\strawberry\agc_mpc\results\control\summaries\itransformer_co2_residual_gradient_mpc_full_period_anchored_w000_anchored_start01464_24steps_trace.json,0.0,0.0,0.0
full_period_anchored_w000,itransformer_co2_residual,0.0,1488,24,2020-05-11T10:25:00.000000000,2020-05-11T12:20:00.000000000,0.07979220245033503,0.7056315541267395,0.5063535571098328,6.1332268714904785,0.12652852828616457,0.002276471819998355,0.010999338262338378,0.673655005766967,0.001050186784775166,0.00018211774559986842,0.0008799470609870703,0.0021122515913621046,C:\repositories\strawberry\agc_mpc\results\control\summaries\itransformer_co2_residual_gradient_mpc_full_period_anchored_w000_anchored_start01488_24steps_trace.json,0.0,0.0,0.0
full_period_anchored_w000,itransformer_co2_residual,0.0,1512,24,2020-05-11T12:25:00.000000000,2020-05-11T14:20:00.000000000,0.0639047243942817,0.3762072026729584,0.3063826560974121,7.664975643157959,0.08818667325059085,0.0,0.013992890799601638,0.82872011368075,0.000731949387979904,0.0,0.001119431263968131,0.001851380651948035,C:\repositories\strawberry\agc_mpc\results\control\summaries\itransformer_co2_residual_gradient_mpc_full_period_anchored_w000_anchored_start01512_24steps_trace.json,0.0,0.0,0.0
full_period_anchored_w000,itransformer_co2_residual,0.0,1536,24,2020-05-11T14:25:00.000000000,2020-05-11T16:20:00.000000000,0.0637917051402231,0.40401339530944824,0.7483260035514832,6.090446472167969,0.11379143308088896,0.0027791889518775253,0.01251259075958315,0.7530978992250335,0.0009444688945713784,0.00022233511615020202,0.0010010072607666521,0.0021678112714882325,C:\repositories\strawberry\agc_mpc\results\control\summaries\itransformer_co2_residual_gradient_mpc_full_period_anchored_w000_anchored_start01536_24steps_trace.json,0.0,0.0,0.0
full_period_anchored_w000,itransformer_co2_residual,0.0,1560,24,2020-05-11T16:25:00.000000000,2020-05-11T18:20:00.000000000,0.10854872812827428,0.41350317001342773,0.3634672164916992,7.17901086807251,0.11992472349995961,0.005479685211251012,0.010023332206332123,0.6120898531682228,0.0009953752050496647,0.000438374816900081,0.0008018665765065698,0.0022356165984563155,C:\repositories\strawberry\agc_mpc\results\control\summaries\itransformer_co2_residual_gradient_mpc_full_period_anchored_w000_anchored_start01560_24steps_trace.json,0.0,0.0,0.0
full_period_anchored_w000,itransformer_co2_residual,0.0,1584,24,2020-05-11T18:25:00.000000000,2020-05-11T20:20:00.000000000,0.04493428681356212,0.30833983421325684,0.6450815200805664,4.484039306640625,0.0718481408973873,0.010280244858775024,0.004983329304634843,0.32684730338501017,0.0005963395694483145,0.000822419588702002,0.00039866634437078747,0.001817425502521104,C:\repositories\strawberry\agc_mpc\results\control\summaries\itransformer_co2_residual_gradient_mpc_full_period_anchored_w000_anchored_start01584_24steps_trace.json,0.0,0.0,0.0
full_period_anchored_w000,itransformer_co2_residual,0.0,1608,24,2020-05-11T20:25:00.000000000,2020-05-11T22:20:00.000000000,0.06339446967467666,0.38119617104530334,0.4167213439941406,26.32447052001953,0.04471022797415867,0.00827137221934792,0.0007932725624528482,0.1583849935587725,0.00037109489218551696,0.0006617097775478336,6.346180499622786e-05,0.0010962664747295784,C:\repositories\strawberry\agc_mpc\results\control\summaries\itransformer_co2_residual_gradient_mpc_full_period_anchored_w000_anchored_start01608_24steps_trace.json,0.0,0.0,0.0
full_period_anchored_w000,itransformer_co2_residual,0.0,1632,24,2020-05-11T22:25:00.000000000,2020-05-12T00:20:00.000000000,0.054246894627188645,0.19583916664123535,0.4598805010318756,18.341697692871094,0.05959117277245679,0.006753012150360598,9.068487065354098e-05,0.15269382764159,0.0004946067340113914,0.0003489056277686309,7.254789652283278e-06,0.0008507671514323055,C:\repositories\strawberry\agc_mpc\results\control\summaries\itransformer_co2_residual_gradient_mpc_full_period_anchored_w000_anchored_start01632_24steps_trace.json,0.0,0.0,0.0
full_period_anchored_w000,itransformer_co2_residual,0.0,1656,24,2020-05-12T00:25:00.000000000,2020-05-12T02:20:00.000000000,0.06437464935394625,0.21285589039325714,0.44553342461586,18.78374671936035,0.08107705840366321,0.006060421152597643,0.0,0.14376310935218117,0.0006729395847504047,0.0002424168461039057,0.0,0.0009153564308543103,C:\repositories\strawberry\agc_mpc\results\control\summaries\itransformer_co2_residual_gradient_mpc_full_period_anchored_w000_anchored_start01656_24steps_trace.json,0.0,0.0,0.0
full_period_anchored_w000,itransformer_co2_residual,0.0,1680,24,2020-05-12T02:25:00.000000000,2020-05-12T04:20:00.000000000,0.07484855425233643,0.3445405066013336,0.6098549962043762,32.892417907714844,0.12299948085527443,0.013605638826246609,0.0,0.18122157991301427,0.0010208956910987778,0.0005442255530498643,0.0,0.001565121244148642,C:\repositories\strawberry\agc_mpc\results\control\summaries\itransformer_co2_residual_gradient_mpc_full_period_anchored_w000_anchored_start01680_24steps_trace.json,0.0,0.0,0.0
full_period_anchored_w000,itransformer_co2_residual,0.0,1704,24,2020-05-12T04:25:00.000000000,2020-05-12T06:20:00.000000000,0.09281100161994497,0.32637086510658264,0.4470917284488678,45.50813293457031,0.10223536195321754,0.020151935682218524,1.8882907116945916e-05,0.16729083087335717,0.0008485535042117056,0.0008060774272887409,1.5106325693556734e-06,0.0016561415640698022,C:\repositories\strawberry\agc_mpc\results\control\summaries\itransformer_co2_residual_gradient_mpc_full_period_anchored_w000_anchored_start01704_24steps_trace.json,0.0,0.0,0.0
full_period_anchored_w000,itransformer_co2_residual,0.0,1728,24,2020-05-12T06:25:00.000000000,2020-05-12T08:20:00.000000000,0.04881525319069624,0.16010601818561554,0.7530797123908997,5.8041534423828125,0.10871066251191282,0.00021595341226310385,0.0027854572887077217,0.2615011368620891,0.0009022984988488764,1.475681650464543e-05,0.00022283658309661775,0.0011398918984501397,C:\repositories\strawberry\agc_mpc\results\control\summaries\itransformer_co2_residual_gradient_mpc_full_period_anchored_w000_anchored_start01728_24steps_trace.json,0.0,0.0,0.0
full_period_anchored_w000,itransformer_co2_residual,0.0,1752,24,2020-05-12T08:25:00.000000000,2020-05-12T10:20:00.000000000,0.07517953015243013,0.3746134340763092,0.5339756011962891,7.72210693359375,0.07899087144501639,0.0,0.00614594468912321,0.4387666644434765,0.000655624232993636,0.0,0.0004916755751298568,0.0011472998081234929,C:\repositories\strawberry\agc_mpc\results\control\summaries\itransformer_co2_residual_gradient_mpc_full_period_anchored_w000_anchored_start01752_24steps_trace.json,0.0,0.0,0.0
full_period_anchored_w000,itransformer_co2_residual,0.0,1776,24,2020-05-12T10:25:00.000000000,2020-05-12T12:20:00.000000000,0.10489906463772058,0.7025448679924011,0.39679208397865295,6.507421016693115,0.13607918175437658,0.0043078059470558205,0.006104927569630229,0.4431683500017185,0.0011294572085613257,0.00034462447576446566,0.0004883942055704183,0.0019624758898962097,C:\repositories\strawberry\agc_mpc\results\control\summaries\itransformer_co2_residual_gradient_mpc_full_period_anchored_w000_anchored_start01776_24steps_trace.json,0.0,0.0,0.0
full_period_anchored_w000,itransformer_co2_residual,0.0,1800,24,2020-05-12T12:25:00.000000000,2020-05-12T14:20:00.000000000,0.10567558277398348,0.44277653098106384,0.7816761136054993,6.535789489746094,0.14297035010783238,0.00932632620105643,0.0075390848152015275,0.5240487213327836,0.0011866539058950087,0.0007461060960845143,0.0006031267852161222,0.0025358867871956453,C:\repositories\strawberry\agc_mpc\results\control\summaries\itransformer_co2_residual_gradient_mpc_full_period_anchored_w000_anchored_start01800_24steps_trace.json,0.0,0.0,0.0
full_period_anchored_w000,itransformer_co2_residual,0.0,1824,24,2020-05-12T14:25:00.000000000,2020-05-12T16:20:00.000000000,0.07248931486780445,0.5319493412971497,1.1476095914840698,10.86047077178955,0.05301144126483924,0.0,0.01115502844042568,0.6978752344067376,0.0004399949624981657,0.0,0.0008924022752340543,0.0013323972377322201,C:\repositories\strawberry\agc_mpc\results\control\summaries\itransformer_co2_residual_gradient_mpc_full_period_anchored_w000_anchored_start01824_24steps_trace.json,0.0,0.0,0.0
full_period_anchored_w000,itransformer_co2_residual,0.0,1848,24,2020-05-12T16:25:00.000000000,2020-05-12T18:20:00.000000000,0.08400079313044746,0.5008399486541748,0.5518186688423157,8.71618938446045,0.14274641461572762,0.007917488991433838,0.01011526934921022,0.630396493525759,0.0011847952413105392,0.0006333991193147071,0.0008092215479368176,0.002627415908562064,C:\repositories\strawberry\agc_mpc\results\control\summaries\itransformer_co2_residual_gradient_mpc_full_period_anchored_w000_anchored_start01848_24steps_trace.json,0.0,0.0,0.0
full_period_anchored_w000,itransformer_co2_residual,0.0,1872,24,2020-05-12T18:25:00.000000000,2020-05-12T20:20:00.000000000,0.03917244425974786,0.26267823576927185,0.5655245780944824,3.8263931274414062,0.10658988961888712,0.0082239350399154,0.004137315871101837,0.30920166937090915,0.0008846960838367631,0.0006579148031932321,0.000330985269688147,0.0018735961567181423,C:\repositories\strawberry\agc_mpc\results\control\summaries\itransformer_co2_residual_gradient_mpc_full_period_anchored_w000_anchored_start01872_24steps_trace.json,0.0,0.0,0.0
full_period_anchored_w000,itransformer_co2_residual,0.0,1896,24,2020-05-12T20:25:00.000000000,2020-05-12T22:20:00.000000000,0.11239175560573737,0.525770902633667,0.36815229058265686,21.47582244873047,0.04464883747126548,0.01039109596400627,0.0016884514158572704,0.160819984182264,0.0003705853510115035,0.0008312876771205016,0.00013507611326858164,0.0013369491414005866,C:\repositories\strawberry\agc_mpc\results\control\summaries\itransformer_co2_residual_gradient_mpc_full_period_anchored_w000_anchored_start01896_24steps_trace.json,0.0,0.0,0.0
full_period_anchored_w000,itransformer_co2_residual,0.0,1920,24,2020-05-12T22:25:00.000000000,2020-05-13T00:20:00.000000000,0.10169487788031499,0.43576303124427795,0.4174795150756836,21.230712890625,0.07416232711069656,0.01105902341697438,0.0010854786890915492,0.169933861373892,0.0006155473150187815,0.0005713828765436762,8.683829512732393e-05,0.0012737684866897818,C:\repositories\strawberry\agc_mpc\results\control\summaries\itransformer_co2_residual_gradient_mpc_full_period_anchored_w000_anchored_start01920_24steps_trace.json,0.0,0.0,0.0
full_period_anchored_w000,itransformer_co2_residual,0.0,1944,24,2020-05-13T00:25:00.000000000,2020-05-13T02:20:00.000000000,0.1048778338978688,0.2898530960083008,0.44682884216308594,25.847129821777344,0.09980498486783396,0.016117303244779127,0.0008898489340189576,0.18215073519285074,0.0008283813744030218,0.0006446921297911651,7.118791472151661e-05,0.0015442614189157035,C:\repositories\strawberry\agc_mpc\results\control\summaries\itransformer_co2_residual_gradient_mpc_full_period_anchored_w000_anchored_start01944_24steps_trace.json,0.0,0.0,0.0
full_period_anchored_w000,itransformer_co2_residual,0.0,1968,24,2020-05-13T02:25:00.000000000,2020-05-13T04:20:00.000000000,0.13707182680567107,0.5193234086036682,0.6320517659187317,42.343685150146484,0.11665977053681886,0.02933312112297997,0.0011968476104959721,0.20760238868325778,0.0009682760954555966,0.0011733248449191987,9.574780883967777e-05,0.002237348749214473,C:\repositories\strawberry\agc_mpc\results\control\summaries\itransformer_co2_residual_gradient_mpc_full_period_anchored_w000_anchored_start01968_24steps_trace.json,0.0,0.0,0.0
full_period_anchored_w000,itransformer_co2_residual,0.0,1992,24,2020-05-13T04:25:00.000000000,2020-05-13T06:20:00.000000000,0.14091266226023436,0.3512193262577057,0.7528912425041199,39.527339935302734,0.10798439630272878,0.040407284058980524,0.001367795962624012,0.20061741057927596,0.0008962704893126489,0.001616291362359221,0.00010942367700992096,0.0026219855286817905,C:\repositories\strawberry\agc_mpc\results\control\summaries\itransformer_co2_residual_gradient_mpc_full_period_anchored_w000_anchored_start01992_24steps_trace.json,0.0,0.0,0.0
full_period_anchored_w000,itransformer_co2_residual,0.0,2016,24,2020-05-13T06:25:00.000000000,2020-05-13T08:20:00.000000000,0.0407431509035329,0.07701492309570312,0.7135680317878723,6.412406921386719,0.09258539019568948,0.0,0.003151773610998527,0.2652955239099866,0.0007684587386242227,0.0,0.0002521418888798822,0.0010206006275041049,C:\repositories\strawberry\agc_mpc\results\control\summaries\itransformer_co2_residual_gradient_mpc_full_period_anchored_w000_anchored_start02016_24steps_trace.json,0.0,0.0,0.0
full_period_anchored_w000,itransformer_co2_residual,0.0,2040,24,2020-05-13T08:25:00.000000000,2020-05-13T10:20:00.000000000,0.05805994104593992,0.2101237028837204,1.703966498374939,6.40740442276001,0.15809999745799294,0.0015539850065627069,0.0037312452790941777,0.354471981072915,0.0013122299789013413,0.00012431880052501655,0.0002984996223275342,0.001735048401753892,C:\repositories\strawberry\agc_mpc\results\control\summaries\itransformer_co2_residual_gradient_mpc_full_period_anchored_w000_anchored_start02040_24steps_trace.json,0.0,0.0,0.0
full_period_anchored_w000,itransformer_co2_residual,0.0,2064,24,2020-05-13T10:25:00.000000000,2020-05-13T12:20:00.000000000,0.05657626145208875,0.5340960621833801,0.8065726161003113,5.6998162269592285,0.15674528761395992,0.002533330654498841,0.007359439752410947,0.5269778147872849,0.0013009858871958673,0.00020266645235990726,0.0005887551801928758,0.0020924075197486505,C:\repositories\strawberry\agc_mpc\results\control\summaries\itransformer_co2_residual_gradient_mpc_full_period_anchored_w000_anchored_start02064_24steps_trace.json,0.0,0.0,0.0
full_period_anchored_w000,itransformer_co2_residual,0.0,2088,24,2020-05-13T12:25:00.000000000,2020-05-13T14:20:00.000000000,0.05990840634331107,0.4513145983219147,0.6102428436279297,8.008674621582031,0.11078296643957615,0.008832021975549697,0.007741003748277773,0.5269889767902847,0.000919498621448482,0.0007065617580439758,0.0006192802998622218,0.0022453406793546795,C:\repositories\strawberry\agc_mpc\results\control\summaries\itransformer_co2_residual_gradient_mpc_full_period_anchored_w000_anchored_start02088_24steps_trace.json,0.0,0.0,0.0
full_period_anchored_w000,itransformer_co2_residual,0.0,2112,24,2020-05-13T14:25:00.000000000,2020-05-13T16:20:00.000000000,0.08988665261616309,0.6683253645896912,1.238089919090271,6.592658996582031,0.11740987502345569,0.006433918291056896,0.00906666458548304,0.5831842446216566,0.0009745019626946822,0.0005147134632845516,0.0007253331668386433,0.0022145485928178775,C:\repositories\strawberry\agc_mpc\results\control\summaries\itransformer_co2_residual_gradient_mpc_full_period_anchored_w000_anchored_start02112_24steps_trace.json,0.0,0.0,0.0
full_period_anchored_w000,itransformer_co2_residual,0.0,2136,24,2020-05-13T16:25:00.000000000,2020-05-13T18:20:00.000000000,0.11753621821602185,0.5933980941772461,1.2630009651184082,6.987973690032959,0.1221162857816083,0.0006270347020469202,0.008368555571269703,0.5394235238290036,0.001013565171987349,5.016277616375362e-05,0.0006694844457015763,0.0017332123938526788,C:\repositories\strawberry\agc_mpc\results\control\summaries\itransformer_co2_residual_gradient_mpc_full_period_anchored_w000_anchored_start02136_24steps_trace.json,0.0,0.0,0.0
full_period_anchored_w000,itransformer_co2_residual,0.0,2160,24,2020-05-13T18:25:00.000000000,2020-05-13T20:20:00.000000000,0.050702773965895176,0.4705874025821686,0.6783382296562195,4.639976501464844,0.056973220994950155,0.0,0.0033936442134199713,0.2822158177669641,0.0004728777342580863,0.0,0.00027149153707359773,0.000744369271331684,C:\repositories\strawberry\agc_mpc\results\control\summaries\itransformer_co2_residual_gradient_mpc_full_period_anchored_w000_anchored_start02160_24steps_trace.json,0.0,0.0,0.0
full_period_anchored_w000,itransformer_co2_residual,0.0,2184,24,2020-05-13T20:25:00.000000000,2020-05-13T22:20:00.000000000,0.06250882963649929,0.32647061347961426,0.5603510737419128,9.174221992492676,0.06790970861309165,0.0009748771531979183,0.0004553271575703062,0.16780732847503135,0.0005636505814886607,7.799017225583346e-05,3.6426172605624495e-05,0.0006780669263501185,C:\repositories\strawberry\agc_mpc\results\control\summaries\itransformer_co2_residual_gradient_mpc_full_period_anchored_w000_anchored_start02184_24steps_trace.json,0.0,0.0,0.0
full_period_anchored_w000,itransformer_co2_residual,0.0,2208,24,2020-05-13T22:25:00.000000000,2020-05-14T00:20:00.000000000,0.0234419087258478,0.14412300288677216,0.4900299608707428,13.8444185256958,0.06414667120792666,0.00030349772197048287,0.0,0.12397279573848377,0.0005324173710257913,1.5680715635141616e-05,0.0,0.000548098086660933,C:\repositories\strawberry\agc_mpc\results\control\summaries\itransformer_co2_residual_gradient_mpc_full_period_anchored_w000_anchored_start02208_24steps_trace.json,0.0,0.0,0.0
full_period_anchored_w000,itransformer_co2_residual,0.0,2232,24,2020-05-14T00:25:00.000000000,2020-05-14T02:20:00.000000000,0.02944198390468955,0.14119331538677216,0.5272738337516785,10.545166015625,0.08831898184510581,0.0006290158032330746,0.0,0.12421556716408069,0.0007330475493143782,2.5160632129322983e-05,0.0,0.0007582081814437011,C:\repositories\strawberry\agc_mpc\results\control\summaries\itransformer_co2_residual_gradient_mpc_full_period_anchored_w000_anchored_start02232_24steps_trace.json,0.0,0.0,0.0
full_period_anchored_w000,itransformer_co2_residual,0.0,2256,24,2020-05-14T02:25:00.000000000,2020-05-14T04:20:00.000000000,0.08305992837995291,0.33736690878868103,1.0070762634277344,25.304059982299805,0.12344230851127028,0.0,0.0,0.1503310727963667,0.0010245711606435433,0.0,0.0,0.0010245711606435433,C:\repositories\strawberry\agc_mpc\results\control\summaries\itransformer_co2_residual_gradient_mpc_full_period_anchored_w000_anchored_start02256_24steps_trace.json,0.0,0.0,0.0
full_period_anchored_w000,itransformer_co2_residual,0.0,2280,24,2020-05-14T04:25:00.000000000,2020-05-14T06:20:00.000000000,0.13944939384236932,0.5139977335929871,1.8361711502075195,58.33737564086914,0.15575348833548314,0.003837946066549416,0.0,0.17951676110494086,0.00129275395318451,0.00015351784266197664,0.0,0.0014462717958464866,C:\repositories\strawberry\agc_mpc\results\control\summaries\itransformer_co2_residual_gradient_mpc_full_period_anchored_w000_anchored_start02280_24steps_trace.json,0.0,0.0,0.0
full_period_anchored_w000,itransformer_co2_residual,0.0,2304,24,2020-05-14T06:25:00.000000000,2020-05-14T08:20:00.000000000,0.04348450154066086,0.07382329553365707,0.9692605137825012,3.8794479370117188,0.11403517606230354,0.0,0.0022141417752154467,0.24631560117352763,0.0009464919613171194,0.0,0.00017713134201723574,0.001123623303334355,C:\repositories\strawberry\agc_mpc\results\control\summaries\itransformer_co2_residual_gradient_mpc_full_period_anchored_w000_anchored_start02304_24steps_trace.json,0.0,0.0,0.0
full_period_anchored_w000,itransformer_co2_residual,0.0,2328,24,2020-05-14T08:25:00.000000000,2020-05-14T10:20:00.000000000,0.06256948116545875,0.25587955117225647,0.5833203196525574,5.044057369232178,0.11052699822535741,0.0,0.005840885750811245,0.4844038689671893,0.0009173740852704666,0.0,0.0004672708600648996,0.0013846449453353662,C:\repositories\strawberry\agc_mpc\results\control\summaries\itransformer_co2_residual_gradient_mpc_full_period_anchored_w000_anchored_start02328_24steps_trace.json,0.0,0.0,0.0
full_period_anchored_w000,itransformer_co2_residual,0.0,2352,24,2020-05-14T10:25:00.000000000,2020-05-14T12:20:00.000000000,0.12228963136052091,0.37243470549583435,0.7266286015510559,5.41619873046875,0.10886827161130204,0.0,0.005480838840279093,0.48526017531998,0.0009036066543738069,0.0,0.0004384671072223274,0.0013420737615961343,C:\repositories\strawberry\agc_mpc\results\control\summaries\itransformer_co2_residual_gradient_mpc_full_period_anchored_w000_anchored_start02352_24steps_trace.json,0.0,0.0,0.0
full_period_anchored_w000,itransformer_co2_residual,0.0,2376,24,2020-05-14T12:25:00.000000000,2020-05-14T14:20:00.000000000,0.19848168517152467,0.48047661781311035,1.2551031112670898,17.260744094848633,0.080846717077911,0.005585397196591539,0.006018309465861902,0.527399826577503,0.0006710277517466613,0.0004468317757273231,0.0004814647572689522,0.0015993242847429365,C:\repositories\strawberry\agc_mpc\results\control\summaries\itransformer_co2_residual_gradient_mpc_full_period_anchored_w000_anchored_start02376_24steps_trace.json,0.0,0.0,0.0
full_period_anchored_w000,itransformer_co2_residual,0.0,2400,24,2020-05-14T14:25:00.000000000,2020-05-14T16:20:00.000000000,0.33813617937266827,1.0952407121658325,4.378564834594727,80.47592163085938,0.07294503790737923,0.0,0.011005716688733564,0.8208820186663284,0.0006054438146312477,0.0,0.0008804573350986851,0.0014859011497299329,C:\repositories\strawberry\agc_mpc\results\control\summaries\itransformer_co2_residual_gradient_mpc_full_period_anchored_w000_anchored_start02400_24steps_trace.json,0.0,0.0,0.0
full_period_anchored_w000,itransformer_co2_residual,0.0,2424,24,2020-05-14T16:25:00.000000000,2020-05-14T18:20:00.000000000,0.15990490838885307,1.331710934638977,2.7644622325897217,23.445350646972656,0.036562709858734846,0.0,0.009479592190601155,0.622406346880891,0.0003034704918274992,0.0,0.0007583673752480924,0.0010618378670755916,C:\repositories\strawberry\agc_mpc\results\control\summaries\itransformer_co2_residual_gradient_mpc_full_period_anchored_w000_anchored_start02424_24steps_trace.json,0.0,0.0,0.0
full_period_anchored_w000,itransformer_co2_residual,0.0,2448,24,2020-05-14T18:25:00.000000000,2020-05-14T20:20:00.000000000,0.031057539163157344,0.4665473997592926,0.4076186716556549,1.9852294921875,0.05802672105582181,0.0,0.0047931445377402595,0.3571405813929483,0.000481621784763321,0.0,0.00038345156301922075,0.0008650733477825418,C:\repositories\strawberry\agc_mpc\results\control\summaries\itransformer_co2_residual_gradient_mpc_full_period_anchored_w000_anchored_start02448_24steps_trace.json,0.0,0.0,0.0
full_period_anchored_w000,itransformer_co2_residual,0.0,2472,24,2020-05-14T20:25:00.000000000,2020-05-14T22:20:00.000000000,0.06391516351141036,0.3539234697818756,0.33263111114501953,15.267936706542969,0.04924470042872362,0.0,0.0004232656335719046,0.15448189799581896,0.00040873101355840604,0.0,3.386125068575237e-05,0.0004425922642441584,C:\repositories\strawberry\agc_mpc\results\control\summaries\itransformer_co2_residual_gradient_mpc_full_period_anchored_w000_anchored_start02472_24steps_trace.json,0.0,0.0,0.0
full_period_anchored_w000,itransformer_co2_residual,0.0,2496,24,2020-05-14T22:25:00.000000000,2020-05-15T00:20:00.000000000,0.06541073493038614,0.20493657886981964,0.4907477796077728,17.930185317993164,0.07718481823342228,0.002240770338008468,0.0,0.13334414680185808,0.000640633991337405,0.00011577313413043751,0.0,0.0007564071254678426,C:\repositories\strawberry\agc_mpc\results\control\summaries\itransformer_co2_residual_gradient_mpc_full_period_anchored_w000_anchored_start02496_24steps_trace.json,0.0,0.0,0.0
full_period_anchored_w000,itransformer_co2_residual,0.0,2520,24,2020-05-15T00:25:00.000000000,2020-05-15T02:20:00.000000000,0.025934136705473065,0.12208819389343262,1.5207090377807617,17.51017951965332,0.09653449540321331,0.008804245317188146,0.0,0.14013040838367663,0.0008012363118466704,0.00035216981268752583,0.0,0.0011534061245341964,C:\repositories\strawberry\agc_mpc\results\control\summaries\itransformer_co2_residual_gradient_mpc_full_period_anchored_w000_anchored_start02520_24steps_trace.json,0.0,0.0,0.0
full_period_anchored_w000,itransformer_co2_residual,0.0,2544,24,2020-05-15T02:25:00.000000000,2020-05-15T04:20:00.000000000,0.08435399581988652,0.36593881249427795,1.6932052373886108,32.2542724609375,0.112482470580847,0.0,0.0,0.13995112206933724,0.0009336045058210301,0.0,0.0,0.0009336045058210301,C:\repositories\strawberry\agc_mpc\results\control\summaries\itransformer_co2_residual_gradient_mpc_full_period_anchored_w000_anchored_start02544_24steps_trace.json,0.0,0.0,0.0
full_period_anchored_w000,itransformer_co2_residual,0.0,2568,24,2020-05-15T04:25:00.000000000,2020-05-15T06:20:00.000000000,0.10878944614281257,0.6087592244148254,2.008126974105835,59.00032424926758,0.16000301496711192,0.0018533173434405292,0.0,0.16639944792495862,0.0013280250242270288,7.413269373762117e-05,0.0,0.00140215771796465,C:\repositories\strawberry\agc_mpc\results\control\summaries\itransformer_co2_residual_gradient_mpc_full_period_anchored_w000_anchored_start02568_24steps_trace.json,0.0,0.0,0.0
full_period_anchored_w000,itransformer_co2_residual,0.0,2592,24,2020-05-15T06:25:00.000000000,2020-05-15T08:20:00.000000000,0.02942547023606797,0.10319487005472183,1.1064764261245728,5.347257137298584,0.13328056639425476,0.0,0.0019689239737799456,0.2527177882320382,0.0011062287010723145,0.0,0.00015751391790239566,0.00126374261897471,C:\repositories\strawberry\agc_mpc\results\control\summaries\itransformer_co2_residual_gradient_mpc_full_period_anchored_w000_anchored_start02592_24steps_trace.json,0.0,0.0,0.0
full_period_anchored_w000,itransformer_co2_residual,0.0,2616,24,2020-05-15T08:25:00.000000000,2020-05-15T10:20:00.000000000,0.0467975107797732,0.3188847005367279,0.46157774329185486,4.4682769775390625,0.11084908437515725,0.0,0.006470287704055157,0.5069249515939077,0.0009200474003138052,0.0,0.0005176230163244126,0.0014376704166382177,C:\repositories\strawberry\agc_mpc\results\control\summaries\itransformer_co2_residual_gradient_mpc_full_period_anchored_w000_anchored_start02616_24steps_trace.json,0.0,0.0,0.0
full_period_anchored_w000,itransformer_co2_residual,0.0,2640,24,2020-05-15T10:25:00.000000000,2020-05-15T12:20:00.000000000,0.11525563554217418,0.7193543314933777,0.8627226948738098,21.225759506225586,0.11218599346168368,0.008613498452877445,0.008098633777604614,0.682649201361326,0.0009311437457319745,0.0006890798762301956,0.0006478907022083691,0.0022681143241705393,C:\repositories\strawberry\agc_mpc\results\control\summaries\itransformer_co2_residual_gradient_mpc_full_period_anchored_w000_anchored_start02640_24steps_trace.json,0.0,0.0,0.0
full_period_anchored_w000,itransformer_co2_residual,0.0,2664,24,2020-05-15T12:25:00.000000000,2020-05-15T14:20:00.000000000,0.0958371888846159,0.5540947914123535,1.4772348403930664,37.33249282836914,0.021975320163563843,0.0,0.008380172976851967,0.6735686453150824,0.0001823951573575799,0.0,0.0006704138381481575,0.0008528089955057373,C:\repositories\strawberry\agc_mpc\results\control\summaries\itransformer_co2_residual_gradient_mpc_full_period_anchored_w000_anchored_start02664_24steps_trace.json,0.0,0.0,0.0
full_period_anchored_w000,itransformer_co2_residual,0.0,2688,24,2020-05-15T14:25:00.000000000,2020-05-15T16:20:00.000000000,0.10079032803575198,0.7174314856529236,1.5747183561325073,31.94569969177246,0.07226975949003048,0.01745719939628175,0.011493910634809881,0.8175073783383702,0.000599839003767253,0.00139657595170254,0.0009195128507847905,0.0029159278062545835,C:\repositories\strawberry\agc_mpc\results\control\summaries\itransformer_co2_residual_gradient_mpc_full_period_anchored_w000_anchored_start02688_24steps_trace.json,0.0,0.0,0.0
full_period_anchored_w000,itransformer_co2_residual,0.0,2712,24,2020-05-15T16:25:00.000000000,2020-05-15T18:20:00.000000000,0.06687331137557824,0.42872652411460876,0.36036792397499084,17.78107261657715,0.0708988909686616,0.0024235063941040512,0.00769560091751792,0.5858076473858636,0.0005884607950398913,0.0001938805115283241,0.0006156480734014336,0.0013979893799696491,C:\repositories\strawberry\agc_mpc\results\control\summaries\itransformer_co2_residual_gradient_mpc_full_period_anchored_w000_anchored_start02712_24steps_trace.json,0.0,0.0,0.0
full_period_anchored_w000,itransformer_co2_residual,0.0,2736,24,2020-05-15T18:25:00.000000000,2020-05-15T20:20:00.000000000,0.05085941543802619,0.3137792646884918,0.4057602882385254,1.933789610862732,0.014838731879299922,0.0,0.004696128064078215,0.34920813887051644,0.00012316147459818936,0.0,0.0003756902451262572,0.0004988517197244465,C:\repositories\strawberry\agc_mpc\results\control\summaries\itransformer_co2_residual_gradient_mpc_full_period_anchored_w000_anchored_start02736_24steps_trace.json,0.0,0.0,0.0
full_period_anchored_w000,itransformer_co2_residual,0.0,2760,24,2020-05-15T20:25:00.000000000,2020-05-15T22:20:00.000000000,0.045800504041835666,0.4366320073604584,0.3752540051937103,20.94293212890625,0.012114957962007178,0.00704678702443273,0.00016610725302930042,0.18111699941297327,0.00010055415108465958,0.0005637429619546184,1.3288580242344035e-05,0.000677585693281622,C:\repositories\strawberry\agc_mpc\results\control\summaries\itransformer_co2_residual_gradient_mpc_full_period_anchored_w000_anchored_start02760_24steps_trace.json,0.0,0.0,0.0
full_period_anchored_w000,itransformer_co2_residual,0.0,2784,24,2020-05-15T22:25:00.000000000,2020-05-16T00:20:00.000000000,0.035818996063123144,0.12861084938049316,0.4345703125,13.25988483428955,0.006290104805026378,0.0,0.0,0.1290359606568105,5.220786988171894e-05,0.0,0.0,5.220786988171894e-05,C:\repositories\strawberry\agc_mpc\results\control\summaries\itransformer_co2_residual_gradient_mpc_full_period_anchored_w000_anchored_start02784_24steps_trace.json,0.0,0.0,0.0
full_period_anchored_w000,itransformer_co2_residual,0.0,2808,24,2020-05-16T00:25:00.000000000,2020-05-16T02:20:00.000000000,0.048285083301986255,0.21918074786663055,0.5918061137199402,14.004841804504395,0.035686459262661535,0.0028911109046171274,0.0,0.14630911242066003,0.00029619761188009075,0.0001156444361846851,0.0,0.00041184204806477584,C:\repositories\strawberry\agc_mpc\results\control\summaries\itransformer_co2_residual_gradient_mpc_full_period_anchored_w000_anchored_start02808_24steps_trace.json,0.0,0.0,0.0
full_period_anchored_w000,itransformer_co2_residual,0.0,2832,24,2020-05-16T02:25:00.000000000,2020-05-16T04:20:00.000000000,0.06888141591722767,0.26901721954345703,0.5331649780273438,16.52168083190918,0.08328643291043444,0.005669803834448503,0.00019982897852647034,0.16453313981676576,0.0006912773931566059,0.00022679215337794012,1.5986318282117627e-05,0.0009340558648166636,C:\repositories\strawberry\agc_mpc\results\control\summaries\itransformer_co2_residual_gradient_mpc_full_period_anchored_w000_anchored_start02832_24steps_trace.json,0.0,0.0,0.0
full_period_anchored_w000,itransformer_co2_residual,0.0,2856,24,2020-05-16T04:25:00.000000000,2020-05-16T06:20:00.000000000,0.09697432769462466,0.38370227813720703,0.49075064063072205,27.43485450744629,0.12985303151778824,0.014411089574296165,0.000842644599113074,0.20887819205585245,0.0010777801615976424,0.0005764435829718466,6.741156792904592e-05,0.0017216353124985349,C:\repositories\strawberry\agc_mpc\results\control\summaries\itransformer_co2_residual_gradient_mpc_full_period_anchored_w000_anchored_start02856_24steps_trace.json,0.0,0.0,0.0
full_period_anchored_w000,itransformer_co2_residual,0.0,2880,24,2020-05-16T06:25:00.000000000,2020-05-16T08:20:00.000000000,0.031163144779081147,0.1054631844162941,0.6932182312011719,5.546875,0.08066443873629764,0.0,0.003088767364650048,0.2544332231802492,0.0006695148415112705,0.0,0.00024710138917200387,0.0009166162306832743,C:\repositories\strawberry\agc_mpc\results\control\summaries\itransformer_co2_residual_gradient_mpc_full_period_anchored_w000_anchored_start02880_24steps_trace.json,0.0,0.0,0.0
full_period_anchored_w000,itransformer_co2_residual,0.0,2904,24,2020-05-16T08:25:00.000000000,2020-05-16T10:20:00.000000000,0.04092640608238677,0.32826557755470276,0.5339863896369934,1.668474793434143,0.09270315673587912,0.0,0.006368473404308684,0.4471823645565763,0.0007694362009077967,0.0,0.0005094778723446948,0.0012789140732524914,C:\repositories\strawberry\agc_mpc\results\control\summaries\itransformer_co2_residual_gradient_mpc_full_period_anchored_w000_anchored_start02904_24steps_trace.json,0.0,0.0,0.0
full_period_anchored_w000,itransformer_co2_residual,0.0,2928,24,2020-05-16T10:25:00.000000000,2020-05-16T12:20:00.000000000,0.07593406519542138,0.43050727248191833,0.4120817184448242,36.60108947753906,0.06825638064159523,0.016224762126499565,0.008342845582865164,0.6058671080728435,0.0005665279593252404,0.0012979809701199653,0.0006674276466292131,0.002531936576074419,C:\repositories\strawberry\agc_mpc\results\control\summaries\itransformer_co2_residual_gradient_mpc_full_period_anchored_w000_anchored_start02928_24steps_trace.json,0.0,0.0,0.0
full_period_anchored_w000,itransformer_co2_residual,0.0,2952,24,2020-05-16T12:25:00.000000000,2020-05-16T14:20:00.000000000,0.06288685540979107,0.27310433983802795,0.9226617813110352,23.804183959960938,0.05238534821977818,0.0,0.008573928838206643,0.6113193857348285,0.0004347983902241589,0.0,0.0006859143070565314,0.0011207126972806903,C:\repositories\strawberry\agc_mpc\results\control\summaries\itransformer_co2_residual_gradient_mpc_full_period_anchored_w000_anchored_start02952_24steps_trace.json,0.0,0.0,0.0
full_period_anchored_w000,itransformer_co2_residual,0.0,2976,24,2020-05-16T14:25:00.000000000,2020-05-16T16:20:00.000000000,0.07092767146726449,0.3256739675998688,0.6076924204826355,18.813867568969727,0.07819687942909244,0.0,0.008594481742384934,0.6191248856316802,0.0006490340992614673,0.0,0.0006875585393907947,0.0013365926386522619,C:\repositories\strawberry\agc_mpc\results\control\summaries\itransformer_co2_residual_gradient_mpc_full_period_anchored_w000_anchored_start02976_24steps_trace.json,0.0,0.0,0.0
full_period_anchored_w000,itransformer_co2_residual,0.0,3000,24,2020-05-16T16:25:00.000000000,2020-05-16T18:20:00.000000000,0.060070189724986754,0.44048476219177246,0.4223085939884186,4.5809454917907715,0.0931937922247254,0.0,0.006081300669298126,0.43910496017561435,0.0007735084754652208,0.0,0.0004865040535438501,0.001260012529009071,C:\repositories\strawberry\agc_mpc\results\control\summaries\itransformer_co2_residual_gradient_mpc_full_period_anchored_w000_anchored_start03000_24steps_trace.json,0.0,0.0,0.0
full_period_anchored_w000,itransformer_co2_residual,0.0,3024,24,2020-05-16T18:25:00.000000000,2020-05-16T20:20:00.000000000,0.036439416309197746,0.2677779197692871,0.3484807014465332,3.2296764850616455,0.021333373151060597,0.0,0.004285272939320409,0.3183819432324102,0.00017706699715380297,0.0,0.00034282183514563276,0.0005198888322994358,C:\repositories\strawberry\agc_mpc\results\control\summaries\itransformer_co2_residual_gradient_mpc_full_period_anchored_w000_anchored_start03024_24steps_trace.json,0.0,0.0,0.0
full_period_anchored_w000,itransformer_co2_residual,0.0,3048,24,2020-05-16T20:25:00.000000000,2020-05-16T22:20:00.000000000,0.06854707033683856,0.31997784972190857,0.526789665222168,33.408660888671875,0.0363369361025813,0.0,0.0005250895363024837,0.15779359144715532,0.0003015965696514248,0.0,4.2007162904198695e-05,0.00034360373255562347,C:\repositories\strawberry\agc_mpc\results\control\summaries\itransformer_co2_residual_gradient_mpc_full_period_anchored_w000_anchored_start03048_24steps_trace.json,0.0,0.0,0.0
full_period_anchored_w000,itransformer_co2_residual,0.0,3072,24,2020-05-16T22:25:00.000000000,2020-05-17T00:20:00.000000000,0.04742600745521486,0.20281195640563965,0.40879249572753906,15.51391315460205,0.025828785286076773,0.0,0.0,0.12544201355887588,0.00021437891787443722,0.0,0.0,0.00021437891787443722,C:\repositories\strawberry\agc_mpc\results\control\summaries\itransformer_co2_residual_gradient_mpc_full_period_anchored_w000_anchored_start03072_24steps_trace.json,0.0,0.0,0.0
full_period_anchored_w000,itransformer_co2_residual,0.0,3096,24,2020-05-17T00:25:00.000000000,2020-05-17T02:20:00.000000000,0.06590802012942731,0.2643474042415619,0.3618062436580658,18.91558837890625,0.04798601941710432,0.0,0.0,0.12801130278773157,0.00039828396116196586,0.0,0.0,0.00039828396116196586,C:\repositories\strawberry\agc_mpc\results\control\summaries\itransformer_co2_residual_gradient_mpc_full_period_anchored_w000_anchored_start03096_24steps_trace.json,0.0,0.0,0.0
full_period_anchored_w000,itransformer_co2_residual,0.0,3120,24,2020-05-17T02:25:00.000000000,2020-05-17T04:20:00.000000000,0.0800416146715482,0.2827472686767578,0.48689746856689453,19.9284725189209,0.08312586608369137,0.0043214528579502125,0.0004192276250336255,0.1551897003224241,0.0006899446884946383,0.0001728581143180085,3.353821000269004e-05,0.0008963410128153368,C:\repositories\strawberry\agc_mpc\results\control\summaries\itransformer_co2_residual_gradient_mpc_full_period_anchored_w000_anchored_start03120_24steps_trace.json,0.0,0.0,0.0
full_period_anchored_w000,itransformer_co2_residual,0.0,3144,24,2020-05-17T04:25:00.000000000,2020-05-17T06:20:00.000000000,0.10602842628334959,0.4064819812774658,0.38225746154785156,30.60955810546875,0.13238478430505973,0.013607620835859289,0.0011818925557626702,0.21594949689757792,0.0010987937097319959,0.0005443048334343716,9.455140446101361e-05,0.0017376499476273808,C:\repositories\strawberry\agc_mpc\results\control\summaries\itransformer_co2_residual_gradient_mpc_full_period_anchored_w000_anchored_start03144_24steps_trace.json,0.0,0.0,0.0
full_period_anchored_w000,itransformer_co2_residual,0.0,3168,24,2020-05-17T06:25:00.000000000,2020-05-17T08:20:00.000000000,0.03414820608062049,0.10565368086099625,0.43886756896972656,7.429679870605469,0.09230440639917664,0.0,0.002790787552684069,0.21297045247912041,0.0007661265731131661,0.0,0.0002232630042147255,0.0009893895773278917,C:\repositories\strawberry\agc_mpc\results\control\summaries\itransformer_co2_residual_gradient_mpc_full_period_anchored_w000_anchored_start03168_24steps_trace.json,0.0,0.0,0.0
full_period_anchored_w000,itransformer_co2_residual,0.0,3192,24,2020-05-17T08:25:00.000000000,2020-05-17T10:20:00.000000000,0.03152913282004496,0.3432033956050873,0.3692852556705475,2.602996826171875,0.052313345876945645,0.0,0.00751041615586429,0.5051180566374374,0.00043420077077864884,0.0,0.0006008332924691432,0.0010350340632477922,C:\repositories\strawberry\agc_mpc\results\control\summaries\itransformer_co2_residual_gradient_mpc_full_period_anchored_w000_anchored_start03192_24steps_trace.json,0.0,0.0,0.0
full_period_anchored_w000,itransformer_co2_residual,0.0,3216,24,2020-05-17T10:25:00.000000000,2020-05-17T12:20:00.000000000,0.09934729958573978,0.5326566100120544,0.9955682754516602,25.957990646362305,0.07852238185140599,0.008840665386254814,0.01140674048106615,0.76536803235875,0.0006517357693666697,0.0007072532309003851,0.000912539238485292,0.002271528238752347,C:\repositories\strawberry\agc_mpc\results\control\summaries\itransformer_co2_residual_gradient_mpc_full_period_anchored_w000_anchored_start03216_24steps_trace.json,0.0,0.0,0.0
full_period_anchored_w000,itransformer_co2_residual,0.0,3240,24,2020-05-17T12:25:00.000000000,2020-05-17T14:20:00.000000000,0.08658144638563196,0.309614896774292,0.5251801609992981,30.60963249206543,0.05546419972375191,0.01189090004662426,0.012818617572908359,0.8267077965402955,0.00046035285770714085,0.0009512720037299408,0.0010254894058326688,0.0024371142672697504,C:\repositories\strawberry\agc_mpc\results\control\summaries\itransformer_co2_residual_gradient_mpc_full_period_anchored_w000_anchored_start03240_24steps_trace.json,0.0,0.0,0.0
full_period_anchored_w000,itransformer_co2_residual,0.0,3264,24,2020-05-17T14:25:00.000000000,2020-05-17T16:20:00.000000000,0.09003633819520473,0.32773303985595703,0.2848285138607025,24.94139862060547,0.05906004018811082,0.012743031878080362,0.012096467584804371,0.7861100782633617,0.0004901983335613198,0.001019442550246429,0.0009677174067843497,0.0024773582905920984,C:\repositories\strawberry\agc_mpc\results\control\summaries\itransformer_co2_residual_gradient_mpc_full_period_anchored_w000_anchored_start03264_24steps_trace.json,0.0,0.0,0.0
full_period_anchored_w000,itransformer_co2_residual,0.0,3288,24,2020-05-17T16:25:00.000000000,2020-05-17T18:20:00.000000000,0.06284809205681086,0.49178066849708557,0.5421182513237,17.515230178833008,0.054085736385879914,0.013070337115724695,0.009613464466651251,0.6391441950246054,0.0004489116120028033,0.0010456269692579756,0.0007690771573321001,0.0022636157385928788,C:\repositories\strawberry\agc_mpc\results\control\summaries\itransformer_co2_residual_gradient_mpc_full_period_anchored_w000_anchored_start03288_24steps_trace.json,0.0,0.0,0.0
full_period_anchored_w000,itransformer_co2_residual,0.0,3312,24,2020-05-17T18:25:00.000000000,2020-05-17T20:20:00.000000000,0.06071217288263142,0.5637244582176208,1.1758122444152832,2.0029754638671875,0.0,0.008437545023941895,0.005696787813287802,0.3868190175538063,0.0,0.0006750036019153516,0.00045574302506302413,0.0011307466269783756,C:\repositories\strawberry\agc_mpc\results\control\summaries\itransformer_co2_residual_gradient_mpc_full_period_anchored_w000_anchored_start03312_24steps_trace.json,0.0,0.0,0.0
full_period_anchored_w000,itransformer_co2_residual,0.0,3336,24,2020-05-17T20:25:00.000000000,2020-05-17T22:20:00.000000000,0.035152191296219826,0.15780115127563477,0.3345249593257904,8.917892456054688,0.0,0.0,0.00026846247826928753,0.17022050849138148,0.0,0.0,2.1476998261543004e-05,2.1476998261543004e-05,C:\repositories\strawberry\agc_mpc\results\control\summaries\itransformer_co2_residual_gradient_mpc_full_period_anchored_w000_anchored_start03336_24steps_trace.json,0.0,0.0,0.0
full_period_anchored_w000,itransformer_co2_residual,0.0,3360,24,2020-05-17T22:25:00.000000000,2020-05-18T00:20:00.000000000,0.01998558275712033,0.3092838227748871,0.23718929290771484,18.429933547973633,0.0,0.011040368102733466,0.0,0.1482518284113019,0.0,0.000570419018641229,0.0,0.000570419018641229,C:\repositories\strawberry\agc_mpc\results\control\summaries\itransformer_co2_residual_gradient_mpc_full_period_anchored_w000_anchored_start03360_24steps_trace.json,0.0,0.0,0.0
full_period_anchored_w000,itransformer_co2_residual,0.0,3384,24,2020-05-18T00:25:00.000000000,2020-05-18T02:20:00.000000000,0.01986487132186691,0.1563253402709961,0.22503185272216797,12.498005867004395,0.00588775129598638,0.0,0.0,0.14080378235032903,4.886833575668695e-05,0.0,0.0,4.886833575668695e-05,C:\repositories\strawberry\agc_mpc\results\control\summaries\itransformer_co2_residual_gradient_mpc_full_period_anchored_w000_anchored_start03384_24steps_trace.json,0.0,0.0,0.0
full_period_anchored_w000,itransformer_co2_residual,0.0,3408,24,2020-05-18T02:25:00.000000000,2020-05-18T04:20:00.000000000,0.040813989005982876,0.33615192770957947,0.6173130869865417,16.63555145263672,0.026713378199033085,0.005456576708508,0.0003326265377346417,0.17014012016693303,0.0002217210390519746,0.00021826306834032,2.6610123018771335e-05,0.00046659423041106596,C:\repositories\strawberry\agc_mpc\results\control\summaries\itransformer_co2_residual_gradient_mpc_full_period_anchored_w000_anchored_start03408_24steps_trace.json,0.0,0.0,0.0
full_period_anchored_w000,itransformer_co2_residual,0.0,3432,24,2020-05-18T04:25:00.000000000,2020-05-18T06:20:00.000000000,0.07563750205251078,0.7864899039268494,0.9932737350463867,18.132490158081055,0.032262809706140594,0.0,0.001317258024458665,0.22198299541969652,0.0002677813205609669,0.0,0.0001053806419566932,0.0003731619625176601,C:\repositories\strawberry\agc_mpc\results\control\summaries\itransformer_co2_residual_gradient_mpc_full_period_anchored_w000_anchored_start03432_24steps_trace.json,0.0,0.0,0.0
full_period_anchored_w000,itransformer_co2_residual,0.0,3456,24,2020-05-18T06:25:00.000000000,2020-05-18T08:20:00.000000000,0.022805998877932627,0.16622821986675262,0.37869009375572205,3.48895001411438,0.03830229817587762,0.0,0.0031017092700758348,0.2639814624929429,0.00031790907485978423,0.0,0.0002481367416060668,0.000566045816465851,C:\repositories\strawberry\agc_mpc\results\control\summaries\itransformer_co2_residual_gradient_mpc_full_period_anchored_w000_anchored_start03456_24steps_trace.json,0.0,0.0,0.0
full_period_anchored_w000,itransformer_co2_residual,0.0,3480,24,2020-05-18T08:25:00.000000000,2020-05-18T10:20:00.000000000,0.051765729362765946,0.21047942340373993,0.5308265686035156,3.7112934589385986,0.04073203931108687,0.0,0.007316319818595273,0.5117043242757688,0.000338075926282021,0.0,0.0005853055854876219,0.0009233815117696429,C:\repositories\strawberry\agc_mpc\results\control\summaries\itransformer_co2_residual_gradient_mpc_full_period_anchored_w000_anchored_start03480_24steps_trace.json,0.0,0.0,0.0
full_period_anchored_w000,itransformer_co2_residual,0.0,3504,24,2020-05-18T10:25:00.000000000,2020-05-18T12:20:00.000000000,0.0670602231596907,0.24090401828289032,0.32012495398521423,29.0782470703125,0.02208313650826086,0.0,0.010219252594915525,0.6992896604025521,0.00018329003301856514,0.0,0.000817540207593242,0.0010008302406118073,C:\repositories\strawberry\agc_mpc\results\control\summaries\itransformer_co2_residual_gradient_mpc_full_period_anchored_w000_anchored_start03504_24steps_trace.json,0.0,0.0,0.0
full_period_anchored_w000,itransformer_co2_residual,0.0,3528,24,2020-05-18T12:25:00.000000000,2020-05-18T14:20:00.000000000,0.07766480976715684,0.21606707572937012,0.36117902398109436,34.66554260253906,0.04514826065499812,0.004115952606815533,0.012284377194393003,0.7949525012722939,0.0003747305634364844,0.00032927620854524264,0.0009827501755514403,0.0016867569475331674,C:\repositories\strawberry\agc_mpc\results\control\summaries\itransformer_co2_residual_gradient_mpc_full_period_anchored_w000_anchored_start03528_24steps_trace.json,0.0,0.0,0.0
full_period_anchored_w000,itransformer_co2_residual,0.0,3552,24,2020-05-18T14:25:00.000000000,2020-05-18T16:20:00.000000000,0.07437136257067323,0.31404176354408264,0.5206810832023621,27.0344181060791,0.03978544425750713,0.006872645668290482,0.011675261498626948,0.7576814043761276,0.00033021918733730916,0.0005498116534632386,0.0009340209198901558,0.0018140517606907037,C:\repositories\strawberry\agc_mpc\results\control\summaries\itransformer_co2_residual_gradient_mpc_full_period_anchored_w000_anchored_start03552_24steps_trace.json,0.0,0.0,0.0
full_period_anchored_w000,itransformer_co2_residual,0.0,3576,24,2020-05-18T16:25:00.000000000,2020-05-18T18:20:00.000000000,0.04132596907826761,0.4042884409427643,0.5591546893119812,16.8452091217041,0.05727820167197865,0.006899093759663058,0.009899175490593954,0.6248976813397145,0.0004754090738774228,0.0005519275007730447,0.0007919340392475164,0.0018192706138979837,C:\repositories\strawberry\agc_mpc\results\control\summaries\itransformer_co2_residual_gradient_mpc_full_period_anchored_w000_anchored_start03576_24steps_trace.json,0.0,0.0,0.0
full_period_anchored_w000,itransformer_co2_residual,0.0,3600,24,2020-05-18T18:25:00.000000000,2020-05-18T20:20:00.000000000,0.055327794359376035,0.7361316084861755,2.1863133907318115,2.4863510131835938,0.003580442137840064,0.014423104641853058,0.0060664233456189706,0.4087832836927444,2.9717669744072532e-05,0.0011538483713482445,0.00048531386764951763,0.0016688799087418347,C:\repositories\strawberry\agc_mpc\results\control\summaries\itransformer_co2_residual_gradient_mpc_full_period_anchored_w000_anchored_start03600_24steps_trace.json,0.0,0.0,0.0
full_period_anchored_w000,itransformer_co2_residual,0.0,3624,24,2020-05-18T20:25:00.000000000,2020-05-18T22:20:00.000000000,0.021057092662279803,0.2565784454345703,0.2892988622188568,8.36998462677002,0.0,0.0,0.00016390926669463752,0.1707809917459934,0.0,0.0,1.3112741335571002e-05,1.3112741335571002e-05,C:\repositories\strawberry\agc_mpc\results\control\summaries\itransformer_co2_residual_gradient_mpc_full_period_anchored_w000_anchored_start03624_24steps_trace.json,0.0,0.0,0.0
full_period_anchored_w000,itransformer_co2_residual,0.0,3648,24,2020-05-18T22:25:00.000000000,2020-05-19T00:20:00.000000000,0.01889887300785631,0.2582644522190094,0.23058827221393585,16.750139236450195,0.0,0.005096732420989618,0.0,0.15881155633794575,0.0,0.0002633311750844636,0.0,0.0002633311750844636,C:\repositories\strawberry\agc_mpc\results\control\summaries\itransformer_co2_residual_gradient_mpc_full_period_anchored_w000_anchored_start03648_24steps_trace.json,0.0,0.0,0.0
full_period_anchored_w000,itransformer_co2_residual,0.0,3672,24,2020-05-19T00:25:00.000000000,2020-05-19T02:20:00.000000000,0.022427027812227607,0.20101268589496613,0.3177264630794525,8.79584789276123,0.0,0.0,0.0,0.14820426736204342,0.0,0.0,0.0,0.0,C:\repositories\strawberry\agc_mpc\results\control\summaries\itransformer_co2_residual_gradient_mpc_full_period_anchored_w000_anchored_start03672_24steps_trace.json,nan,0.0,0.0
full_period_anchored_w000,itransformer_co2_residual,0.0,3696,24,2020-05-19T02:25:00.000000000,2020-05-19T04:20:00.000000000,0.03448742736751834,0.3112727701663971,0.475799560546875,11.960258483886719,0.01327422982781685,0.0019169038306562662,0.00021541532021941554,0.16400144720105952,0.00011017610757087985,7.667615322625065e-05,1.7233225617553244e-05,0.00020408548641468377,C:\repositories\strawberry\agc_mpc\results\control\summaries\itransformer_co2_residual_gradient_mpc_full_period_anchored_w000_anchored_start03696_24steps_trace.json,0.0,0.0,0.0
full_period_anchored_w000,itransformer_co2_residual,0.0,3720,24,2020-05-19T04:25:00.000000000,2020-05-19T06:20:00.000000000,0.05162542825564742,0.7016080021858215,0.5510594248771667,14.956830024719238,0.01374879518147239,0.0,0.0006647002771804807,0.20675262382311455,0.00011411500000622084,0.0,5.3176022174438454e-05,0.0001672910221806593,C:\repositories\strawberry\agc_mpc\results\control\summaries\itransformer_co2_residual_gradient_mpc_full_period_anchored_w000_anchored_start03720_24steps_trace.json,0.0,0.0,0.0
full_period_anchored_w000,itransformer_co2_residual,0.0,3744,24,2020-05-19T06:25:00.000000000,2020-05-19T08:20:00.000000000,0.03751046652905643,0.2327853888273239,0.42737770080566406,3.0953750610351562,0.009264854894839348,0.0,0.003204861205108419,0.29273961768113893,7.68982956271666e-05,0.0,0.0002563888964086735,0.00033328719203584007,C:\repositories\strawberry\agc_mpc\results\control\summaries\itransformer_co2_residual_gradient_mpc_full_period_anchored_w000_anchored_start03744_24steps_trace.json,0.0,0.0,0.0
full_period_anchored_w000,itransformer_co2_residual,0.0,3768,24,2020-05-19T08:25:00.000000000,2020-05-19T10:20:00.000000000,0.062040277291089296,0.42058953642845154,0.7294073104858398,7.586672306060791,0.017581369162069566,0.0,0.007522848322692896,0.5191760271357397,0.0001459253640451774,0.0,0.0006018278658154317,0.0007477532298606092,C:\repositories\strawberry\agc_mpc\results\control\summaries\itransformer_co2_residual_gradient_mpc_full_period_anchored_w000_anchored_start03768_24steps_trace.json,0.0,0.0,0.0
full_period_anchored_w000,itransformer_co2_residual,0.0,3792,24,2020-05-19T10:25:00.000000000,2020-05-19T12:20:00.000000000,0.08362897190575798,0.4245741367340088,0.5089232325553894,33.02848434448242,0.015263744732402107,0.0,0.01001772395365793,0.7106907700331183,0.0001266890812789375,0.0,0.0008014179162926343,0.0009281069975715718,C:\repositories\strawberry\agc_mpc\results\control\summaries\itransformer_co2_residual_gradient_mpc_full_period_anchored_w000_anchored_start03792_24steps_trace.json,0.0,0.0,0.0
full_period_anchored_w000,itransformer_co2_residual,0.0,3816,24,2020-05-19T12:25:00.000000000,2020-05-19T14:20:00.000000000,0.09214706144606073,0.25560465455055237,0.5429771542549133,34.921932220458984,0.03390866916911347,0.005035207052120081,0.012228837163329686,0.8215661715593293,0.0002814419541036418,0.00040281656416960644,0.0009783069730663748,0.001662565491339623,C:\repositories\strawberry\agc_mpc\results\control\summaries\itransformer_co2_residual_gradient_mpc_full_period_anchored_w000_anchored_start03816_24steps_trace.json,0.0,0.0,0.0
full_period_anchored_w000,itransformer_co2_residual,0.0,3840,24,2020-05-19T14:25:00.000000000,2020-05-19T16:20:00.000000000,0.07683677459135652,0.34779953956604004,0.48142942786216736,28.368288040161133,0.030925670696035343,0.0020495848589909115,0.011532832118480666,0.7605121735994201,0.00025668306677709336,0.00016396678871927293,0.0009226265694784533,0.0013432764249748197,C:\repositories\strawberry\agc_mpc\results\control\summaries\itransformer_co2_residual_gradient_mpc_full_period_anchored_w000_anchored_start03840_24steps_trace.json,0.0,0.0,0.0
full_period_anchored_w000,itransformer_co2_residual,0.0,3864,24,2020-05-19T16:25:00.000000000,2020-05-19T18:20:00.000000000,0.05962259772544106,0.41120433807373047,0.39167293906211853,20.5864315032959,0.03461823327003358,0.0,0.008361788267346747,0.6071891802349234,0.0002873313361412787,0.0,0.0006689430613877398,0.0009562743975290185,C:\repositories\strawberry\agc_mpc\results\control\summaries\itransformer_co2_residual_gradient_mpc_full_period_anchored_w000_anchored_start03864_24steps_trace.json,0.0,0.0,0.0
full_period_anchored_w000,itransformer_co2_residual,0.0,3888,24,2020-05-19T18:25:00.000000000,2020-05-19T20:20:00.000000000,0.04267665705022713,0.46307945251464844,1.3792624473571777,4.610740661621094,0.0,0.0,0.004991349864621816,0.3348944933703986,0.0,0.0,0.0003993079891697453,0.0003993079891697453,C:\repositories\strawberry\agc_mpc\results\control\summaries\itransformer_co2_residual_gradient_mpc_full_period_anchored_w000_anchored_start03888_24steps_trace.json,0.0,0.0,0.0
full_period_anchored_w000,itransformer_co2_residual,0.0,3912,24,2020-05-19T20:25:00.000000000,2020-05-19T22:20:00.000000000,0.018353966297581792,0.29884806275367737,0.24429702758789062,6.9918365478515625,0.0,0.0,0.00019977177472257253,0.17662199343288815,0.0,0.0,1.5981741977805804e-05,1.5981741977805804e-05,C:\repositories\strawberry\agc_mpc\results\control\summaries\itransformer_co2_residual_gradient_mpc_full_period_anchored_w000_anchored_start03912_24steps_trace.json,0.0,0.0,0.0
full_period_anchored_w000,itransformer_co2_residual,0.0,3936,24,2020-05-19T22:25:00.000000000,2020-05-20T00:20:00.000000000,0.02132080231482784,0.3531969487667084,0.30862870812416077,20.853681564331055,0.0,0.0,0.0,0.1468978815770065,0.0,0.0,0.0,0.0,C:\repositories\strawberry\agc_mpc\results\control\summaries\itransformer_co2_residual_gradient_mpc_full_period_anchored_w000_anchored_start03936_24steps_trace.json,nan,0.0,0.0
full_period_anchored_w000,itransformer_co2_residual,0.0,3960,24,2020-05-20T00:25:00.000000000,2020-05-20T02:20:00.000000000,0.025176447195311386,0.2552742063999176,0.2663310468196869,11.69458293914795,0.0,0.0,0.0,0.14751980710689513,0.0,0.0,0.0,0.0,C:\repositories\strawberry\agc_mpc\results\control\summaries\itransformer_co2_residual_gradient_mpc_full_period_anchored_w000_anchored_start03960_24steps_trace.json,nan,0.0,0.0
full_period_anchored_w000,itransformer_co2_residual,0.0,3984,24,2020-05-20T02:25:00.000000000,2020-05-20T04:20:00.000000000,0.03895510407164693,0.4106786251068115,0.33432674407958984,19.148962020874023,0.0008499186130033105,0.0,0.0,0.16990189190373506,7.054324487927477e-06,0.0,0.0,7.054324487927477e-06,C:\repositories\strawberry\agc_mpc\results\control\summaries\itransformer_co2_residual_gradient_mpc_full_period_anchored_w000_anchored_start03984_24steps_trace.json,0.0,0.0,0.0
full_period_anchored_w000,itransformer_co2_residual,0.0,4008,24,2020-05-20T04:25:00.000000000,2020-05-20T06:20:00.000000000,0.0599115079579254,0.693491518497467,1.2146812677383423,13.621594429016113,0.0,0.0,0.0006118165465413699,0.2097464708703814,0.0,0.0,4.89453237233096e-05,4.89453237233096e-05,C:\repositories\strawberry\agc_mpc\results\control\summaries\itransformer_co2_residual_gradient_mpc_full_period_anchored_w000_anchored_start04008_24steps_trace.json,0.0,0.0,0.0
full_period_anchored_w000,itransformer_co2_residual,0.0,4032,24,2020-05-20T06:25:00.000000000,2020-05-20T08:20:00.000000000,0.03634556254837662,0.10732269287109375,0.37345823645591736,4.2891082763671875,0.0,0.0,0.003352136037682592,0.2679924551981627,0.0,0.0,0.00026817088301460737,0.00026817088301460737,C:\repositories\strawberry\agc_mpc\results\control\summaries\itransformer_co2_residual_gradient_mpc_full_period_anchored_w000_anchored_start04032_24steps_trace.json,0.0,0.0,0.0
full_period_anchored_w000,itransformer_co2_residual,0.0,4056,24,2020-05-20T08:25:00.000000000,2020-05-20T10:20:00.000000000,0.09116833191365004,0.5379837155342102,0.9123433232307434,9.329338073730469,0.02064718542446127,0.0006330224232311504,0.007849823863588344,0.5481879263272943,0.00017137163902302855,5.064179385849204e-05,0.0006279859090870675,0.0008499993419685881,C:\repositories\strawberry\agc_mpc\results\control\summaries\itransformer_co2_residual_gradient_mpc_full_period_anchored_w000_anchored_start04056_24steps_trace.json,0.0,0.0,0.0
full_period_anchored_w000,itransformer_co2_residual,0.0,4080,24,2020-05-20T10:25:00.000000000,2020-05-20T12:20:00.000000000,0.0874563065978388,0.3926464021205902,0.5188563466072083,27.15288734436035,0.018136719669447132,0.0,0.00945928467228285,0.6923832943014689,0.0001505347732564112,0.0,0.000756742773782628,0.0009072775470390391,C:\repositories\strawberry\agc_mpc\results\control\summaries\itransformer_co2_residual_gradient_mpc_full_period_anchored_w000_anchored_start04080_24steps_trace.json,0.0,0.0,0.0
full_period_anchored_w000,itransformer_co2_residual,0.0,4104,24,2020-05-20T12:25:00.000000000,2020-05-20T14:20:00.000000000,0.1261832738916079,0.8238961696624756,1.3668667078018188,28.663818359375,0.008886243266831299,0.00901243245410607,0.01165960980831322,0.7539877705695022,7.375581911469978e-05,0.0007209945963284856,0.0009327687846650576,0.001727519200108243,C:\repositories\strawberry\agc_mpc\results\control\summaries\itransformer_co2_residual_gradient_mpc_full_period_anchored_w000_anchored_start04104_24steps_trace.json,0.0,0.0,0.0
full_period_anchored_w000,itransformer_co2_residual,0.0,4128,24,2020-05-20T14:25:00.000000000,2020-05-20T16:20:00.000000000,0.10524918247635166,0.5924492478370667,0.8502483367919922,22.288732528686523,0.02243734617495816,0.007996042462295029,0.0074412897173096425,0.5760049998358587,0.00018622997325215272,0.0006396833969836023,0.0005953031773847714,0.0014212165476205265,C:\repositories\strawberry\agc_mpc\results\control\summaries\itransformer_co2_residual_gradient_mpc_full_period_anchored_w000_anchored_start04128_24steps_trace.json,0.0,0.0,0.0
full_period_anchored_w000,itransformer_co2_residual,0.0,4152,24,2020-05-20T16:25:00.000000000,2020-05-20T18:20:00.000000000,0.08164052277182539,0.5463742613792419,0.8701035380363464,24.1944637298584,0.0033028179778161423,0.010695062371270748,0.009333943190355696,0.642760414648962,2.741338921587398e-05,0.0008556049897016599,0.0007467154552284556,0.0016297338341459894,C:\repositories\strawberry\agc_mpc\results\control\summaries\itransformer_co2_residual_gradient_mpc_full_period_anchored_w000_anchored_start04152_24steps_trace.json,0.0,0.0,0.0
full_period_anchored_w000,itransformer_co2_residual,0.0,4176,24,2020-05-20T18:25:00.000000000,2020-05-20T20:20:00.000000000,0.016827115944276255,0.2943778932094574,0.6227062344551086,3.820690155029297,0.0,0.0,0.005081403436549704,0.38211931597619403,0.0,0.0,0.00040651227492397637,0.00040651227492397637,C:\repositories\strawberry\agc_mpc\results\control\summaries\itransformer_co2_residual_gradient_mpc_full_period_anchored_w000_anchored_start04176_24steps_trace.json,0.0,0.0,0.0
full_period_anchored_w000,itransformer_co2_residual,0.0,4200,24,2020-05-20T20:25:00.000000000,2020-05-20T22:20:00.000000000,0.03698565384062628,0.3967364728450775,0.3691171109676361,3.1265602111816406,0.0,0.0,0.0007670465488225534,0.2008741031403909,0.0,0.0,6.136372390580428e-05,6.136372390580428e-05,C:\repositories\strawberry\agc_mpc\results\control\summaries\itransformer_co2_residual_gradient_mpc_full_period_anchored_w000_anchored_start04200_24steps_trace.json,0.0,0.0,0.0
full_period_anchored_w000,itransformer_co2_residual,0.0,4224,24,2020-05-20T22:25:00.000000000,2020-05-21T00:20:00.000000000,0.05392764167239269,0.8223080039024353,0.6950664520263672,9.209813117980957,0.0,0.0,0.0,0.2302615218179181,0.0,0.0,0.0,0.0,C:\repositories\strawberry\agc_mpc\results\control\summaries\itransformer_co2_residual_gradient_mpc_full_period_anchored_w000_anchored_start04224_24steps_trace.json,nan,0.0,0.0
full_period_anchored_w000,itransformer_co2_residual,0.0,4248,24,2020-05-21T00:25:00.000000000,2020-05-21T02:20:00.000000000,0.049196634984885655,0.6848556995391846,0.7792139053344727,7.551900386810303,0.009183748280344354,0.0,0.0,0.24730444152906794,7.622511072685814e-05,0.0,0.0,7.622511072685814e-05,C:\repositories\strawberry\agc_mpc\results\control\summaries\itransformer_co2_residual_gradient_mpc_full_period_anchored_w000_anchored_start04248_24steps_trace.json,0.0,0.0,0.0
full_period_anchored_w000,itransformer_co2_residual,0.0,4272,24,2020-05-21T02:25:00.000000000,2020-05-21T04:20:00.000000000,0.052793022633219756,0.6140918731689453,0.9810517430305481,11.186253547668457,0.016143721618496504,0.009094260877285197,0.0002439025387384039,0.2034042310069304,0.000133992889433521,0.0003637704350914079,1.951220309907231e-05,0.0005172755276240012,C:\repositories\strawberry\agc_mpc\results\control\summaries\itransformer_co2_residual_gradient_mpc_full_period_anchored_w000_anchored_start04272_24steps_trace.json,0.0,0.0,0.0
full_period_anchored_w000,itransformer_co2_residual,0.0,4296,24,2020-05-21T04:25:00.000000000,2020-05-21T06:20:00.000000000,0.05130187515169382,0.6841537952423096,0.72679203748703,13.762370109558105,0.02792456728909389,0.0,0.00041918939635911994,0.22253337020946062,0.00023177390849947926,0.0,3.3535151708729594e-05,0.00026530906020820884,C:\repositories\strawberry\agc_mpc\results\control\summaries\itransformer_co2_residual_gradient_mpc_full_period_anchored_w000_anchored_start04296_24steps_trace.json,0.0,0.0,0.0
full_period_anchored_w000,itransformer_co2_residual,0.0,4320,24,2020-05-21T06:25:00.000000000,2020-05-21T08:20:00.000000000,0.02811151642041902,0.15402436256408691,0.4112485349178314,4.023313045501709,0.008796397665262856,0.0,0.003118158695209067,0.26449178163316145,7.30101006216817e-05,0.0,0.0002494526956167254,0.0003224627962384071,C:\repositories\strawberry\agc_mpc\results\control\summaries\itransformer_co2_residual_gradient_mpc_full_period_anchored_w000_anchored_start04320_24steps_trace.json,0.0,0.0,0.0
full_period_anchored_w000,itransformer_co2_residual,0.0,4344,24,2020-05-21T08:25:00.000000000,2020-05-21T10:20:00.000000000,0.07932225801050663,0.33306780457496643,0.5831238627433777,4.563230037689209,0.03553573938204446,0.0,0.007321334065607622,0.5083305113645292,0.000294946636870969,0.0,0.0005857067252486098,0.0008806533621195788,C:\repositories\strawberry\agc_mpc\results\control\summaries\itransformer_co2_residual_gradient_mpc_full_period_anchored_w000_anchored_start04344_24steps_trace.json,0.0,0.0,0.0
full_period_anchored_w000,itransformer_co2_residual,0.0,4368,24,2020-05-21T10:25:00.000000000,2020-05-21T12:20:00.000000000,0.11144729796797037,0.29885292053222656,0.6111567616462708,33.79872131347656,0.006584456773717759,0.0,0.00998532038278318,0.7091505985389533,5.46509912218574e-05,0.0,0.0007988256306226544,0.0008534766218445118,C:\repositories\strawberry\agc_mpc\results\control\summaries\itransformer_co2_residual_gradient_mpc_full_period_anchored_w000_anchored_start04368_24steps_trace.json,0.0,0.0,0.0
full_period_anchored_w000,itransformer_co2_residual,0.0,4392,24,2020-05-21T12:25:00.000000000,2020-05-21T14:20:00.000000000,0.11998831077168386,0.5753408074378967,0.7792275547981262,36.48398971557617,0.02830091238214762,0.010445790398018628,0.012432471210980548,0.80120553023438,0.00023489757277182525,0.0008356632318414903,0.000994597696878444,0.0020651585014917597,C:\repositories\strawberry\agc_mpc\results\control\summaries\itransformer_co2_residual_gradient_mpc_full_period_anchored_w000_anchored_start04392_24steps_trace.json,0.0,0.0,0.0
full_period_anchored_w000,itransformer_co2_residual,0.0,4416,24,2020-05-21T14:25:00.000000000,2020-05-21T16:20:00.000000000,0.31365252907077473,1.0874029397964478,3.517997980117798,53.9868049621582,0.035191311745776006,0.016874613662243326,0.013576977185834647,0.7842115711857929,0.00029208788748994087,0.001349969092979466,0.0010861581748667717,0.002728215155336179,C:\repositories\strawberry\agc_mpc\results\control\summaries\itransformer_co2_residual_gradient_mpc_full_period_anchored_w000_anchored_start04416_24steps_trace.json,0.0,0.0,0.0
full_period_anchored_w000,itransformer_co2_residual,0.0,4440,24,2020-05-21T16:25:00.000000000,2020-05-21T18:20:00.000000000,0.3768709960083167,1.6553646326065063,3.9684531688690186,58.03944778442383,0.016310662670722946,0.02214292997313987,0.010638650016251455,0.6720582514248893,0.00013537850016700044,0.0017714343978511896,0.0008510920013001164,0.0027579048993183067,C:\repositories\strawberry\agc_mpc\results\control\summaries\itransformer_co2_residual_gradient_mpc_full_period_anchored_w000_anchored_start04440_24steps_trace.json,0.0,0.0,0.0
full_period_anchored_w000,itransformer_co2_residual,0.0,4464,24,2020-05-21T18:25:00.000000000,2020-05-21T20:20:00.000000000,0.22003542492166162,1.0214565992355347,3.7413699626922607,12.826258659362793,0.0,0.014788706229003763,0.005288497391868558,0.40073699547101765,0.0,0.001183096498320301,0.00042307979134948467,0.0016061762896697857,C:\repositories\strawberry\agc_mpc\results\control\summaries\itransformer_co2_residual_gradient_mpc_full_period_anchored_w000_anchored_start04464_24steps_trace.json,0.0,0.0,0.0
full_period_anchored_w000,itransformer_co2_residual,0.0,4488,24,2020-05-21T20:25:00.000000000,2020-05-21T22:20:00.000000000,0.038672126131132245,0.6483567357063293,1.640560507774353,3.7644615173339844,0.0,0.0,0.0007966852820823285,0.22928994396465802,0.0,0.0,6.373482256658628e-05,6.373482256658628e-05,C:\repositories\strawberry\agc_mpc\results\control\summaries\itransformer_co2_residual_gradient_mpc_full_period_anchored_w000_anchored_start04488_24steps_trace.json,0.0,0.0,0.0
full_period_anchored_w000,itransformer_co2_residual,0.0,4512,24,2020-05-21T22:25:00.000000000,2020-05-22T00:20:00.000000000,0.06858924590051174,0.6697254776954651,0.6659957766532898,17.88892936706543,0.0,0.0,0.0,0.208753134358716,0.0,0.0,0.0,0.0,C:\repositories\strawberry\agc_mpc\results\control\summaries\itransformer_co2_residual_gradient_mpc_full_period_anchored_w000_anchored_start04512_24steps_trace.json,nan,0.0,0.0
full_period_anchored_w000,itransformer_co2_residual,0.0,4536,24,2020-05-22T00:25:00.000000000,2020-05-22T02:20:00.000000000,0.06922096324463685,0.6562922596931458,0.3835624158382416,10.801983833312988,0.0,0.0,0.0,0.2505443743386095,0.0,0.0,0.0,0.0,C:\repositories\strawberry\agc_mpc\results\control\summaries\itransformer_co2_residual_gradient_mpc_full_period_anchored_w000_anchored_start04536_24steps_trace.json,nan,0.0,0.0
full_period_anchored_w000,itransformer_co2_residual,0.0,4560,24,2020-05-22T02:25:00.000000000,2020-05-22T04:20:00.000000000,0.10305009347697099,1.048978567123413,1.0901775360107422,14.12730884552002,0.006094777453451312,0.0,0.00021593100351935017,0.2646393183080358,5.058665286364589e-05,0.0,1.7274480281548013e-05,6.78611331451939e-05,C:\repositories\strawberry\agc_mpc\results\control\summaries\itransformer_co2_residual_gradient_mpc_full_period_anchored_w000_anchored_start04560_24steps_trace.json,0.0,0.0,0.0
full_period_anchored_w000,itransformer_co2_residual,0.0,4584,24,2020-05-22T04:25:00.000000000,2020-05-22T06:20:00.000000000,0.4803885569175084,4.052265167236328,7.584697723388672,12.559588432312012,0.06156349809777723,0.005336638391731604,0.001275048087041228,0.27241819731007666,0.000510977034211551,0.00021346553566926416,0.00010200384696329823,0.0008264464168441135,C:\repositories\strawberry\agc_mpc\results\control\summaries\itransformer_co2_residual_gradient_mpc_full_period_anchored_w000_anchored_start04584_24steps_trace.json,0.0,0.0,0.0
full_period_anchored_w000,itransformer_co2_residual,0.0,4608,24,2020-05-22T06:25:00.000000000,2020-05-22T08:20:00.000000000,0.21538972792526087,2.2862155437469482,4.1323957443237305,3.6241607666015625,0.06758741359218154,0.006166572140128422,0.0038877151409358068,0.29645881131376306,0.0005609755328151068,0.00042138242957544215,0.00031101721127486454,0.0012933751736654135,C:\repositories\strawberry\agc_mpc\results\control\summaries\itransformer_co2_residual_gradient_mpc_full_period_anchored_w000_anchored_start04608_24steps_trace.json,0.0,0.0,0.0
full_period_anchored_w000,itransformer_co2_residual,0.0,4632,24,2020-05-22T08:25:00.000000000,2020-05-22T10:20:00.000000000,0.2032818514853716,0.38233938813209534,1.787846565246582,6.391916751861572,0.0,0.0,0.005051580128424431,0.32846911700280734,0.0,0.0,0.00040412641027395444,0.00040412641027395444,C:\repositories\strawberry\agc_mpc\results\control\summaries\itransformer_co2_residual_gradient_mpc_full_period_anchored_w000_anchored_start04632_24steps_trace.json,0.0,0.0,0.0
full_period_anchored_w000,itransformer_co2_residual,0.0,4656,24,2020-05-22T10:25:00.000000000,2020-05-22T12:20:00.000000000,0.13897391129285097,0.7878410220146179,1.9984644651412964,26.485158920288086,0.04366697026933396,0.008643337931100472,0.006992949297349485,0.5255276758515086,0.00036243585323547184,0.0006914670344880377,0.0005594359437879589,0.0016133388315114684,C:\repositories\strawberry\agc_mpc\results\control\summaries\itransformer_co2_residual_gradient_mpc_full_period_anchored_w000_anchored_start04656_24steps_trace.json,0.0,0.0,0.0
full_period_anchored_w000,itransformer_co2_residual,0.0,4680,24,2020-05-22T12:25:00.000000000,2020-05-22T14:20:00.000000000,0.16411220716933408,0.9948672652244568,1.4060559272766113,57.01227951049805,0.07683721752425203,0.018840187351145232,0.010064848509828667,0.6898375427330592,0.0006377489054512919,0.0015072149880916187,0.0008051878807862934,0.002950151774329204,C:\repositories\strawberry\agc_mpc\results\control\summaries\itransformer_co2_residual_gradient_mpc_full_period_anchored_w000_anchored_start04680_24steps_trace.json,0.0,0.0,0.0
full_period_anchored_w000,itransformer_co2_residual,0.0,4704,24,2020-05-22T14:25:00.000000000,2020-05-22T16:20:00.000000000,0.07865648375203212,1.1362391710281372,2.0639116764068604,17.91698455810547,0.19577430018889697,0.050876499099716796,0.008296538284316578,0.5806848952080991,0.001624926691567845,0.004070119927977344,0.0006637230627453263,0.006358769682290515,C:\repositories\strawberry\agc_mpc\results\control\summaries\itransformer_co2_residual_gradient_mpc_full_period_anchored_w000_anchored_start04704_24steps_trace.json,0.0,0.0,0.0
full_period_anchored_w000,itransformer_co2_residual,0.0,4728,24,2020-05-22T16:25:00.000000000,2020-05-22T18:20:00.000000000,0.13401334919035435,1.0833804607391357,1.2048150300979614,21.071882247924805,0.06046957902907866,0.010345330791384992,0.009095667112615011,0.5635018405554811,0.0005018975059413529,0.0008276264633107994,0.0007276533690092009,0.0020571773382613533,C:\repositories\strawberry\agc_mpc\results\control\summaries\itransformer_co2_residual_gradient_mpc_full_period_anchored_w000_anchored_start04728_24steps_trace.json,0.0,0.0,0.0
full_period_anchored_w000,itransformer_co2_residual,0.0,4752,24,2020-05-22T18:25:00.000000000,2020-05-22T20:20:00.000000000,0.18822448328137398,0.6087431311607361,3.825462579727173,3.23058819770813,0.0784782537957178,0.02047899908511216,0.00695231813808408,0.41799240715816044,0.0006513695065044577,0.001638319926808973,0.0005561854510467264,0.0028458748843601567,C:\repositories\strawberry\agc_mpc\results\control\summaries\itransformer_co2_residual_gradient_mpc_full_period_anchored_w000_anchored_start04752_24steps_trace.json,0.0,0.0,0.0
full_period_anchored_w000,itransformer_co2_residual,0.0,4776,24,2020-05-22T20:25:00.000000000,2020-05-22T22:20:00.000000000,0.11142964661121368,0.14219117164611816,2.0556671619415283,3.720200777053833,0.022356568408305234,0.000565229449898747,0.0021284666166296535,0.2697056289752924,0.00018555951778893344,4.521835599189976e-05,0.00017027732933037228,0.00040105520311120547,C:\repositories\strawberry\agc_mpc\results\control\summaries\itransformer_co2_residual_gradient_mpc_full_period_anchored_w000_anchored_start04776_24steps_trace.json,0.0,0.0,0.0
full_period_anchored_w000,itransformer_co2_residual,0.0,4800,24,2020-05-22T22:25:00.000000000,2020-05-23T00:20:00.000000000,0.0277324589745452,0.41311344504356384,0.37688636779785156,36.72881317138672,0.0,0.0,0.0,0.16362862619216184,0.0,0.0,0.0,0.0,C:\repositories\strawberry\agc_mpc\results\control\summaries\itransformer_co2_residual_gradient_mpc_full_period_anchored_w000_anchored_start04800_24steps_trace.json,nan,0.0,0.0
full_period_anchored_w000,itransformer_co2_residual,0.0,4824,24,2020-05-23T00:25:00.000000000,2020-05-23T02:20:00.000000000,0.029419000105311472,0.2991049289703369,0.8618214726448059,10.795353889465332,0.0,0.0,0.0,0.15853971996272812,0.0,0.0,0.0,0.0,C:\repositories\strawberry\agc_mpc\results\control\summaries\itransformer_co2_residual_gradient_mpc_full_period_anchored_w000_anchored_start04824_24steps_trace.json,nan,0.0,0.0
full_period_anchored_w000,itransformer_co2_residual,0.0,4848,24,2020-05-23T02:25:00.000000000,2020-05-23T04:20:00.000000000,0.031734449439682066,0.24933934211730957,0.5494744181632996,10.145103454589844,0.0,0.0,8.504999568718509e-05,0.1508990061150989,0.0,0.0,6.803999654974807e-06,6.803999654974807e-06,C:\repositories\strawberry\agc_mpc\results\control\summaries\itransformer_co2_residual_gradient_mpc_full_period_anchored_w000_anchored_start04848_24steps_trace.json,0.0,0.0,0.0
full_period_anchored_w000,itransformer_co2_residual,0.0,4872,24,2020-05-23T04:25:00.000000000,2020-05-23T06:20:00.000000000,0.06410378427244723,0.48180413246154785,1.244123101234436,10.442416191101074,0.0,0.0,0.000992819962881835,0.1709006062984119,0.0,0.0,7.94255970305468e-05,7.94255970305468e-05,C:\repositories\strawberry\agc_mpc\results\control\summaries\itransformer_co2_residual_gradient_mpc_full_period_anchored_w000_anchored_start04872_24steps_trace.json,0.0,0.0,0.0
full_period_anchored_w000,itransformer_co2_residual,0.0,4896,24,2020-05-23T06:25:00.000000000,2020-05-23T08:20:00.000000000,0.023922076526408393,0.14375965297222137,0.49216270446777344,3.3735148906707764,0.037311764530475536,0.0,0.002716017490145622,0.20884632619899382,0.000309687645602947,0.0,0.00021728139921164976,0.0005269690448145968,C:\repositories\strawberry\agc_mpc\results\control\summaries\itransformer_co2_residual_gradient_mpc_full_period_anchored_w000_anchored_start04896_24steps_trace.json,0.0,0.0,0.0
full_period_anchored_w000,itransformer_co2_residual,0.0,4920,24,2020-05-23T08:25:00.000000000,2020-05-23T10:20:00.000000000,0.05108606551463405,0.2246112823486328,0.4033994674682617,1.8553110361099243,0.10328167135314632,0.0,0.0055540231047813225,0.3467349114263695,0.0008572378722311145,0.0,0.0004443218483825058,0.0013015597206136203,C:\repositories\strawberry\agc_mpc\results\control\summaries\itransformer_co2_residual_gradient_mpc_full_period_anchored_w000_anchored_start04920_24steps_trace.json,0.0,0.0,0.0
full_period_anchored_w000,itransformer_co2_residual,0.0,4944,24,2020-05-23T10:25:00.000000000,2020-05-23T12:20:00.000000000,0.050923116194705166,0.6615591049194336,0.8913399577140808,23.097272872924805,0.036493721357308516,0.0,0.01085250103340308,0.6631881160772828,0.0003028978872656607,0.0,0.0008682000826722464,0.0011710979699379072,C:\repositories\strawberry\agc_mpc\results\control\summaries\itransformer_co2_residual_gradient_mpc_full_period_anchored_w000_anchored_start04944_24steps_trace.json,0.0,0.0,0.0
full_period_anchored_w000,itransformer_co2_residual,0.0,4968,24,2020-05-23T12:25:00.000000000,2020-05-23T14:20:00.000000000,0.07390245283022523,0.42459043860435486,0.4310727119445801,22.032068252563477,0.055329478714040675,0.0,0.013310870579777204,0.8205565606582761,0.00045923467332653763,0.0,0.0010648696463821763,0.001524104319708714,C:\repositories\strawberry\agc_mpc\results\control\summaries\itransformer_co2_residual_gradient_mpc_full_period_anchored_w000_anchored_start04968_24steps_trace.json,0.0,0.0,0.0
full_period_anchored_w000,itransformer_co2_residual,0.0,4992,24,2020-05-23T14:25:00.000000000,2020-05-23T16:20:00.000000000,0.06919209146872163,0.24451279640197754,0.3525806963443756,24.472793579101562,0.06837242520934744,0.0,0.013058271991651372,0.7969831279400311,0.0005674911292375838,0.0,0.0010446617593321097,0.0016121528885696935,C:\repositories\strawberry\agc_mpc\results\control\summaries\itransformer_co2_residual_gradient_mpc_full_period_anchored_w000_anchored_start04992_24steps_trace.json,0.0,0.0,0.0
full_period_anchored_w000,itransformer_co2_residual,0.0,5016,24,2020-05-23T16:25:00.000000000,2020-05-23T18:20:00.000000000,0.053069692105054855,0.36964941024780273,0.3165804445743561,19.456966400146484,0.06909536895144137,0.0,0.009465887503669914,0.6019442977223058,0.0005734915622969634,0.0,0.0007572710002935932,0.0013307625625905567,C:\repositories\strawberry\agc_mpc\results\control\summaries\itransformer_co2_residual_gradient_mpc_full_period_anchored_w000_anchored_start05016_24steps_trace.json,0.0,0.0,0.0
full_period_anchored_w000,itransformer_co2_residual,0.0,5040,24,2020-05-23T18:25:00.000000000,2020-05-23T20:20:00.000000000,0.025454203637006383,0.21238748729228973,0.3102780878543854,3.5712814331054688,0.0,0.0,0.005943535059569073,0.31948342517364736,0.0,0.0,0.00047548280476552587,0.00047548280476552587,C:\repositories\strawberry\agc_mpc\results\control\summaries\itransformer_co2_residual_gradient_mpc_full_period_anchored_w000_anchored_start05040_24steps_trace.json,0.0,0.0,0.0
full_period_anchored_w000,itransformer_co2_residual,0.0,5064,24,2020-05-23T20:25:00.000000000,2020-05-23T22:20:00.000000000,0.03373402489038805,0.17652957141399384,0.24699752032756805,4.847064971923828,0.0,0.0,0.0009463092678240134,0.14739507160255225,0.0,0.0,7.570474142592107e-05,7.570474142592107e-05,C:\repositories\strawberry\agc_mpc\results\control\summaries\itransformer_co2_residual_gradient_mpc_full_period_anchored_w000_anchored_start05064_24steps_trace.json,0.0,0.0,0.0
full_period_anchored_w000,itransformer_co2_residual,0.0,5088,24,2020-05-23T22:25:00.000000000,2020-05-24T00:20:00.000000000,0.023505304319163162,0.18632309138774872,0.25238099694252014,13.762003898620605,0.0,0.0,0.0,0.13347957983522768,0.0,0.0,0.0,0.0,C:\repositories\strawberry\agc_mpc\results\control\summaries\itransformer_co2_residual_gradient_mpc_full_period_anchored_w000_anchored_start05088_24steps_trace.json,nan,0.0,0.0
full_period_anchored_w000,itransformer_co2_residual,0.0,5112,24,2020-05-24T00:25:00.000000000,2020-05-24T02:20:00.000000000,0.023537579535817105,0.33164548873901367,0.7025473713874817,12.592643737792969,0.0,0.0,0.0,0.16926792498219262,0.0,0.0,0.0,0.0,C:\repositories\strawberry\agc_mpc\results\control\summaries\itransformer_co2_residual_gradient_mpc_full_period_anchored_w000_anchored_start05112_24steps_trace.json,nan,0.0,0.0
full_period_anchored_w000,itransformer_co2_residual,0.0,5136,24,2020-05-24T02:25:00.000000000,2020-05-24T04:20:00.000000000,0.042059963646655284,0.35799774527549744,0.8089306950569153,13.294647216796875,0.0022746194775336475,0.0,0.0007079596867356565,0.14600038930382514,1.8879341663529273e-05,0.0,5.663677493885252e-05,7.551611660238179e-05,C:\repositories\strawberry\agc_mpc\results\control\summaries\itransformer_co2_residual_gradient_mpc_full_period_anchored_w000_anchored_start05136_24steps_trace.json,0.0,0.0,0.0
full_period_anchored_w000,itransformer_co2_residual,0.0,5160,24,2020-05-24T04:25:00.000000000,2020-05-24T06:20:00.000000000,0.0766179054044187,0.4789566993713379,1.2036138772964478,15.438220024108887,0.030868062951259052,0.0,0.0012755411200287606,0.20048501255740347,0.00025620492249545015,0.0,0.00010204328960230085,0.000358248212097751,C:\repositories\strawberry\agc_mpc\results\control\summaries\itransformer_co2_residual_gradient_mpc_full_period_anchored_w000_anchored_start05160_24steps_trace.json,0.0,0.0,0.0
full_period_anchored_w000,itransformer_co2_residual,0.0,5184,24,2020-05-24T06:25:00.000000000,2020-05-24T08:20:00.000000000,0.02547562246521314,0.1698346883058548,0.39163875579833984,3.2080459594726562,0.040294253332501806,0.0,0.0037180348463749626,0.23784925730593703,0.000334442302659765,0.0,0.00029744278770999703,0.000631885090369762,C:\repositories\strawberry\agc_mpc\results\control\summaries\itransformer_co2_residual_gradient_mpc_full_period_anchored_w000_anchored_start05184_24steps_trace.json,0.0,0.0,0.0
full_period_anchored_w000,itransformer_co2_residual,0.0,5208,24,2020-05-24T08:25:00.000000000,2020-05-24T10:20:00.000000000,0.059964530946065984,0.7069792747497559,1.2724937200546265,2.2785747051239014,0.23135734240660405,0.006026467559238894,0.004108609870947667,0.3425457676909551,0.0019202659419748137,0.0004821174047391115,0.0003286887896758134,0.0027310721363897382,C:\repositories\strawberry\agc_mpc\results\control\summaries\itransformer_co2_residual_gradient_mpc_full_period_anchored_w000_anchored_start05208_24steps_trace.json,0.0,0.0,0.0
full_period_anchored_w000,itransformer_co2_residual,0.0,5232,24,2020-05-24T10:25:00.000000000,2020-05-24T12:20:00.000000000,0.07001888783027728,0.8839089274406433,1.164324402809143,5.9516119956970215,0.35953971478442504,0.059778045309007904,0.004386472188910314,0.4035901260941933,0.002984179632710728,0.004782243624720632,0.0003509177751128251,0.008117341032544186,C:\repositories\strawberry\agc_mpc\results\control\summaries\itransformer_co2_residual_gradient_mpc_full_period_anchored_w000_anchored_start05232_24steps_trace.json,0.0,0.0,0.0
full_period_anchored_w000,itransformer_co2_residual,0.0,5256,24,2020-05-24T12:25:00.000000000,2020-05-24T14:20:00.000000000,0.05174372841914495,0.2273578643798828,0.6170549392700195,2.2818450927734375,0.12624600756385468,0.0,0.0036581702029293483,0.26206177813445514,0.0010478418627799938,0.0,0.00029265361623434787,0.0013404954790143418,C:\repositories\strawberry\agc_mpc\results\control\summaries\itransformer_co2_residual_gradient_mpc_full_period_anchored_w000_anchored_start05256_24steps_trace.json,0.0,0.0,0.0
full_period_anchored_w000,itransformer_co2_residual,0.0,5280,24,2020-05-24T14:25:00.000000000,2020-05-24T16:20:00.000000000,0.05511523379633824,0.1683594435453415,0.43347644805908203,2.88500714302063,0.08879171517497747,0.0,0.00374716830809309,0.2501223661493108,0.000736971235952313,0.0,0.00029977346464744723,0.0010367447005997603,C:\repositories\strawberry\agc_mpc\results\control\summaries\itransformer_co2_residual_gradient_mpc_full_period_anchored_w000_anchored_start05280_24steps_trace.json,0.0,0.0,0.0
full_period_anchored_w000,itransformer_co2_residual,0.0,5304,24,2020-05-24T16:25:00.000000000,2020-05-24T18:20:00.000000000,0.09727411732698481,0.20176386833190918,0.6527350544929504,2.4806034564971924,0.05968619743088478,0.0,0.0037211948934004774,0.25429493443392504,0.0004953954386763437,0.0,0.0002976955914720382,0.0007930910301483818,C:\repositories\strawberry\agc_mpc\results\control\summaries\itransformer_co2_residual_gradient_mpc_full_period_anchored_w000_anchored_start05304_24steps_trace.json,0.0,0.0,0.0
full_period_anchored_w000,itransformer_co2_residual,0.0,5328,24,2020-05-24T18:25:00.000000000,2020-05-24T20:20:00.000000000,0.05584425455890596,0.21670468151569366,1.067330002784729,4.3729987144470215,0.0,0.0,0.0031698539317041594,0.23469845823561822,0.0,0.0,0.00025358831453633276,0.00025358831453633276,C:\repositories\strawberry\agc_mpc\results\control\summaries\itransformer_co2_residual_gradient_mpc_full_period_anchored_w000_anchored_start05328_24steps_trace.json,0.0,0.0,0.0
full_period_anchored_w000,itransformer_co2_residual,0.0,5352,24,2020-05-24T20:25:00.000000000,2020-05-24T22:20:00.000000000,0.035422790717954435,0.13241982460021973,0.77040034532547,8.753161430358887,0.0,0.0,0.0009618271842839598,0.13952326218097594,0.0,0.0,7.694617474271679e-05,7.694617474271679e-05,C:\repositories\strawberry\agc_mpc\results\control\summaries\itransformer_co2_residual_gradient_mpc_full_period_anchored_w000_anchored_start05352_24steps_trace.json,0.0,0.0,0.0
full_period_anchored_w000,itransformer_co2_residual,0.0,5376,24,2020-05-24T22:25:00.000000000,2020-05-25T00:20:00.000000000,0.030376596764350932,0.12006258964538574,0.45808887481689453,15.047245979309082,0.0,0.0,0.0,0.13868341585807994,0.0,0.0,0.0,0.0,C:\repositories\strawberry\agc_mpc\results\control\summaries\itransformer_co2_residual_gradient_mpc_full_period_anchored_w000_anchored_start05376_24steps_trace.json,nan,0.0,0.0
full_period_anchored_w000,itransformer_co2_residual,0.0,5400,24,2020-05-25T00:25:00.000000000,2020-05-25T02:20:00.000000000,0.04523607591787974,0.2350713461637497,0.5329415202140808,13.953295707702637,0.017898593353276777,0.0,0.00016332840724317995,0.15577182251473073,0.00014855832483219724,0.0,1.3066272579454396e-05,0.00016162459741165164,C:\repositories\strawberry\agc_mpc\results\control\summaries\itransformer_co2_residual_gradient_mpc_full_period_anchored_w000_anchored_start05400_24steps_trace.json,0.0,0.0,0.0
full_period_anchored_w000,itransformer_co2_residual,0.0,5424,24,2020-05-25T02:25:00.000000000,2020-05-25T04:20:00.000000000,0.052429449899743,0.3233862817287445,0.4333629608154297,16.00324821472168,0.01872198312482611,0.0,0.00028293205114035525,0.1509669386472432,0.0001553924599360567,0.0,2.263456409122842e-05,0.00017802702402728513,C:\repositories\strawberry\agc_mpc\results\control\summaries\itransformer_co2_residual_gradient_mpc_full_period_anchored_w000_anchored_start05424_24steps_trace.json,0.0,0.0,0.0
full_period_anchored_w000,itransformer_co2_residual,0.0,5448,24,2020-05-25T04:25:00.000000000,2020-05-25T06:20:00.000000000,0.060077340031663574,0.37476715445518494,0.6267887949943542,15.892852783203125,0.04950091421491277,0.0,0.0002658926685608784,0.1707936636944445,0.00041085758798377597,0.0,2.1271413484870275e-05,0.00043212900146864623,C:\repositories\strawberry\agc_mpc\results\control\summaries\itransformer_co2_residual_gradient_mpc_full_period_anchored_w000_anchored_start05448_24steps_trace.json,0.0,0.0,0.0
full_period_anchored_w000,itransformer_co2_residual,0.0,5472,24,2020-05-25T06:25:00.000000000,2020-05-25T08:20:00.000000000,0.04220442512693504,0.17903876304626465,0.8105964660644531,4.3830695152282715,0.03187841600919453,0.0,0.0031297938835744854,0.2946558837683247,0.0002645908528763146,0.0,0.0002503835106859588,0.0005149743635622735,C:\repositories\strawberry\agc_mpc\results\control\summaries\itransformer_co2_residual_gradient_mpc_full_period_anchored_w000_anchored_start05472_24steps_trace.json,0.0,0.0,0.0
full_period_anchored_w000,itransformer_co2_residual,0.0,5496,24,2020-05-25T08:25:00.000000000,2020-05-25T10:20:00.000000000,0.12257340395202239,0.4998033046722412,1.370663046836853,10.7633638381958,0.037664953760634425,0.0,0.007568431736464673,0.5206902356011618,0.0003126191162132657,0.0,0.0006054745389171739,0.0009180936551304395,C:\repositories\strawberry\agc_mpc\results\control\summaries\itransformer_co2_residual_gradient_mpc_full_period_anchored_w000_anchored_start05496_24steps_trace.json,0.0,0.0,0.0
full_period_anchored_w000,itransformer_co2_residual,0.0,5520,24,2020-05-25T10:25:00.000000000,2020-05-25T12:20:00.000000000,0.09424448184048136,0.7125749588012695,1.3997811079025269,25.37506103515625,0.0,0.0,0.009937812360275846,0.7080861983082728,0.0,0.0,0.0007950249888220677,0.0007950249888220677,C:\repositories\strawberry\agc_mpc\results\control\summaries\itransformer_co2_residual_gradient_mpc_full_period_anchored_w000_anchored_start05520_24steps_trace.json,0.0,0.0,0.0
full_period_anchored_w000,itransformer_co2_residual,0.0,5544,24,2020-05-25T12:25:00.000000000,2020-05-25T14:20:00.000000000,0.051926920345673956,0.5246668457984924,0.6188605427742004,9.787986755371094,0.016566573227198324,0.0,0.013363097548620827,0.7925395982980632,0.0001375025577857461,0.0,0.0010690478038896663,0.0012065503616754123,C:\repositories\strawberry\agc_mpc\results\control\summaries\itransformer_co2_residual_gradient_mpc_full_period_anchored_w000_anchored_start05544_24steps_trace.json,0.0,0.0,0.0
full_period_anchored_w000,itransformer_co2_residual,0.0,5568,24,2020-05-25T14:25:00.000000000,2020-05-25T16:20:00.000000000,0.06084869538123409,0.6678852438926697,0.5976986885070801,8.24616527557373,0.0,0.0,0.012232907621741552,0.7533405539863212,0.0,0.0,0.0009786326097393242,0.0009786326097393242,C:\repositories\strawberry\agc_mpc\results\control\summaries\itransformer_co2_residual_gradient_mpc_full_period_anchored_w000_anchored_start05568_24steps_trace.json,0.0,0.0,0.0
full_period_anchored_w000,itransformer_co2_residual,0.0,5592,24,2020-05-25T16:25:00.000000000,2020-05-25T18:20:00.000000000,0.061799056750411786,0.4161633551120758,0.3997058868408203,7.68057107925415,0.054577028908026716,0.0,0.00930747999773903,0.6071976457560793,0.00045298933993662176,0.0,0.0007445983998191224,0.0011975877397557442,C:\repositories\strawberry\agc_mpc\results\control\summaries\itransformer_co2_residual_gradient_mpc_full_period_anchored_w000_anchored_start05592_24steps_trace.json,0.0,0.0,0.0
full_period_anchored_w000,itransformer_co2_residual,0.0,5616,24,2020-05-25T18:25:00.000000000,2020-05-25T20:20:00.000000000,0.04434997596157094,0.37733569741249084,0.6485660672187805,2.528294801712036,0.0,0.0,0.004679744878125616,0.34930343230656624,0.0,0.0,0.0003743795902500493,0.0003743795902500493,C:\repositories\strawberry\agc_mpc\results\control\summaries\itransformer_co2_residual_gradient_mpc_full_period_anchored_w000_anchored_start05616_24steps_trace.json,0.0,0.0,0.0
full_period_anchored_w000,itransformer_co2_residual,0.0,5640,24,2020-05-25T20:25:00.000000000,2020-05-25T22:20:00.000000000,0.026351147525322933,0.2474806308746338,0.5566923022270203,2.4907009601593018,0.0,0.0,0.0,0.17349857801814844,0.0,0.0,0.0,0.0,C:\repositories\strawberry\agc_mpc\results\control\summaries\itransformer_co2_residual_gradient_mpc_full_period_anchored_w000_anchored_start05640_24steps_trace.json,nan,0.0,0.0
full_period_anchored_w000,itransformer_co2_residual,0.0,5664,24,2020-05-25T22:25:00.000000000,2020-05-26T00:20:00.000000000,0.017965233302675188,0.20550329983234406,0.4264751970767975,7.39928674697876,0.0,0.0,0.0,0.1359692475063646,0.0,0.0,0.0,0.0,C:\repositories\strawberry\agc_mpc\results\control\summaries\itransformer_co2_residual_gradient_mpc_full_period_anchored_w000_anchored_start05664_24steps_trace.json,nan,0.0,0.0
full_period_anchored_w000,itransformer_co2_residual,0.0,5688,24,2020-05-26T00:25:00.000000000,2020-05-26T02:20:00.000000000,0.025895915071790416,0.3645907938480377,0.6492154002189636,10.348579406738281,0.0,0.0,0.0,0.16632855253130438,0.0,0.0,0.0,0.0,C:\repositories\strawberry\agc_mpc\results\control\summaries\itransformer_co2_residual_gradient_mpc_full_period_anchored_w000_anchored_start05688_24steps_trace.json,nan,0.0,0.0
full_period_anchored_w000,itransformer_co2_residual,0.0,5712,24,2020-05-26T02:25:00.000000000,2020-05-26T04:20:00.000000000,0.03726939779395858,0.33125725388526917,0.7210467457771301,9.962336540222168,0.013734766047470204,0.0,0.0,0.1593242070622481,0.00011399855819400269,0.0,0.0,0.00011399855819400269,C:\repositories\strawberry\agc_mpc\results\control\summaries\itransformer_co2_residual_gradient_mpc_full_period_anchored_w000_anchored_start05712_24steps_trace.json,0.0,0.0,0.0
full_period_anchored_w000,itransformer_co2_residual,0.0,5736,24,2020-05-26T04:25:00.000000000,2020-05-26T06:20:00.000000000,0.08252482822475334,0.891320526599884,2.388608932495117,13.468356132507324,0.03420207281698504,0.0,4.961542640634486e-05,0.22245198292659746,0.0002838772043809758,0.0,3.969234112507589e-06,0.0002878464384934834,C:\repositories\strawberry\agc_mpc\results\control\summaries\itransformer_co2_residual_gradient_mpc_full_period_anchored_w000_anchored_start05736_24steps_trace.json,0.0,0.0,0.0
full_period_anchored_w000,itransformer_co2_residual,0.0,5760,24,2020-05-26T06:25:00.000000000,2020-05-26T08:20:00.000000000,0.03909636203510066,0.1485505849123001,0.9765567779541016,5.30694055557251,0.029510879651863293,0.0,0.002649976208049804,0.24714426660606587,0.0002449403011104653,0.0,0.00021199809664398432,0.00045693839775444965,C:\repositories\strawberry\agc_mpc\results\control\summaries\itransformer_co2_residual_gradient_mpc_full_period_anchored_w000_anchored_start05760_24steps_trace.json,0.0,0.0,0.0
full_period_anchored_w000,itransformer_co2_residual,0.0,5784,24,2020-05-26T08:25:00.000000000,2020-05-26T10:20:00.000000000,0.09772294511397679,0.5681614279747009,0.8049173355102539,5.266695499420166,0.07703942896697566,0.0,0.007271249216337782,0.5047769906421885,0.000639427260425898,0.0,0.0005816999373070226,0.0012211271977329206,C:\repositories\strawberry\agc_mpc\results\control\summaries\itransformer_co2_residual_gradient_mpc_full_period_anchored_w000_anchored_start05784_24steps_trace.json,0.0,0.0,0.0
full_period_anchored_w000,itransformer_co2_residual,0.0,5808,24,2020-05-26T10:25:00.000000000,2020-05-26T12:20:00.000000000,0.08852143368373315,0.5767925381660461,0.4920552670955658,9.232670783996582,0.05260705232942903,0.0,0.01093439548972969,0.7063538730911151,0.0004366385343342609,0.0,0.0008747516391783753,0.001311390173512636,C:\repositories\strawberry\agc_mpc\results\control\summaries\itransformer_co2_residual_gradient_mpc_full_period_anchored_w000_anchored_start05808_24steps_trace.json,0.0,0.0,0.0
full_period_anchored_w000,itransformer_co2_residual,0.0,5832,24,2020-05-26T12:25:00.000000000,2020-05-26T14:20:00.000000000,0.11049798720826705,0.7567694187164307,0.8415932655334473,20.619810104370117,0.04441016528363345,0.01797720732593174,0.013058827368878855,0.8095975023754776,0.0003686043718541577,0.0014381765860745392,0.0010447061895103083,0.0028514871474390052,C:\repositories\strawberry\agc_mpc\results\control\summaries\itransformer_co2_residual_gradient_mpc_full_period_anchored_w000_anchored_start05832_24steps_trace.json,0.0,0.0,0.0
full_period_anchored_w000,itransformer_co2_residual,0.0,5856,24,2020-05-26T14:25:00.000000000,2020-05-26T16:20:00.000000000,0.11211338546127081,0.41714540123939514,0.832101047039032,17.132352828979492,0.007433170393127473,0.00043165656571475926,0.011890538093829648,0.7163212888104065,6.169531426295802e-05,3.453252525718074e-05,0.0009512430475063718,0.0010474708870265106,C:\repositories\strawberry\agc_mpc\results\control\summaries\itransformer_co2_residual_gradient_mpc_full_period_anchored_w000_anchored_start05856_24steps_trace.json,0.0,0.0,0.0
full_period_anchored_w000,itransformer_co2_residual,0.0,5880,24,2020-05-26T16:25:00.000000000,2020-05-26T18:20:00.000000000,0.05910980934277177,0.5361311435699463,0.5278002619743347,15.359196662902832,0.0,0.0,0.008975282912383538,0.6069706524261691,0.0,0.0,0.000718022632990683,0.000718022632990683,C:\repositories\strawberry\agc_mpc\results\control\summaries\itransformer_co2_residual_gradient_mpc_full_period_anchored_w000_anchored_start05880_24steps_trace.json,0.0,0.0,0.0
full_period_anchored_w000,itransformer_co2_residual,0.0,5904,24,2020-05-26T18:25:00.000000000,2020-05-26T20:20:00.000000000,0.07069805761178334,0.5856366157531738,1.8368768692016602,5.074228763580322,0.0,0.0,0.003759293882721842,0.32039212189122873,0.0,0.0,0.0003007435106177474,0.0003007435106177474,C:\repositories\strawberry\agc_mpc\results\control\summaries\itransformer_co2_residual_gradient_mpc_full_period_anchored_w000_anchored_start05904_24steps_trace.json,0.0,0.0,0.0
full_period_anchored_w000,itransformer_co2_residual,0.0,5928,24,2020-05-26T20:25:00.000000000,2020-05-26T22:20:00.000000000,0.05353272636421025,0.23842890560626984,0.34654903411865234,2.7955996990203857,0.0,0.0,0.0,0.16805601094185013,0.0,0.0,0.0,0.0,C:\repositories\strawberry\agc_mpc\results\control\summaries\itransformer_co2_residual_gradient_mpc_full_period_anchored_w000_anchored_start05928_24steps_trace.json,nan,0.0,0.0
full_period_anchored_w000,itransformer_co2_residual,0.0,5952,24,2020-05-26T22:25:00.000000000,2020-05-27T00:20:00.000000000,0.0390859927671651,0.46014413237571716,0.6785008311271667,26.45249366760254,0.0,0.0,0.0,0.1693783307458579,0.0,0.0,0.0,0.0,C:\repositories\strawberry\agc_mpc\results\control\summaries\itransformer_co2_residual_gradient_mpc_full_period_anchored_w000_anchored_start05952_24steps_trace.json,nan,0.0,0.0
full_period_anchored_w000,itransformer_co2_residual,0.0,5976,24,2020-05-27T00:25:00.000000000,2020-05-27T02:20:00.000000000,0.03159770260875424,0.5834974646568298,1.846819281578064,28.391660690307617,0.0,0.0,0.0,0.13115654700054194,0.0,0.0,0.0,0.0,C:\repositories\strawberry\agc_mpc\results\control\summaries\itransformer_co2_residual_gradient_mpc_full_period_anchored_w000_anchored_start05976_24steps_trace.json,nan,0.0,0.0
full_period_anchored_w000,itransformer_co2_residual,0.0,6000,24,2020-05-27T02:25:00.000000000,2020-05-27T04:20:00.000000000,0.03250749548897147,0.12514734268188477,0.28306007385253906,9.880424499511719,0.0,0.0,0.0,0.11076653976887954,0.0,0.0,0.0,0.0,C:\repositories\strawberry\agc_mpc\results\control\summaries\itransformer_co2_residual_gradient_mpc_full_period_anchored_w000_anchored_start06000_24steps_trace.json,nan,0.0,0.0
full_period_anchored_w000,itransformer_co2_residual,0.0,6024,24,2020-05-27T04:25:00.000000000,2020-05-27T06:20:00.000000000,0.06971418492806454,0.5994415283203125,1.8004865646362305,10.9679536819458,0.0,0.0,4.744584649755192e-05,0.19646712283219547,0.0,0.0,3.795667719804154e-06,3.795667719804154e-06,C:\repositories\strawberry\agc_mpc\results\control\summaries\itransformer_co2_residual_gradient_mpc_full_period_anchored_w000_anchored_start06024_24steps_trace.json,0.0,0.0,0.0
full_period_anchored_w000,itransformer_co2_residual,0.0,6048,24,2020-05-27T06:25:00.000000000,2020-05-27T08:20:00.000000000,0.03284323882932464,0.1583193987607956,0.4297901690006256,3.285888671875,0.018329951022663316,0.0,0.0030692464298457994,0.24944226846155196,0.00015213859348810552,0.0,0.00024553971438766396,0.00039767830787576947,C:\repositories\strawberry\agc_mpc\results\control\summaries\itransformer_co2_residual_gradient_mpc_full_period_anchored_w000_anchored_start06048_24steps_trace.json,0.0,0.0,0.0
full_period_anchored_w000,itransformer_co2_residual,0.0,6072,24,2020-05-27T08:25:00.000000000,2020-05-27T10:20:00.000000000,0.052039271065344415,0.3031884729862213,0.4915221631526947,8.132109642028809,0.04246800930824191,0.0,0.007380518919209515,0.5080755118874275,0.0003524844772584079,0.0,0.0005904415135367612,0.0009429259907951691,C:\repositories\strawberry\agc_mpc\results\control\summaries\itransformer_co2_residual_gradient_mpc_full_period_anchored_w000_anchored_start06072_24steps_trace.json,0.0,0.0,0.0
full_period_anchored_w000,itransformer_co2_residual,0.0,6096,24,2020-05-27T10:25:00.000000000,2020-05-27T12:20:00.000000000,0.06111006407688061,0.6722938418388367,0.8534424901008606,27.850799560546875,0.0301195533649328,0.0,0.011022312102444533,0.7463744051730098,0.0002499922929289422,0.0,0.0008817849681955627,0.0011317772611245049,C:\repositories\strawberry\agc_mpc\results\control\summaries\itransformer_co2_residual_gradient_mpc_full_period_anchored_w000_anchored_start06096_24steps_trace.json,0.0,0.0,0.0
full_period_anchored_w000,itransformer_co2_residual,0.0,6120,24,2020-05-27T12:25:00.000000000,2020-05-27T14:20:00.000000000,0.06592482468113303,0.4130457937717438,0.35804224014282227,25.03773307800293,0.02782935045162046,0.0,0.012187102164941824,0.8242311561948621,0.00023098360874844982,0.0,0.000974968173195346,0.0012059517819437958,C:\repositories\strawberry\agc_mpc\results\control\summaries\itransformer_co2_residual_gradient_mpc_full_period_anchored_w000_anchored_start06120_24steps_trace.json,0.0,0.0,0.0
full_period_anchored_w000,itransformer_co2_residual,0.0,6144,24,2020-05-27T14:25:00.000000000,2020-05-27T16:20:00.000000000,0.07164783139402668,0.4703669548034668,0.5312359929084778,25.11362648010254,0.026752593231070078,0.0,0.011410114419775338,0.7554338571010724,0.00022204652381788164,0.0,0.0009128091535820271,0.0011348556773999087,C:\repositories\strawberry\agc_mpc\results\control\summaries\itransformer_co2_residual_gradient_mpc_full_period_anchored_w000_anchored_start06144_24steps_trace.json,0.0,0.0,0.0
full_period_anchored_w000,itransformer_co2_residual,0.0,6168,24,2020-05-27T16:25:00.000000000,2020-05-27T18:20:00.000000000,0.058391576865687966,0.2913006842136383,0.21536414325237274,12.328285217285156,0.03963059882772219,0.0,0.00790786268469964,0.5866583135184853,0.0003289339702700942,0.0,0.0006326290147759712,0.0009615629850460654,C:\repositories\strawberry\agc_mpc\results\control\summaries\itransformer_co2_residual_gradient_mpc_full_period_anchored_w000_anchored_start06168_24steps_trace.json,0.0,0.0,0.0
full_period_anchored_w000,itransformer_co2_residual,0.0,6192,24,2020-05-27T18:25:00.000000000,2020-05-27T20:20:00.000000000,0.08663275636111696,0.30282607674598694,0.9837052226066589,3.5713894367218018,0.0,0.0,0.00377371542856198,0.3159492303726692,0.0,0.0,0.00030189723428495843,0.00030189723428495843,C:\repositories\strawberry\agc_mpc\results\control\summaries\itransformer_co2_residual_gradient_mpc_full_period_anchored_w000_anchored_start06192_24steps_trace.json,0.0,0.0,0.0
full_period_anchored_w000,itransformer_co2_residual,0.0,6216,24,2020-05-27T20:25:00.000000000,2020-05-27T22:20:00.000000000,0.028999062565465767,0.2000846117734909,0.2628863751888275,9.694533348083496,0.0,0.0,0.0,0.15336385210862674,0.0,0.0,0.0,0.0,C:\repositories\strawberry\agc_mpc\results\control\summaries\itransformer_co2_residual_gradient_mpc_full_period_anchored_w000_anchored_start06216_24steps_trace.json,nan,0.0,0.0
full_period_anchored_w000,itransformer_co2_residual,0.0,6240,24,2020-05-27T22:25:00.000000000,2020-05-28T00:20:00.000000000,0.01793799743366738,0.20573210716247559,0.23998324573040009,17.27163314819336,0.0,0.0,0.0,0.12754927477772643,0.0,0.0,0.0,0.0,C:\repositories\strawberry\agc_mpc\results\control\summaries\itransformer_co2_residual_gradient_mpc_full_period_anchored_w000_anchored_start06240_24steps_trace.json,nan,0.0,0.0
full_period_anchored_w000,itransformer_co2_residual,0.0,6264,24,2020-05-28T00:25:00.000000000,2020-05-28T02:20:00.000000000,0.019524111761711538,0.15286414325237274,0.3088735044002533,11.580162048339844,0.0,0.0,0.0,0.1265241718514789,0.0,0.0,0.0,0.0,C:\repositories\strawberry\agc_mpc\results\control\summaries\itransformer_co2_residual_gradient_mpc_full_period_anchored_w000_anchored_start06264_24steps_trace.json,nan,0.0,0.0
full_period_anchored_w000,itransformer_co2_residual,0.0,6288,24,2020-05-28T02:25:00.000000000,2020-05-28T04:20:00.000000000,0.050798519824941955,0.419363409280777,1.0241800546646118,7.833010196685791,0.0,0.0,0.0,0.15467113845867175,0.0,0.0,0.0,0.0,C:\repositories\strawberry\agc_mpc\results\control\summaries\itransformer_co2_residual_gradient_mpc_full_period_anchored_w000_anchored_start06288_24steps_trace.json,nan,0.0,0.0
full_period_anchored_w000,itransformer_co2_residual,0.0,6312,24,2020-05-28T04:25:00.000000000,2020-05-28T06:20:00.000000000,0.18225292085359493,1.1233994960784912,4.627713680267334,13.369117736816406,0.017123520895966367,0.003185058089090821,2.4078886990854567e-05,0.20474128650565207,0.00014212522343652086,0.00012740232356363285,1.9263109592683656e-06,0.00027145385795942204,C:\repositories\strawberry\agc_mpc\results\control\summaries\itransformer_co2_residual_gradient_mpc_full_period_anchored_w000_anchored_start06312_24steps_trace.json,0.0,0.0,0.0
full_period_anchored_w000,itransformer_co2_residual,0.0,6336,24,2020-05-28T06:25:00.000000000,2020-05-28T08:20:00.000000000,0.04442758260605236,0.2120753973722458,1.8108257055282593,3.3250935077667236,0.0927827329052149,0.0,0.0030505065062490138,0.27923056204616276,0.0007700966831132837,0.0,0.0002440405204999211,0.0010141372036132049,C:\repositories\strawberry\agc_mpc\results\control\summaries\itransformer_co2_residual_gradient_mpc_full_period_anchored_w000_anchored_start06336_24steps_trace.json,0.0,0.0,0.0
full_period_anchored_w000,itransformer_co2_residual,0.0,6360,24,2020-05-28T08:25:00.000000000,2020-05-28T10:20:00.000000000,0.04369912141313156,0.5307638645172119,0.3266453742980957,3.4536056518554688,0.10205607595013416,0.0,0.007312335540048185,0.4974985738441116,0.0008470654303861135,0.0,0.0005849868432038547,0.0014320522735899682,C:\repositories\strawberry\agc_mpc\results\control\summaries\itransformer_co2_residual_gradient_mpc_full_period_anchored_w000_anchored_start06360_24steps_trace.json,0.0,0.0,0.0
full_period_anchored_w000,itransformer_co2_residual,0.0,6384,24,2020-05-28T10:25:00.000000000,2020-05-28T12:20:00.000000000,0.06515466421842575,0.5387535691261292,0.4761422574520111,18.433753967285156,0.048677399446571186,0.0,0.010056767620747633,0.6911348269711315,0.00040402241540654085,0.0,0.0008045414096598107,0.0012085638250663516,C:\repositories\strawberry\agc_mpc\results\control\summaries\itransformer_co2_residual_gradient_mpc_full_period_anchored_w000_anchored_start06384_24steps_trace.json,0.0,0.0,0.0
full_period_anchored_w000,itransformer_co2_residual,0.0,6408,24,2020-05-28T12:25:00.000000000,2020-05-28T14:20:00.000000000,0.08602814314266045,0.4501000940799713,0.2724558413028717,20.744653701782227,0.07309566039950839,0.0,0.011960922970121086,0.7898803166670381,0.0006066939813159196,0.0,0.0009568738376096869,0.0015635678189256067,C:\repositories\strawberry\agc_mpc\results\control\summaries\itransformer_co2_residual_gradient_mpc_full_period_anchored_w000_anchored_start06408_24steps_trace.json,0.0,0.0,0.0
full_period_anchored_w000,itransformer_co2_residual,0.0,6432,24,2020-05-28T14:25:00.000000000,2020-05-28T16:20:00.000000000,0.12707753634701172,0.5878395438194275,0.5020890235900879,21.353233337402344,0.08502787196286768,0.00978201578026236,0.011962708615914239,0.7633336466085614,0.0007057313372918017,0.0007825612624209888,0.0009570166892731391,0.0024453092889859295,C:\repositories\strawberry\agc_mpc\results\control\summaries\itransformer_co2_residual_gradient_mpc_full_period_anchored_w000_anchored_start06432_24steps_trace.json,0.0,0.0,0.0
full_period_anchored_w000,itransformer_co2_residual,0.0,6456,24,2020-05-28T16:25:00.000000000,2020-05-28T18:20:00.000000000,0.06684767610083024,0.541706383228302,0.5574579238891602,16.843523025512695,0.06502159594921937,0.0,0.009015472414225654,0.6128498391544026,0.0005396792463785208,0.0,0.0007212377931380523,0.001260917039516573,C:\repositories\strawberry\agc_mpc\results\control\summaries\itransformer_co2_residual_gradient_mpc_full_period_anchored_w000_anchored_start06456_24steps_trace.json,0.0,0.0,0.0
full_period_anchored_w000,itransformer_co2_residual,0.0,6480,24,2020-05-28T18:25:00.000000000,2020-05-28T20:20:00.000000000,0.04360613878816366,0.5218835473060608,1.1220473051071167,3.69903564453125,0.0,0.0,0.004690779841274057,0.3628072788839115,0.0,0.0,0.0003752623873019246,0.0003752623873019246,C:\repositories\strawberry\agc_mpc\results\control\summaries\itransformer_co2_residual_gradient_mpc_full_period_anchored_w000_anchored_start06480_24steps_trace.json,0.0,0.0,0.0
full_period_anchored_w000,itransformer_co2_residual,0.0,6504,24,2020-05-28T20:25:00.000000000,2020-05-28T22:20:00.000000000,0.018967233831062913,0.17197823524475098,0.3064468801021576,3.2402801513671875,0.0,0.0,0.0,0.14325548268854413,0.0,0.0,0.0,0.0,C:\repositories\strawberry\agc_mpc\results\control\summaries\itransformer_co2_residual_gradient_mpc_full_period_anchored_w000_anchored_start06504_24steps_trace.json,nan,0.0,0.0
full_period_anchored_w000,itransformer_co2_residual,0.0,6528,24,2020-05-28T22:25:00.000000000,2020-05-29T00:20:00.000000000,0.05025821505114436,0.47021445631980896,0.2952016294002533,53.65007400512695,0.0,0.0,0.0,0.14056540849037386,0.0,0.0,0.0,0.0,C:\repositories\strawberry\agc_mpc\results\control\summaries\itransformer_co2_residual_gradient_mpc_full_period_anchored_w000_anchored_start06528_24steps_trace.json,nan,0.0,0.0
full_period_anchored_w000,itransformer_co2_residual,0.0,6552,24,2020-05-29T00:25:00.000000000,2020-05-29T02:20:00.000000000,0.01733888309293737,0.1647590845823288,0.39403948187828064,15.738896369934082,0.0,0.0,0.0,0.11630760912770378,0.0,0.0,0.0,0.0,C:\repositories\strawberry\agc_mpc\results\control\summaries\itransformer_co2_residual_gradient_mpc_full_period_anchored_w000_anchored_start06552_24steps_trace.json,nan,0.0,0.0
full_period_anchored_w000,itransformer_co2_residual,0.0,6576,24,2020-05-29T02:25:00.000000000,2020-05-29T04:20:00.000000000,0.04206630471162498,0.22981087863445282,0.8967097401618958,7.5669097900390625,0.0,0.0,0.0,0.13055081379405015,0.0,0.0,0.0,0.0,C:\repositories\strawberry\agc_mpc\results\control\summaries\itransformer_co2_residual_gradient_mpc_full_period_anchored_w000_anchored_start06576_24steps_trace.json,nan,0.0,0.0
full_period_anchored_w000,itransformer_co2_residual,0.0,6600,24,2020-05-29T04:25:00.000000000,2020-05-29T06:20:00.000000000,0.2551611239711444,1.0342496633529663,6.2882819175720215,11.03650188446045,0.0,0.0,0.0,0.17625582466024697,0.0,0.0,0.0,0.0,C:\repositories\strawberry\agc_mpc\results\control\summaries\itransformer_co2_residual_gradient_mpc_full_period_anchored_w000_anchored_start06600_24steps_trace.json,nan,0.0,0.0
full_period_anchored_w000,itransformer_co2_residual,0.0,6624,24,2020-05-29T06:25:00.000000000,2020-05-29T08:20:00.000000000,0.07220925608028968,0.20936839282512665,2.121321678161621,4.083676815032959,0.06540094917350894,0.0,0.002764954406758265,0.24854650502551992,0.0005428278781401243,0.0,0.00022119635254066122,0.0007640242306807855,C:\repositories\strawberry\agc_mpc\results\control\summaries\itransformer_co2_residual_gradient_mpc_full_period_anchored_w000_anchored_start06624_24steps_trace.json,0.0,0.0,0.0
full_period_anchored_w000,itransformer_co2_residual,0.0,6648,24,2020-05-29T08:25:00.000000000,2020-05-29T10:20:00.000000000,0.14860293983171383,2.1420562267303467,1.7695266008377075,7.6768364906311035,0.15351297580256476,0.0,0.007106854848621295,0.5768354591463174,0.0012741576991612876,0.0,0.0005685483878897036,0.0018427060870509914,C:\repositories\strawberry\agc_mpc\results\control\summaries\itransformer_co2_residual_gradient_mpc_full_period_anchored_w000_anchored_start06648_24steps_trace.json,0.0,0.0,0.0
full_period_anchored_w000,itransformer_co2_residual,0.0,6672,24,2020-05-29T10:25:00.000000000,2020-05-29T12:20:00.000000000,0.05316680669784546,0.419025182723999,0.19334284961223602,12.560043334960938,0.05610211621990053,0.0,0.009789589093032746,0.6941214095403567,0.0004656475646251744,0.0,0.0007831671274426197,0.0012488146920677941,C:\repositories\strawberry\agc_mpc\results\control\summaries\itransformer_co2_residual_gradient_mpc_full_period_anchored_w000_anchored_start06672_24steps_trace.json,0.0,0.0,0.0
full_period_anchored_w000,itransformer_co2_residual,0.0,6696,24,2020-05-29T12:25:00.000000000,2020-05-29T14:20:00.000000000,0.11254349024966359,0.9991039633750916,0.37744250893592834,44.478179931640625,0.09450517564916289,0.01693840244005053,0.011835893992471773,0.8556511165938715,0.0007843929578880519,0.0013550721952040423,0.0009468715193977419,0.0030863366724898362,C:\repositories\strawberry\agc_mpc\results\control\summaries\itransformer_co2_residual_gradient_mpc_full_period_anchored_w000_anchored_start06696_24steps_trace.json,0.0,0.0,0.0
full_period_anchored_w000,itransformer_co2_residual,0.0,6720,24,2020-05-29T14:25:00.000000000,2020-05-29T16:20:00.000000000,0.174714634505411,1.8294099569320679,2.602609157562256,56.29037094116211,0.06784625875590508,0.03793408324307536,0.011533410135297635,0.8116055605589885,0.0005631239476740122,0.0030347266594460288,0.0009226728108238108,0.004520523417943852,C:\repositories\strawberry\agc_mpc\results\control\summaries\itransformer_co2_residual_gradient_mpc_full_period_anchored_w000_anchored_start06720_24steps_trace.json,0.0,0.0,0.0
full_period_anchored_w000,itransformer_co2_residual,0.0,6744,24,2020-05-29T16:25:00.000000000,2020-05-29T18:20:00.000000000,0.10076773073524237,1.220363736152649,2.7776997089385986,42.22429275512695,0.0,0.0,0.00796925713207125,0.5859181324248633,0.0,0.0,0.0006375405705657001,0.0006375405705657001,C:\repositories\strawberry\agc_mpc\results\control\summaries\itransformer_co2_residual_gradient_mpc_full_period_anchored_w000_anchored_start06744_24steps_trace.json,0.0,0.0,0.0
full_period_anchored_w000,itransformer_co2_residual,0.0,6768,24,2020-05-29T18:25:00.000000000,2020-05-29T20:20:00.000000000,0.0324635982979089,0.2513748109340668,0.6801902651786804,33.520362854003906,0.0,0.0,0.003324894769270361,0.3294999023926803,0.0,0.0,0.0002659915815416289,0.0002659915815416289,C:\repositories\strawberry\agc_mpc\results\control\summaries\itransformer_co2_residual_gradient_mpc_full_period_anchored_w000_anchored_start06768_24steps_trace.json,0.0,0.0,0.0
full_period_anchored_w050,current_hybrid_transformer,0.05,0,24,2020-05-06T06:25:00.000000000,2020-05-06T08:20:00.000000000,0.056848510168492794,0.33243656158447266,0.7265418171882629,11.294512748718262,0.11143347073444305,0.003931312636150785,0.0025410004246086706,0.2408044409737197,0.0009248978070958774,0.00026863969680363697,0.00020328003396869365,0.001396817537868208,C:\repositories\strawberry\agc_mpc\results\control\summaries\current_hybrid_transformer_gradient_mpc_full_period_anchored_w050_anchored_start00000_24steps_trace.json,-14.161387893408897,3.0106855552779956,55.49182661547625
full_period_anchored_w050,current_hybrid_transformer,0.05,24,24,2020-05-06T08:25:00.000000000,2020-05-06T10:20:00.000000000,0.07894765709837277,0.4239485263824463,1.8622936010360718,24.10066795349121,0.08733323720845529,0.005548291435859985,0.007169371757823045,0.5047626346025811,0.0007248658688301789,0.0004438633148687988,0.0005735497406258436,0.0017422789243248214,C:\repositories\strawberry\agc_mpc\results\control\summaries\current_hybrid_transformer_gradient_mpc_full_period_anchored_w050_anchored_start00024_24steps_trace.json,-17.067414262543526,-1.0040391433772504,35.482359817520354
full_period_anchored_w050,current_hybrid_transformer,0.05,48,24,2020-05-06T10:25:00.000000000,2020-05-06T12:20:00.000000000,0.07691114380334814,0.8471582531929016,2.9404513835906982,25.430084228515625,0.08788530505598069,0.01890083083315016,0.011943121153303253,0.7308914293227413,0.0007294480319646398,0.0015120664666520129,0.0009554496922642603,0.003196964190880913,C:\repositories\strawberry\agc_mpc\results\control\summaries\current_hybrid_transformer_gradient_mpc_full_period_anchored_w050_anchored_start00048_24steps_trace.json,-7.7728971765831965,16.177187034660616,32.13345801563376
full_period_anchored_w050,current_hybrid_transformer,0.05,72,24,2020-05-06T12:25:00.000000000,2020-05-06T14:20:00.000000000,0.05143252961958448,0.2938310205936432,1.610735535621643,12.067611694335938,0.0617528594112741,0.01888547052525605,0.012607436156372446,0.8073164314013039,0.000512548733113575,0.001510837642020484,0.0010085948925097957,0.0030319812676438546,C:\repositories\strawberry\agc_mpc\results\control\summaries\current_hybrid_transformer_gradient_mpc_full_period_anchored_w050_anchored_start00072_24steps_trace.json,-17.34304083722934,-2.2120247649834295,62.1464625717372
full_period_anchored_w050,current_hybrid_transformer,0.05,96,24,2020-05-06T14:25:00.000000000,2020-05-06T16:20:00.000000000,0.06487161355714004,0.6191797256469727,2.216325521469116,13.445846557617188,0.010368854626707828,0.01708296699981246,0.011738536600533138,0.7602257810401115,8.606149340167497e-05,0.0013666373599849969,0.000939082928042651,0.0023917817814293227,C:\repositories\strawberry\agc_mpc\results\control\summaries\current_hybrid_transformer_gradient_mpc_full_period_anchored_w050_anchored_start00096_24steps_trace.json,-21.642594722712772,-1.3480873035287162,46.86176864505602
full_period_anchored_w050,current_hybrid_transformer,0.05,120,24,2020-05-06T16:25:00.000000000,2020-05-06T18:20:00.000000000,0.09131726746757825,0.7233290076255798,1.1657100915908813,27.916841506958008,0.08776638791779004,0.021980657009665203,0.010022434197914556,0.6104708803110738,0.0007284610197176573,0.0017584525607732162,0.0008017947358331646,0.003288708316324038,C:\repositories\strawberry\agc_mpc\results\control\summaries\current_hybrid_transformer_gradient_mpc_full_period_anchored_w050_anchored_start00120_24steps_trace.json,-0.6964989448512265,-13.104186053249364,28.315386498701965
full_period_anchored_w050,current_hybrid_transformer,0.05,144,24,2020-05-06T18:25:00.000000000,2020-05-06T20:20:00.000000000,0.07210952431584398,0.2518979012966156,0.9355171322822571,26.985300064086914,0.0710310169234553,0.042899719468338385,0.006437426803578867,0.46184971089000243,0.000589557440464679,0.003431977557467071,0.0005149941442863094,0.0045365291422180595,C:\repositories\strawberry\agc_mpc\results\control\summaries\current_hybrid_transformer_gradient_mpc_full_period_anchored_w050_anchored_start00144_24steps_trace.json,10.424969490356517,1.2549019607843137,30.442963568187793
full_period_anchored_w050,current_hybrid_transformer,0.05,168,24,2020-05-06T20:25:00.000000000,2020-05-06T22:20:00.000000000,0.0593464788980782,0.51715487241745,0.7016189694404602,51.46226119995117,0.0,0.038370556945046624,0.0,0.24384482151753778,0.0,0.00306964455560373,0.0,0.00306964455560373,C:\repositories\strawberry\agc_mpc\results\control\summaries\current_hybrid_transformer_gradient_mpc_full_period_anchored_w050_anchored_start00168_24steps_trace.json,2.657589647124431,0.9260824781756744,21.59195891614983
full_period_anchored_w050,current_hybrid_transformer,0.05,192,24,2020-05-06T22:25:00.000000000,2020-05-07T00:20:00.000000000,0.08079223971193035,0.9583022594451904,2.437483549118042,52.30094528198242,0.0,0.023720826589065602,0.0,0.16668416520465262,0.0,0.001225576040435056,0.0,0.001225576040435056,C:\repositories\strawberry\agc_mpc\results\control\summaries\current_hybrid_transformer_gradient_mpc_full_period_anchored_w050_anchored_start00192_24steps_trace.json,-6.659279108091325,1.3071587304812697,17.09824106779693
full_period_anchored_w050,current_hybrid_transformer,0.05,216,24,2020-05-07T00:25:00.000000000,2020-05-07T02:20:00.000000000,0.047331681630263724,0.7059786319732666,0.4923311769962311,45.785552978515625,0.015496289716750312,0.020674026497487796,0.0,0.16585570965788066,0.00012861920464902758,0.0008269610598995119,0.0,0.0009555802645485395,C:\repositories\strawberry\agc_mpc\results\control\summaries\current_hybrid_transformer_gradient_mpc_full_period_anchored_w050_anchored_start00216_24steps_trace.json,-32.40935080288143,11.72325446726565,48.540175920508915
full_period_anchored_w050,current_hybrid_transformer,0.05,240,24,2020-05-07T02:25:00.000000000,2020-05-07T04:20:00.000000000,0.032316774517918624,0.18848054111003876,0.41583189368247986,32.135074615478516,0.03829288409284952,0.016094028416347092,0.0,0.14612485469599928,0.00031783093797065103,0.0006437611366538837,0.0,0.0009615920746245347,C:\repositories\strawberry\agc_mpc\results\control\summaries\current_hybrid_transformer_gradient_mpc_full_period_anchored_w050_anchored_start00240_24steps_trace.json,-20.143092824989704,-7.081010547122318,59.744482849715176
full_period_anchored_w050,current_hybrid_transformer,0.05,264,24,2020-05-07T04:25:00.000000000,2020-05-07T06:20:00.000000000,0.047555665796001755,0.08080974966287613,1.1417258977890015,20.460691452026367,0.042565760264726304,0.01637274957867825,0.0,0.1464901439702807,0.0003532958101972283,0.00065490998314713,0.0,0.0010082057933443584,C:\repositories\strawberry\agc_mpc\results\control\summaries\current_hybrid_transformer_gradient_mpc_full_period_anchored_w050_anchored_start00264_24steps_trace.json,-4.6067246363081145,1.5759991424937523,50.716775182237285
full_period_anchored_w050,current_hybrid_transformer,0.05,288,24,2020-05-07T06:25:00.000000000,2020-05-07T08:20:00.000000000,0.050520799277971186,0.2852037847042084,0.7994706034660339,14.526286125183105,0.08606534660258887,0.004123961224657428,0.002588234015974298,0.25670406462972445,0.0007143423768014877,0.00028180401701825755,0.00020705872127794382,0.0012032051150976891,C:\repositories\strawberry\agc_mpc\results\control\summaries\current_hybrid_transformer_gradient_mpc_full_period_anchored_w050_anchored_start00288_24steps_trace.json,-10.982305882017622,0.999872489601736,56.50073603524351
full_period_anchored_w050,current_hybrid_transformer,0.05,312,24,2020-05-07T08:25:00.000000000,2020-05-07T10:20:00.000000000,0.16693674804021916,0.931323766708374,5.530497074127197,37.00728225708008,0.0534098205775526,0.012523597564952638,0.007432546964492788,0.5314280023958896,0.0004433015107936866,0.001001887805196211,0.000594603757159423,0.0020397930731493206,C:\repositories\strawberry\agc_mpc\results\control\summaries\current_hybrid_transformer_gradient_mpc_full_period_anchored_w050_anchored_start00312_24steps_trace.json,-3.2278597424893465,1.221472618022491,14.478369624259106
full_period_anchored_w050,current_hybrid_transformer,0.05,336,24,2020-05-07T10:25:00.000000000,2020-05-07T12:20:00.000000000,0.19188649579882622,1.6132198572158813,5.7746734619140625,23.20273780822754,0.06783026809799587,0.01842320816543705,0.011436930398015622,0.7255843128267535,0.0005629912252133657,0.001473856653234964,0.0009149544318412498,0.0029518023102895795,C:\repositories\strawberry\agc_mpc\results\control\summaries\current_hybrid_transformer_gradient_mpc_full_period_anchored_w050_anchored_start00336_24steps_trace.json,-1.2326465121303654,5.341367677133822,9.915387600957903
full_period_anchored_w050,current_hybrid_transformer,0.05,360,24,2020-05-07T12:25:00.000000000,2020-05-07T14:20:00.000000000,0.12477930821478367,1.1657168865203857,3.5007762908935547,19.98066520690918,0.08795753811756932,0.025607582497943385,0.013183902649331801,0.812321611733784,0.0007300475663758253,0.002048606599835471,0.001054712211946544,0.0038333663781578405,C:\repositories\strawberry\agc_mpc\results\control\summaries\current_hybrid_transformer_gradient_mpc_full_period_anchored_w050_anchored_start00360_24steps_trace.json,-5.33274181307422,-2.980430626427596,14.376091119977472
full_period_anchored_w050,current_hybrid_transformer,0.05,384,24,2020-05-07T14:25:00.000000000,2020-05-07T16:20:00.000000000,0.07490496120105188,0.676988422870636,1.8902291059494019,13.624091148376465,0.0,0.017353655978800647,0.01139387634456382,0.7381380298895774,0.0,0.0013882924783040517,0.0009115101075651055,0.002299802585869157,C:\repositories\strawberry\agc_mpc\results\control\summaries\current_hybrid_transformer_gradient_mpc_full_period_anchored_w050_anchored_start00384_24steps_trace.json,-7.414927539158332,-2.623427042557815,32.418917359421826
full_period_anchored_w050,current_hybrid_transformer,0.05,408,24,2020-05-07T16:25:00.000000000,2020-05-07T18:20:00.000000000,0.14214522981395325,0.5104376673698425,1.4136122465133667,23.577659606933594,0.0,0.02309896083172467,0.009138962773689148,0.5827549501838293,0.0,0.0018479168665379735,0.0007311170218951319,0.0025790338884331054,C:\repositories\strawberry\agc_mpc\results\control\summaries\current_hybrid_transformer_gradient_mpc_full_period_anchored_w050_anchored_start00408_24steps_trace.json,-2.9360630091245064,0.8282338669926932,15.060979599592676
full_period_anchored_w050,current_hybrid_transformer,0.05,432,24,2020-05-07T18:25:00.000000000,2020-05-07T20:20:00.000000000,0.12301962496712804,0.2630655765533447,1.0489797592163086,34.84675979614258,0.018447738062077446,0.06815248304383895,0.006123099811660294,0.47772041412272215,0.0001531162259152428,0.005452198643507116,0.0004898479849328235,0.006095162854355182,C:\repositories\strawberry\agc_mpc\results\control\summaries\current_hybrid_transformer_gradient_mpc_full_period_anchored_w050_anchored_start00432_24steps_trace.json,-2.6090021272381163,1.63630681186644,16.959360967362063
full_period_anchored_w050,current_hybrid_transformer,0.05,456,24,2020-05-07T20:25:00.000000000,2020-05-07T22:20:00.000000000,0.06820325072233875,0.5562347769737244,1.325838565826416,63.29783248901367,0.0,0.03957059226903989,0.0,0.2524777895958513,0.0,0.0031656473815231912,0.0,0.0031656473815231912,C:\repositories\strawberry\agc_mpc\results\control\summaries\current_hybrid_transformer_gradient_mpc_full_period_anchored_w050_anchored_start00456_24steps_trace.json,3.1581359859572085,1.8050433205979477,10.602547794858852
full_period_anchored_w050,current_hybrid_transformer,0.05,480,24,2020-05-07T22:25:00.000000000,2020-05-08T00:20:00.000000000,0.06788674144384761,0.9901626706123352,2.439969301223755,58.217166900634766,0.0,0.022899610792889255,0.0,0.17494577080478482,0.0,0.0011831465576326115,0.0,0.0011831465576326115,C:\repositories\strawberry\agc_mpc\results\control\summaries\current_hybrid_transformer_gradient_mpc_full_period_anchored_w050_anchored_start00480_24steps_trace.json,-1.3702349555907287,0.9395719688013109,20.804149787997
full_period_anchored_w050,current_hybrid_transformer,0.05,504,24,2020-05-08T00:25:00.000000000,2020-05-08T02:20:00.000000000,0.044935196017225586,0.2039140909910202,0.7896347045898438,43.01171875,0.011397675409396374,0.04122801943792482,0.0,0.21461900026253644,9.46007058979899e-05,0.0016491207775169929,0.0,0.0017437214834149827,C:\repositories\strawberry\agc_mpc\results\control\summaries\current_hybrid_transformer_gradient_mpc_full_period_anchored_w050_anchored_start00504_24steps_trace.json,-1.4519572722436667,5.901401763604489,37.30895609779088
full_period_anchored_w050,current_hybrid_transformer,0.05,528,24,2020-05-08T02:25:00.000000000,2020-05-08T04:20:00.000000000,0.03859532174343864,0.39073801040649414,0.9606186747550964,30.076074600219727,0.0,3.8377651863447256e-05,0.0,0.17100469078390926,0.0,1.5351060745378902e-06,0.0,1.5351060745378902e-06,C:\repositories\strawberry\agc_mpc\results\control\summaries\current_hybrid_transformer_gradient_mpc_full_period_anchored_w050_anchored_start00528_24steps_trace.json,-96.84538978760318,5.703750166162131,50.43153137420783
full_period_anchored_w050,current_hybrid_transformer,0.05,552,24,2020-05-08T04:25:00.000000000,2020-05-08T06:20:00.000000000,0.0444493650769194,0.16281349956989288,0.38185977935791016,8.957737922668457,0.0,0.015244370666426584,0.0,0.15354708758798657,0.0,0.0006097748266570634,0.0,0.0006097748266570634,C:\repositories\strawberry\agc_mpc\results\control\summaries\current_hybrid_transformer_gradient_mpc_full_period_anchored_w050_anchored_start00552_24steps_trace.json,-5.50561164386229,-6.2666035315420325,49.851692991708795
full_period_anchored_w050,current_hybrid_transformer,0.05,576,24,2020-05-08T06:25:00.000000000,2020-05-08T08:20:00.000000000,0.06722258171066642,0.23159463703632355,0.5825722813606262,8.632298469543457,0.027762442487905527,0.004692674643470845,0.0018894800898575511,0.26065491484693415,0.00023042827264961588,0.0003206661006371744,0.0001511584071886041,0.0007022527804753944,C:\repositories\strawberry\agc_mpc\results\control\summaries\current_hybrid_transformer_gradient_mpc_full_period_anchored_w050_anchored_start00576_24steps_trace.json,-33.155984601075886,-10.431496422651213,33.02901553976811
full_period_anchored_w050,current_hybrid_transformer,0.05,600,24,2020-05-08T08:25:00.000000000,2020-05-08T10:20:00.000000000,0.34626596296827,1.4308768510818481,9.508252143859863,44.02640914916992,0.11123023018582154,0.017896716186800072,0.00806905211867307,0.5366362574128483,0.0009232109105423188,0.0014317372949440058,0.0006455241694938456,0.00300047237498017,C:\repositories\strawberry\agc_mpc\results\control\summaries\current_hybrid_transformer_gradient_mpc_full_period_anchored_w050_anchored_start00600_24steps_trace.json,0.4366766266190459,-1.5140435978951563,4.692908804451726
full_period_anchored_w050,current_hybrid_transformer,0.05,624,24,2020-05-08T10:25:00.000000000,2020-05-08T12:20:00.000000000,0.10622605883205931,1.363370418548584,4.394832611083984,18.575714111328125,0.05319058896595183,0.0234509879546346,0.012236905047497214,0.7321825051698421,0.00044148188841740016,0.001876079036370768,0.0009789524037997772,0.003296513328587945,C:\repositories\strawberry\agc_mpc\results\control\summaries\current_hybrid_transformer_gradient_mpc_full_period_anchored_w050_anchored_start00624_24steps_trace.json,8.477688780152622,2.8788796698249985,20.892544884832166
full_period_anchored_w050,current_hybrid_transformer,0.05,648,24,2020-05-08T12:25:00.000000000,2020-05-08T14:20:00.000000000,0.08223593529934685,0.4868379533290863,1.9230636358261108,13.818916320800781,0.0,0.018566630952494945,0.01242471766025217,0.8033848525492076,0.0,0.0014853304761995956,0.0009939774128201737,0.0024793078890197693,C:\repositories\strawberry\agc_mpc\results\control\summaries\current_hybrid_transformer_gradient_mpc_full_period_anchored_w050_anchored_start00648_24steps_trace.json,-6.10212911010974,-3.628804951168557,26.06415306758275
full_period_anchored_w050,current_hybrid_transformer,0.05,672,24,2020-05-08T14:25:00.000000000,2020-05-08T16:20:00.000000000,0.0871647431825598,0.5610740780830383,1.5730314254760742,16.332319259643555,0.0,0.021747291503075642,0.008911820218282742,0.5844437831750551,0.0,0.0017397833202460514,0.0007129456174626193,0.0024527289377086706,C:\repositories\strawberry\agc_mpc\results\control\summaries\current_hybrid_transformer_gradient_mpc_full_period_anchored_w050_anchored_start00672_24steps_trace.json,-20.433759349569268,-5.9540869829574135,23.599895556684384
full_period_anchored_w050,current_hybrid_transformer,0.05,696,24,2020-05-08T16:25:00.000000000,2020-05-08T18:20:00.000000000,0.08127326983958483,0.8598251938819885,1.7471317052841187,18.770544052124023,0.058872356943425165,0.04312264252849034,0.009481744565849092,0.6390872314284075,0.0004886405626304288,0.003449811402279227,0.0007585395652679273,0.004696991530177583,C:\repositories\strawberry\agc_mpc\results\control\summaries\current_hybrid_transformer_gradient_mpc_full_period_anchored_w050_anchored_start00696_24steps_trace.json,-1.6003297390000573,1.143463461595186,37.926781656945074
full_period_anchored_w050,current_hybrid_transformer,0.05,720,24,2020-05-08T18:25:00.000000000,2020-05-08T20:20:00.000000000,0.04212621312278012,0.527458131313324,1.0416245460510254,20.573415756225586,0.0,0.024116309555648408,0.005199614684113918,0.38936803210424675,0.0,0.0019293047644518726,0.0004159691747291135,0.002345273939180986,C:\repositories\strawberry\agc_mpc\results\control\summaries\current_hybrid_transformer_gradient_mpc_full_period_anchored_w050_anchored_start00720_24steps_trace.json,5.505821036145745,8.201766735926237,36.44813595692484
full_period_anchored_w050,current_hybrid_transformer,0.05,744,24,2020-05-08T20:25:00.000000000,2020-05-08T22:20:00.000000000,0.06515060923993587,0.4864027500152588,1.1155997514724731,55.92441940307617,0.0,0.046556923792733525,0.0007964866152091706,0.3029599913233192,0.0,0.003724553903418682,6.371892921673364e-05,0.0037882728326354156,C:\repositories\strawberry\agc_mpc\results\control\summaries\current_hybrid_transformer_gradient_mpc_full_period_anchored_w050_anchored_start00744_24steps_trace.json,11.173754114790723,1.1054791403864164,12.294180198464137
full_period_anchored_w050,current_hybrid_transformer,0.05,768,24,2020-05-08T22:25:00.000000000,2020-05-09T00:20:00.000000000,0.0560945775359869,0.8889909386634827,2.3699026107788086,67.48433685302734,0.0,0.008109382566186278,0.0,0.2052946768083406,0.0,0.0004189847659196244,0.0,0.0004189847659196244,C:\repositories\strawberry\agc_mpc\results\control\summaries\current_hybrid_transformer_gradient_mpc_full_period_anchored_w050_anchored_start00768_24steps_trace.json,0.10731063484363855,3.8452643037337446,17.150660883514917
full_period_anchored_w050,current_hybrid_transformer,0.05,792,24,2020-05-09T00:25:00.000000000,2020-05-09T02:20:00.000000000,0.04207696067169309,0.614570140838623,1.6025947332382202,43.1236457824707,0.0,0.00315086824491266,0.0,0.18194173779074418,0.0,0.0001260347297965064,0.0,0.0001260347297965064,C:\repositories\strawberry\agc_mpc\results\control\summaries\current_hybrid_transformer_gradient_mpc_full_period_anchored_w050_anchored_start00792_24steps_trace.json,3.267512796872983,-5.044748543324626,33.40566954504532
full_period_anchored_w050,current_hybrid_transformer,0.05,816,24,2020-05-09T02:25:00.000000000,2020-05-09T04:20:00.000000000,0.06469470572968324,0.13106036186218262,0.8358173370361328,12.5061616897583,0.009375589162730041,0.009314876088666461,0.0,0.18518077011522696,7.781739005065935e-05,0.00037259504354665845,0.0,0.0004504124335973178,C:\repositories\strawberry\agc_mpc\results\control\summaries\current_hybrid_transformer_gradient_mpc_full_period_anchored_w050_anchored_start00816_24steps_trace.json,26.575144977788923,-6.575305107479291,40.34273277701495
full_period_anchored_w050,current_hybrid_transformer,0.05,840,24,2020-05-09T04:25:00.000000000,2020-05-09T06:20:00.000000000,0.07990408192078273,0.7440261840820312,0.6969432830810547,12.011462211608887,0.05401425639496977,0.018015531646615568,0.0004359208778249797,0.20505918742833573,0.0004483183280782491,0.0007206212658646227,3.487367022599838e-05,0.0012038132641688701,C:\repositories\strawberry\agc_mpc\results\control\summaries\current_hybrid_transformer_gradient_mpc_full_period_anchored_w050_anchored_start00840_24steps_trace.json,-5.295469796844135,-10.901915948248266,33.317402936054684
full_period_anchored_w050,current_hybrid_transformer,0.05,864,24,2020-05-09T06:25:00.000000000,2020-05-09T08:20:00.000000000,0.05753491042802731,0.3727491796016693,1.2372487783432007,20.94754981994629,0.0252163705414515,0.006212190978908136,0.0033454744873245004,0.29805846656285484,0.00020929587549404745,0.000424499716892056,0.00026763795898596,0.0009014335513720634,C:\repositories\strawberry\agc_mpc\results\control\summaries\current_hybrid_transformer_gradient_mpc_full_period_anchored_w050_anchored_start00864_24steps_trace.json,-20.689322682475037,-0.619374036512184,45.384515483325664
full_period_anchored_w050,current_hybrid_transformer,0.05,888,24,2020-05-09T08:25:00.000000000,2020-05-09T10:20:00.000000000,0.12863664546360573,1.11630117893219,6.824930191040039,25.63854217529297,0.09615999781337192,0.018080988829984046,0.00792553717461265,0.5075298176051786,0.0007981279818509869,0.0014464791063987237,0.000634042973969012,0.0028786500622187223,C:\repositories\strawberry\agc_mpc\results\control\summaries\current_hybrid_transformer_gradient_mpc_full_period_anchored_w050_anchored_start00888_24steps_trace.json,-1.671846490491229,2.316931620112089,15.997297415813275
full_period_anchored_w050,current_hybrid_transformer,0.05,912,24,2020-05-09T10:25:00.000000000,2020-05-09T12:20:00.000000000,0.046307076855252184,0.4017504155635834,1.4148517847061157,9.46822738647461,0.0,0.02027986357801584,0.011621459086205741,0.7371485628704125,0.0,0.001622389086241267,0.0009297167268964593,0.0025521058131377262,C:\repositories\strawberry\agc_mpc\results\control\summaries\current_hybrid_transformer_gradient_mpc_full_period_anchored_w050_anchored_start00912_24steps_trace.json,-12.837723369053155,3.972388685158478,56.7299271537853
full_period_anchored_w050,current_hybrid_transformer,0.05,936,24,2020-05-09T12:25:00.000000000,2020-05-09T14:20:00.000000000,0.06411254359409213,0.4924840033054352,1.473448395729065,16.159011840820312,0.0,0.021597781706965462,0.013588817824471933,0.8265163413742347,0.0,0.001727822536557237,0.0010871054259577546,0.0028149279625149914,C:\repositories\strawberry\agc_mpc\results\control\summaries\current_hybrid_transformer_gradient_mpc_full_period_anchored_w050_anchored_start00936_24steps_trace.json,-1.1975737927452903,-0.8847511717030311,38.79795653553293
full_period_anchored_w050,current_hybrid_transformer,0.05,960,24,2020-05-09T14:25:00.000000000,2020-05-09T16:20:00.000000000,0.06107104274754723,0.39342403411865234,0.9842991828918457,11.573851585388184,0.0131737325052232,0.028893636496202066,0.012815649794998083,0.8101402414770482,0.00010934197979335257,0.0023114909196961654,0.0010252519835998466,0.0034460848830893645,C:\repositories\strawberry\agc_mpc\results\control\summaries\current_hybrid_transformer_gradient_mpc_full_period_anchored_w050_anchored_start00960_24steps_trace.json,-7.637103899969793,4.576301009979851,64.47249975444429
full_period_anchored_w050,current_hybrid_transformer,0.05,984,24,2020-05-09T16:25:00.000000000,2020-05-09T18:20:00.000000000,0.061381808326890074,0.4168219566345215,1.108594536781311,13.180937767028809,0.029037891193724397,0.04458826994916163,0.00981685022704452,0.6811633510908189,0.0002410144969079125,0.0035670615959329304,0.0007853480181635616,0.004593424111004405,C:\repositories\strawberry\agc_mpc\results\control\summaries\current_hybrid_transformer_gradient_mpc_full_period_anchored_w050_anchored_start00984_24steps_trace.json,-6.789943440326718,13.902892228080132,54.92706008556044
full_period_anchored_w050,current_hybrid_transformer,0.05,1008,24,2020-05-09T18:25:00.000000000,2020-05-09T20:20:00.000000000,0.030924212653189898,0.44814062118530273,0.5298290252685547,19.978384017944336,0.0,0.02479306683868711,0.005506739392051986,0.3973583135736126,0.0,0.0019834453470949686,0.00044053915136415883,0.0024239844984591274,C:\repositories\strawberry\agc_mpc\results\control\summaries\current_hybrid_transformer_gradient_mpc_full_period_anchored_w050_anchored_start01008_24steps_trace.json,0.8179467746375384,2.560681302590927,49.26182597982681
full_period_anchored_w050,current_hybrid_transformer,0.05,1032,24,2020-05-09T20:25:00.000000000,2020-05-09T22:20:00.000000000,0.03046324065265556,0.24004586040973663,0.6913096308708191,17.15366554260254,0.0,0.01594331549322122,0.00030835144059573264,0.22066456413745705,0.0,0.0012754652394576977,2.4668115247658613e-05,0.0013001333547053564,C:\repositories\strawberry\agc_mpc\results\control\summaries\current_hybrid_transformer_gradient_mpc_full_period_anchored_w050_anchored_start01032_24steps_trace.json,18.580169803485543,0.037252038684278906,37.366729583510036
full_period_anchored_w050,current_hybrid_transformer,0.05,1056,24,2020-05-09T22:25:00.000000000,2020-05-10T00:20:00.000000000,0.0600546229009827,0.47307658195495605,1.3308137655258179,66.84931182861328,0.0,0.008133317008022507,0.0,0.1912869836547827,0.0,0.0004202213787478295,0.0,0.0004202213787478295,C:\repositories\strawberry\agc_mpc\results\control\summaries\current_hybrid_transformer_gradient_mpc_full_period_anchored_w050_anchored_start01056_24steps_trace.json,2.909627843436423,1.0974788723375164,11.152598743957325
full_period_anchored_w050,current_hybrid_transformer,0.05,1080,24,2020-05-10T00:25:00.000000000,2020-05-10T02:20:00.000000000,0.04818155779503286,1.0417860746383667,1.5932954549789429,58.5045280456543,0.0,0.0033848452352744037,0.0,0.18175628952118944,0.0,0.00013539380941097616,0.0,0.00013539380941097616,C:\repositories\strawberry\agc_mpc\results\control\summaries\current_hybrid_transformer_gradient_mpc_full_period_anchored_w050_anchored_start01080_24steps_trace.json,-38.69322961987035,-2.6463818315017944,21.6234310303458
full_period_anchored_w050,current_hybrid_transformer,0.05,1104,24,2020-05-10T02:25:00.000000000,2020-05-10T04:20:00.000000000,0.03389413647043208,0.2811109125614166,1.3279441595077515,11.941555976867676,0.0,0.0,0.0,0.17007629306894612,0.0,0.0,0.0,0.0,C:\repositories\strawberry\agc_mpc\results\control\summaries\current_hybrid_transformer_gradient_mpc_full_period_anchored_w050_anchored_start01104_24steps_trace.json,nan,-8.333770131004162,55.37933155954734
full_period_anchored_w050,current_hybrid_transformer,0.05,1128,24,2020-05-10T04:25:00.000000000,2020-05-10T06:20:00.000000000,0.04068366585609814,0.2628348767757416,0.4894844591617584,9.203051567077637,0.003835571652118767,0.003947248873780072,0.0,0.1684418874078067,3.183524471258576e-05,0.0001578899549512029,0.0,0.00018972519966378867,C:\repositories\strawberry\agc_mpc\results\control\summaries\current_hybrid_transformer_gradient_mpc_full_period_anchored_w050_anchored_start01128_24steps_trace.json,-30.311903210914725,-15.608240154271801,47.7994099014485
full_period_anchored_w050,current_hybrid_transformer,0.05,1152,24,2020-05-10T06:25:00.000000000,2020-05-10T08:20:00.000000000,0.04945068806409836,0.26827272772789,1.335936188697815,12.253352165222168,0.007439699408508624,0.0033196158709890254,0.001960790098218148,0.27104858605898463,6.174950509062158e-05,0.00022684041785091673,0.00015686320785745185,0.0004454531307989902,C:\repositories\strawberry\agc_mpc\results\control\summaries\current_hybrid_transformer_gradient_mpc_full_period_anchored_w050_anchored_start01152_24steps_trace.json,-19.17091715716093,-3.7429069923459983,40.40835372405587
full_period_anchored_w050,current_hybrid_transformer,0.05,1176,24,2020-05-10T08:25:00.000000000,2020-05-10T10:20:00.000000000,0.09671102619419496,0.5149475932121277,3.1543986797332764,22.650184631347656,0.0,0.0057431133449075186,0.0043827898267239365,0.35784700164264005,0.0,0.0004594490675926015,0.0003506231861379149,0.0008100722537305164,C:\repositories\strawberry\agc_mpc\results\control\summaries\current_hybrid_transformer_gradient_mpc_full_period_anchored_w050_anchored_start01176_24steps_trace.json,-9.233139367881938,-1.8399035593886097,18.677299513713518
full_period_anchored_w050,current_hybrid_transformer,0.05,1200,24,2020-05-10T10:25:00.000000000,2020-05-10T12:20:00.000000000,0.0738143192914625,0.7505450248718262,3.189926862716675,28.16383934020996,0.06290959682730668,0.019374712388400793,0.010089688311923415,0.6240802503752096,0.0005221496536666454,0.0015499769910720634,0.0008071750649538733,0.002879301709692582,C:\repositories\strawberry\agc_mpc\results\control\summaries\current_hybrid_transformer_gradient_mpc_full_period_anchored_w050_anchored_start01200_24steps_trace.json,-0.30551604345263567,0.4066322398303351,26.514968341217184
full_period_anchored_w050,current_hybrid_transformer,0.05,1224,24,2020-05-10T12:25:00.000000000,2020-05-10T14:20:00.000000000,0.09331940207630396,0.32323575019836426,0.9694914817810059,11.890074729919434,0.0,0.015242991040476358,0.009195599630855807,0.6337336075062011,0.0,0.0012194392832381086,0.0007356479704684646,0.0019550872537065734,C:\repositories\strawberry\agc_mpc\results\control\summaries\current_hybrid_transformer_gradient_mpc_full_period_anchored_w050_anchored_start01224_24steps_trace.json,-8.977267804327136,-3.1820145793314927,13.841549293434374
full_period_anchored_w050,current_hybrid_transformer,0.05,1248,24,2020-05-10T14:25:00.000000000,2020-05-10T16:20:00.000000000,0.1768334029863278,1.954628348350525,4.377066612243652,25.206993103027344,0.01684498336628103,0.009152278070674934,0.008398433553445744,0.535125245817732,0.00013981336194013257,0.0007321822456539948,0.0006718746842756596,0.001543870291869787,C:\repositories\strawberry\agc_mpc\results\control\summaries\current_hybrid_transformer_gradient_mpc_full_period_anchored_w050_anchored_start01248_24steps_trace.json,-2.949820490636179,-0.9031305621772732,9.223831138723156
full_period_anchored_w050,current_hybrid_transformer,0.05,1272,24,2020-05-10T16:25:00.000000000,2020-05-10T18:20:00.000000000,0.14526290943225226,1.4527658224105835,3.8605101108551025,33.57990646362305,0.06143588725115443,0.006192003059376221,0.005363139284908296,0.35663621359071307,0.0005099178641845818,0.0004953602447500977,0.0004290511427926637,0.0014343292517273432,C:\repositories\strawberry\agc_mpc\results\control\summaries\current_hybrid_transformer_gradient_mpc_full_period_anchored_w050_anchored_start01272_24steps_trace.json,-6.093891568822014,1.3348855713695658,16.27007036922874
full_period_anchored_w050,current_hybrid_transformer,0.05,1296,24,2020-05-10T18:25:00.000000000,2020-05-10T20:20:00.000000000,0.0490151671692729,0.3269531726837158,2.3055522441864014,15.255511283874512,0.03424950170609234,0.012593716936263967,0.0033051356968782785,0.24805328664963935,0.00028427086416056644,0.0010074973549011174,0.0002644108557502623,0.0015561790748119461,C:\repositories\strawberry\agc_mpc\results\control\summaries\current_hybrid_transformer_gradient_mpc_full_period_anchored_w050_anchored_start01296_24steps_trace.json,10.115495115650958,3.389065549824847,38.69573740348105
full_period_anchored_w050,current_hybrid_transformer,0.05,1320,24,2020-05-10T20:25:00.000000000,2020-05-10T22:20:00.000000000,0.0969023861301442,0.7459189891815186,0.9236567616462708,76.21697235107422,0.02193569436750838,0.028775742110741343,0.0,0.19261200662953107,0.00018206626325031956,0.0023020593688593076,0.0,0.002484125632109627,C:\repositories\strawberry\agc_mpc\results\control\summaries\current_hybrid_transformer_gradient_mpc_full_period_anchored_w050_anchored_start01320_24steps_trace.json,-11.006473117718626,0.040657526334009986,9.727530242355217
full_period_anchored_w050,current_hybrid_transformer,0.05,1344,24,2020-05-10T22:25:00.000000000,2020-05-11T00:20:00.000000000,0.12579504990329346,1.1030951738357544,3.1166012287139893,69.66996002197266,0.0,0.02378131641026152,0.0,0.17719636612382328,0.0,0.0012287013478635119,0.0,0.0012287013478635119,C:\repositories\strawberry\agc_mpc\results\control\summaries\current_hybrid_transformer_gradient_mpc_full_period_anchored_w050_anchored_start01344_24steps_trace.json,-6.017531452763043,-0.6214897143713457,7.817829862356965
full_period_anchored_w050,current_hybrid_transformer,0.05,1368,24,2020-05-11T00:25:00.000000000,2020-05-11T02:20:00.000000000,0.0613301289267838,0.5251362323760986,0.9699776768684387,52.253665924072266,0.03963544207317935,0.018052426181092956,0.0,0.14795490696027302,0.0003289741692073886,0.0007220970472437183,0.0,0.0010510712164511068,C:\repositories\strawberry\agc_mpc\results\control\summaries\current_hybrid_transformer_gradient_mpc_full_period_anchored_w050_anchored_start01368_24steps_trace.json,-14.36927078011908,-2.67260550580352,23.197708848152658
full_period_anchored_w050,current_hybrid_transformer,0.05,1392,24,2020-05-11T02:25:00.000000000,2020-05-11T04:20:00.000000000,0.048459843111534916,0.5107658505439758,1.4182344675064087,37.225955963134766,0.04890941466954333,0.010188183982415569,0.0,0.12955966529329105,0.00040594814175720965,0.00040752735929662276,0.0,0.0008134755010538325,C:\repositories\strawberry\agc_mpc\results\control\summaries\current_hybrid_transformer_gradient_mpc_full_period_anchored_w050_anchored_start01392_24steps_trace.json,0.43141847822702195,-9.429046916639141,39.184077282057025
full_period_anchored_w050,current_hybrid_transformer,0.05,1416,24,2020-05-11T04:25:00.000000000,2020-05-11T06:20:00.000000000,0.044622800623377167,0.2332935333251953,0.538646399974823,28.680078506469727,0.04668349451178079,0.005501093020949304,0.0,0.1400200853165153,0.00038747300444778057,0.00022004372083797216,0.0,0.0006075167252857527,C:\repositories\strawberry\agc_mpc\results\control\summaries\current_hybrid_transformer_gradient_mpc_full_period_anchored_w050_anchored_start01416_24steps_trace.json,-5.017941499087812,-4.117858235984288,50.44736524319268
full_period_anchored_w050,current_hybrid_transformer,0.05,1440,24,2020-05-11T06:25:00.000000000,2020-05-11T08:20:00.000000000,0.06459742815544207,0.3777541220188141,1.6532602310180664,9.678489685058594,0.15984263847764274,0.0,0.0014265377264524922,0.21669810346313415,0.0013266938993644348,0.0,0.00011412301811619938,0.0014408169174806341,C:\repositories\strawberry\agc_mpc\results\control\summaries\current_hybrid_transformer_gradient_mpc_full_period_anchored_w050_anchored_start01440_24steps_trace.json,-0.8262570285773674,6.082048957768009,36.63826209306118
full_period_anchored_w050,current_hybrid_transformer,0.05,1464,24,2020-05-11T08:25:00.000000000,2020-05-11T10:20:00.000000000,0.07400916889309883,0.21064536273479462,1.7279306650161743,20.90296745300293,0.09164655643839462,0.0,0.005654236797772589,0.3845630001592584,0.0007606664184386753,0.0,0.00045233894382180716,0.0012130053622604825,C:\repositories\strawberry\agc_mpc\results\control\summaries\current_hybrid_transformer_gradient_mpc_full_period_anchored_w050_anchored_start01464_24steps_trace.json,-11.193932163737694,6.846020953536031,34.666346288343455
full_period_anchored_w050,current_hybrid_transformer,0.05,1488,24,2020-05-11T10:25:00.000000000,2020-05-11T12:20:00.000000000,0.17205375898629427,1.3122565746307373,5.334126949310303,28.42889404296875,0.08450707181224616,0.0,0.011017953728721663,0.6482790507409658,0.0007014086960416432,0.0,0.0008814362982977331,0.0015828449943393764,C:\repositories\strawberry\agc_mpc\results\control\summaries\current_hybrid_transformer_gradient_mpc_full_period_anchored_w050_anchored_start01488_24steps_trace.json,-2.237836022830188,2.8789329639567214,13.995628927575682
full_period_anchored_w050,current_hybrid_transformer,0.05,1512,24,2020-05-11T12:25:00.000000000,2020-05-11T14:20:00.000000000,0.10829944846530755,0.27530479431152344,1.8419876098632812,28.503257751464844,0.11729951993449839,0.0,0.014490842529640665,0.8110774222055683,0.0009735860154563366,0.0,0.0011592674023712531,0.00213285341782759,C:\repositories\strawberry\agc_mpc\results\control\summaries\current_hybrid_transformer_gradient_mpc_full_period_anchored_w050_anchored_start01512_24steps_trace.json,-5.078564689288982,1.1748919120564265,21.712325237609928
full_period_anchored_w050,current_hybrid_transformer,0.05,1536,24,2020-05-11T14:25:00.000000000,2020-05-11T16:20:00.000000000,0.08201716188341379,0.8531776070594788,2.611527442932129,22.708127975463867,0.11103937417533988,0.0010127239805268586,0.012616408117450146,0.7344640251714747,0.000921626805655321,8.101791844214868e-05,0.0010093126493960116,0.0020119573734934813,C:\repositories\strawberry\agc_mpc\results\control\summaries\current_hybrid_transformer_gradient_mpc_full_period_anchored_w050_anchored_start01536_24steps_trace.json,-8.047589321741897,0.8046865851672922,31.485649527533187
full_period_anchored_w050,current_hybrid_transformer,0.05,1560,24,2020-05-11T16:25:00.000000000,2020-05-11T18:20:00.000000000,0.12122135857741038,0.47776761651039124,2.0894947052001953,26.57430076599121,0.12687475956408215,0.009896351548267866,0.01000521722753791,0.6463568614888878,0.0010530605043818817,0.0007917081238614293,0.0008004173782030329,0.002645186006446344,C:\repositories\strawberry\agc_mpc\results\control\summaries\current_hybrid_transformer_gradient_mpc_full_period_anchored_w050_anchored_start01560_24steps_trace.json,-0.8842068159325046,2.7043377854362953,26.268122769313795
full_period_anchored_w050,current_hybrid_transformer,0.05,1584,24,2020-05-11T18:25:00.000000000,2020-05-11T20:20:00.000000000,0.054563021985813975,0.2746725082397461,0.9758000373840332,23.347694396972656,0.10359294581037726,0.009385914582200902,0.0052436040225632904,0.3498141548542405,0.0008598214502261312,0.0007508731665760723,0.00041948832180506326,0.0020301829386072667,C:\repositories\strawberry\agc_mpc\results\control\summaries\current_hybrid_transformer_gradient_mpc_full_period_anchored_w050_anchored_start01584_24steps_trace.json,-6.898343487416183,0.5860093523197679,39.740299872925895
full_period_anchored_w050,current_hybrid_transformer,0.05,1608,24,2020-05-11T20:25:00.000000000,2020-05-11T22:20:00.000000000,0.05825933969269196,0.2846280634403229,2.2272768020629883,29.167585372924805,0.03930236242584352,0.005305081153730706,0.0,0.17829690141529878,0.00032620960813450125,0.00042440649229845645,0.0,0.0007506161004329577,C:\repositories\strawberry\agc_mpc\results\control\summaries\current_hybrid_transformer_gradient_mpc_full_period_anchored_w050_anchored_start01608_24steps_trace.json,-7.048066374627275,-0.5903131003574525,29.658344473153026
full_period_anchored_w050,current_hybrid_transformer,0.05,1632,24,2020-05-11T22:25:00.000000000,2020-05-12T00:20:00.000000000,0.05472688081984719,0.695941686630249,1.068036437034607,51.96921920776367,0.04447356244628956,0.0033774829547191304,0.0,0.13746500393802025,0.00036913056830420335,0.00017450328599382173,0.0,0.0005436338542980251,C:\repositories\strawberry\agc_mpc\results\control\summaries\current_hybrid_transformer_gradient_mpc_full_period_anchored_w050_anchored_start01632_24steps_trace.json,-20.498300526667098,-2.9147345644484735,29.447528721635813
full_period_anchored_w050,current_hybrid_transformer,0.05,1656,24,2020-05-12T00:25:00.000000000,2020-05-12T02:20:00.000000000,0.03893336669231454,0.3764045238494873,0.2900714874267578,33.668521881103516,0.06734058815085653,0.002189710038558316,0.0,0.12508775434655084,0.0005589268816521092,8.758840154233264e-05,0.0,0.0006465152831944419,C:\repositories\strawberry\agc_mpc\results\control\summaries\current_hybrid_transformer_gradient_mpc_full_period_anchored_w050_anchored_start01656_24steps_trace.json,-25.56537484619628,-2.5032987705762366,56.85980799440035
full_period_anchored_w050,current_hybrid_transformer,0.05,1680,24,2020-05-12T02:25:00.000000000,2020-05-12T04:20:00.000000000,0.04325299306462208,0.1921953409910202,0.8360897898674011,43.0277214050293,0.09893653293951671,0.005418407816590478,0.0,0.12946101423869766,0.0008211732233979887,0.0002167363126636191,0.0,0.001037909536061608,C:\repositories\strawberry\agc_mpc\results\control\summaries\current_hybrid_transformer_gradient_mpc_full_period_anchored_w050_anchored_start01680_24steps_trace.json,-2.669338764999565,-4.439765232485565,48.183247622796124
full_period_anchored_w050,current_hybrid_transformer,0.05,1704,24,2020-05-12T04:25:00.000000000,2020-05-12T06:20:00.000000000,0.04787226440384984,0.12407946586608887,0.9295403361320496,23.61461639404297,0.08171671814235337,0.0013456182306537182,0.0,0.13091316622583804,0.000678248760581533,5.382472922614873e-05,0.0,0.0007320734898076817,C:\repositories\strawberry\agc_mpc\results\control\summaries\current_hybrid_transformer_gradient_mpc_full_period_anchored_w050_anchored_start01704_24steps_trace.json,-3.9031124509460167,-1.3798533194924234,49.39782904503224
full_period_anchored_w050,current_hybrid_transformer,0.05,1728,24,2020-05-12T06:25:00.000000000,2020-05-12T08:20:00.000000000,0.059446766041219234,0.2314203530550003,0.9576180577278137,14.607373237609863,0.13391655339127953,0.0,0.0018760672713194414,0.2591964068018746,0.00111150739314762,0.0,0.00015008538170555532,0.0012615927748531753,C:\repositories\strawberry\agc_mpc\results\control\summaries\current_hybrid_transformer_gradient_mpc_full_period_anchored_w050_anchored_start01728_24steps_trace.json,-4.795181579496899,7.447530826308156,39.66478933418737
full_period_anchored_w050,current_hybrid_transformer,0.05,1752,24,2020-05-12T08:25:00.000000000,2020-05-12T10:20:00.000000000,0.09792273336400588,0.3505350649356842,2.5464956760406494,33.38878631591797,0.04270276109246225,0.0,0.005943249414004847,0.44646691685990825,0.0003544329170674367,0.0,0.0004754599531203878,0.0008298928701878245,C:\repositories\strawberry\agc_mpc\results\control\summaries\current_hybrid_transformer_gradient_mpc_full_period_anchored_w050_anchored_start01752_24steps_trace.json,-4.030560886525417,2.511299447931303,21.29053171894789
full_period_anchored_w050,current_hybrid_transformer,0.05,1776,24,2020-05-12T10:25:00.000000000,2020-05-12T12:20:00.000000000,0.12583950472374758,0.5831227898597717,3.180753707885742,37.37971878051758,0.043375565506097453,0.0,0.005813408648737008,0.43969924874989585,0.00036001719370060885,0.0,0.0004650726918989606,0.0008250898855995695,C:\repositories\strawberry\agc_mpc\results\control\summaries\current_hybrid_transformer_gradient_mpc_full_period_anchored_w050_anchored_start01776_24steps_trace.json,-6.143270543904009,-0.8472467617071178,17.571232034311166
full_period_anchored_w050,current_hybrid_transformer,0.05,1800,24,2020-05-12T12:25:00.000000000,2020-05-12T14:20:00.000000000,0.12958099910368523,0.7293514609336853,3.1514759063720703,32.52642822265625,0.08054665205175805,0.003919353918616348,0.007947925290376894,0.5411879364487804,0.0006685372120295919,0.0003135483134893079,0.0006358340232301516,0.0016179195487490514,C:\repositories\strawberry\agc_mpc\results\control\summaries\current_hybrid_transformer_gradient_mpc_full_period_anchored_w050_anchored_start01800_24steps_trace.json,-14.451785192634176,-1.61538419822198,20.457069448705685
full_period_anchored_w050,current_hybrid_transformer,0.05,1824,24,2020-05-12T14:25:00.000000000,2020-05-12T16:20:00.000000000,0.11656090803444386,0.865847647190094,4.00889253616333,31.781740188598633,0.12176969373616449,0.0,0.011572734042232136,0.6860918446844249,0.0010106884580101652,0.0,0.0009258187233785708,0.0019365071813887361,C:\repositories\strawberry\agc_mpc\results\control\summaries\current_hybrid_transformer_gradient_mpc_full_period_anchored_w050_anchored_start01824_24steps_trace.json,-10.184743466465756,5.906497396286023,18.85814949725891
full_period_anchored_w050,current_hybrid_transformer,0.05,1848,24,2020-05-12T16:25:00.000000000,2020-05-12T18:20:00.000000000,0.13162374030798674,0.5083329081535339,1.5470161437988281,27.495817184448242,0.16636891986036323,0.020034847218055884,0.010531892471453478,0.6832918657043604,0.001380862034841015,0.0016027877774444708,0.0008425513977162783,0.0038262012100017642,C:\repositories\strawberry\agc_mpc\results\control\summaries\current_hybrid_transformer_gradient_mpc_full_period_anchored_w050_anchored_start01848_24steps_trace.json,-1.1540062083796785,-1.8367417951673428,30.22983852586848
full_period_anchored_w050,current_hybrid_transformer,0.05,1872,24,2020-05-12T18:25:00.000000000,2020-05-12T20:20:00.000000000,0.06126268285637101,0.29609784483909607,1.6182790994644165,18.452512741088867,0.1304376406467841,0.017719867324314957,0.004449129813041953,0.3539116565354693,0.001082632417368308,0.0014175893859451965,0.0003559303850433562,0.0028561521883568607,C:\repositories\strawberry\agc_mpc\results\control\summaries\current_hybrid_transformer_gradient_mpc_full_period_anchored_w050_anchored_start01872_24steps_trace.json,0.9036335998433142,3.2394331026752274,41.20246009550856
full_period_anchored_w050,current_hybrid_transformer,0.05,1896,24,2020-05-12T20:25:00.000000000,2020-05-12T22:20:00.000000000,0.1054953324298064,0.21732385456562042,2.8019447326660156,23.845308303833008,0.07267068800559164,0.0027631929295169996,2.068243733477257e-05,0.18900961080532877,0.0006031667104464106,0.00022105543436135998,1.6545949867818055e-06,0.0008258767397945524,C:\repositories\strawberry\agc_mpc\results\control\summaries\current_hybrid_transformer_gradient_mpc_full_period_anchored_w050_anchored_start01896_24steps_trace.json,4.054645465522612,-8.45227201763086,24.931670736462898
full_period_anchored_w050,current_hybrid_transformer,0.05,1920,24,2020-05-12T22:25:00.000000000,2020-05-13T00:20:00.000000000,0.09944006723041336,0.6276913285255432,2.0666074752807617,48.50565719604492,0.014555370590603911,0.0024691076590067887,0.0,0.1400118840680005,0.00012080957590201247,0.00012757056238201742,0.0,0.0002483801382840299,C:\repositories\strawberry\agc_mpc\results\control\summaries\current_hybrid_transformer_gradient_mpc_full_period_anchored_w050_anchored_start01920_24steps_trace.json,49.48334519548242,-2.6954996771813144,23.348880903517554
full_period_anchored_w050,current_hybrid_transformer,0.05,1944,24,2020-05-13T00:25:00.000000000,2020-05-13T02:20:00.000000000,0.08054763730615377,0.2867783010005951,0.85411137342453,43.829345703125,0.0616478670739625,0.0,0.0,0.1387254899802979,0.0005116772967138887,0.0,0.0,0.0005116772967138887,C:\repositories\strawberry\agc_mpc\results\control\summaries\current_hybrid_transformer_gradient_mpc_full_period_anchored_w050_anchored_start01944_24steps_trace.json,-16.242210032935922,5.266379020165856,97.05627004604673
full_period_anchored_w050,current_hybrid_transformer,0.05,1968,24,2020-05-13T02:25:00.000000000,2020-05-13T04:20:00.000000000,0.06700786963726084,0.27839985489845276,0.5546776652336121,33.06938552856445,0.06181244748574315,0.0,0.0,0.12441827364587382,0.0005130433141316681,0.0,0.0,0.0005130433141316681,C:\repositories\strawberry\agc_mpc\results\control\summaries\current_hybrid_transformer_gradient_mpc_full_period_anchored_w050_anchored_start01968_24steps_trace.json,-39.77169129213306,-8.904884030262824,52.83579764430103
full_period_anchored_w050,current_hybrid_transformer,0.05,1992,24,2020-05-13T04:25:00.000000000,2020-05-13T06:20:00.000000000,0.08098518537978332,0.07701214402914047,1.4754371643066406,26.009370803833008,0.05968126218582728,0.0,0.0,0.1309860193562486,0.0004953544761423665,0.0,0.0,0.0004953544761423665,C:\repositories\strawberry\agc_mpc\results\control\summaries\current_hybrid_transformer_gradient_mpc_full_period_anchored_w050_anchored_start01992_24steps_trace.json,-6.017967245500099,-1.0869668502384224,16.809345025503397
full_period_anchored_w050,current_hybrid_transformer,0.05,2016,24,2020-05-13T06:25:00.000000000,2020-05-13T08:20:00.000000000,0.060704438791920744,0.3754842281341553,1.4371103048324585,13.325366020202637,0.10198153320408818,0.0,0.002606323870747758,0.28248488763485047,0.0008464467255939319,0.0,0.00020850590965982064,0.0010549526352537524,C:\repositories\strawberry\agc_mpc\results\control\summaries\current_hybrid_transformer_gradient_mpc_full_period_anchored_w050_anchored_start02016_24steps_trace.json,-3.3931289683564048,18.714341497830414,47.48904748671628
full_period_anchored_w050,current_hybrid_transformer,0.05,2040,24,2020-05-13T08:25:00.000000000,2020-05-13T10:20:00.000000000,0.06345517886802554,0.19586904346942902,1.8225116729736328,23.962865829467773,0.10380879721387426,0.0,0.003914198930920931,0.32679011462069035,0.0008616130168751563,0.0,0.0003131359144736745,0.0011747489313488307,C:\repositories\strawberry\agc_mpc\results\control\summaries\current_hybrid_transformer_gradient_mpc_full_period_anchored_w050_anchored_start02040_24steps_trace.json,-2.0294000055217833,3.4902488818537734,37.22274397838764
full_period_anchored_w050,current_hybrid_transformer,0.05,2064,24,2020-05-13T10:25:00.000000000,2020-05-13T12:20:00.000000000,0.10475227950761716,0.8355733752250671,4.532901763916016,28.850753784179688,0.08732452156194212,0.0,0.0072755869600875794,0.5004953682117241,0.0007247935289641196,0.0,0.0005820469568070064,0.001306840485771126,C:\repositories\strawberry\agc_mpc\results\control\summaries\current_hybrid_transformer_gradient_mpc_full_period_anchored_w050_anchored_start02064_24steps_trace.json,0.3567914726745727,0.5093675535054544,17.296595559435847
full_period_anchored_w050,current_hybrid_transformer,0.05,2088,24,2020-05-13T12:25:00.000000000,2020-05-13T14:20:00.000000000,0.11092193766186635,0.8212829232215881,2.997274160385132,20.72099494934082,0.0765566432866422,0.0,0.00772160503254538,0.5112222983580642,0.0006354201392791303,0.0,0.0006177284026036305,0.0012531485418827608,C:\repositories\strawberry\agc_mpc\results\control\summaries\current_hybrid_transformer_gradient_mpc_full_period_anchored_w050_anchored_start02088_24steps_trace.json,-9.191006688434472,1.316102141933597,14.685124343829454
full_period_anchored_w050,current_hybrid_transformer,0.05,2112,24,2020-05-13T14:25:00.000000000,2020-05-13T16:20:00.000000000,0.17087835725396872,1.3332644701004028,5.2311787605285645,30.340560913085938,0.08176416061885573,0.0,0.008329689297471988,0.5423396778136065,0.0006786425331365026,0.0,0.000666375143797759,0.0013450176769342617,C:\repositories\strawberry\agc_mpc\results\control\summaries\current_hybrid_transformer_gradient_mpc_full_period_anchored_w050_anchored_start02112_24steps_trace.json,-6.158035524537113,-1.2193153743476979,9.633035968656161
full_period_anchored_w050,current_hybrid_transformer,0.05,2136,24,2020-05-13T16:25:00.000000000,2020-05-13T18:20:00.000000000,0.16740524551520744,1.4838577508926392,4.216298580169678,35.265140533447266,0.10495096544700375,0.0,0.008090048527296898,0.5154661455392505,0.0008710930132101311,0.0,0.0006472038821837519,0.0015182968953938829,C:\repositories\strawberry\agc_mpc\results\control\summaries\current_hybrid_transformer_gradient_mpc_full_period_anchored_w050_anchored_start02136_24steps_trace.json,-1.4151420997016166,2.4092561697828527,10.238675699424418
full_period_anchored_w050,current_hybrid_transformer,0.05,2160,24,2020-05-13T18:25:00.000000000,2020-05-13T20:20:00.000000000,0.05079887403796116,0.6169555187225342,2.576242446899414,29.098661422729492,0.06778035439743502,0.0,0.003534073399380869,0.29093665731665797,0.0005625769414987107,0.0,0.0002827258719504695,0.0008453028134491802,C:\repositories\strawberry\agc_mpc\results\control\summaries\current_hybrid_transformer_gradient_mpc_full_period_anchored_w050_anchored_start02160_24steps_trace.json,4.9785204614018985,-0.35460930371968125,44.2753293938765
full_period_anchored_w050,current_hybrid_transformer,0.05,2184,24,2020-05-13T20:25:00.000000000,2020-05-13T22:20:00.000000000,0.06401440904786189,0.2963826656341553,1.3892894983291626,32.9183349609375,0.09062401820782602,0.010354439728613368,0.0005235387757395069,0.21158307775007112,0.000752179351124956,0.0008283551782890694,4.1883102059160546e-05,0.001622417631473186,C:\repositories\strawberry\agc_mpc\results\control\summaries\current_hybrid_transformer_gradient_mpc_full_period_anchored_w050_anchored_start02184_24steps_trace.json,-10.552899984752187,5.8085265716994625,30.889864654205034
full_period_anchored_w050,current_hybrid_transformer,0.05,2208,24,2020-05-13T22:25:00.000000000,2020-05-14T00:20:00.000000000,0.0488833854906261,0.40134820342063904,0.7880627512931824,49.27560043334961,0.08978020841193701,0.0,0.0,0.17507308164351987,0.0007451757298190772,0.0,0.0,0.0007451757298190772,C:\repositories\strawberry\agc_mpc\results\control\summaries\current_hybrid_transformer_gradient_mpc_full_period_anchored_w050_anchored_start02208_24steps_trace.json,-0.545409728947036,7.9562572208731375,41.563213439699744
full_period_anchored_w050,current_hybrid_transformer,0.05,2232,24,2020-05-14T00:25:00.000000000,2020-05-14T02:20:00.000000000,0.03559258704384168,0.20372986793518066,1.2023016214370728,43.75790023803711,0.09652728560367775,0.006455428107105085,0.0,0.159346709480146,0.0008011764705105253,0.0002582171242842034,0.0,0.0010593935947947287,C:\repositories\strawberry\agc_mpc\results\control\summaries\current_hybrid_transformer_gradient_mpc_full_period_anchored_w050_anchored_start02232_24steps_trace.json,5.081742751141966,10.275915924796191,65.93241108243795
full_period_anchored_w050,current_hybrid_transformer,0.05,2256,24,2020-05-14T02:25:00.000000000,2020-05-14T04:20:00.000000000,0.03277506811233858,0.20971155166625977,1.4158910512924194,31.613370895385742,0.09015657738774044,0.0,0.0,0.11607961061727236,0.0007482995923182457,0.0,0.0,0.0007482995923182457,C:\repositories\strawberry\agc_mpc\results\control\summaries\current_hybrid_transformer_gradient_mpc_full_period_anchored_w050_anchored_start02256_24steps_trace.json,4.803240230174966,-7.1004635977770265,48.52402470808519
full_period_anchored_w050,current_hybrid_transformer,0.05,2280,24,2020-05-14T04:25:00.000000000,2020-05-14T06:20:00.000000000,0.044236983405426145,0.15509851276874542,1.8852142095565796,10.222546577453613,0.10263802280675322,0.0,0.0,0.12272667157246175,0.0008518955892960517,0.0,0.0,0.0008518955892960517,C:\repositories\strawberry\agc_mpc\results\control\summaries\current_hybrid_transformer_gradient_mpc_full_period_anchored_w050_anchored_start02280_24steps_trace.json,-16.895776919833953,-19.50577732547779,52.293514486822566
full_period_anchored_w050,current_hybrid_transformer,0.05,2304,24,2020-05-14T06:25:00.000000000,2020-05-14T08:20:00.000000000,0.05397626028085748,0.2719181478023529,1.7122780084609985,19.7808780670166,0.11707112264993635,0.0,0.002271286630853692,0.26788083197113055,0.0009716903179944718,0.0,0.00018170293046829538,0.0011533932484627672,C:\repositories\strawberry\agc_mpc\results\control\summaries\current_hybrid_transformer_gradient_mpc_full_period_anchored_w050_anchored_start02304_24steps_trace.json,1.011636928833233,5.004515217330335,40.913860437340595
full_period_anchored_w050,current_hybrid_transformer,0.05,2328,24,2020-05-14T08:25:00.000000000,2020-05-14T10:20:00.000000000,0.07548264724512894,0.32445192337036133,2.7684555053710938,25.39577293395996,0.06564112564864127,0.0,0.006027149396440307,0.46716855551276026,0.0005448213428837226,0.0,0.0004821719517152245,0.0010269932945989471,C:\repositories\strawberry\agc_mpc\results\control\summaries\current_hybrid_transformer_gradient_mpc_full_period_anchored_w050_anchored_start02328_24steps_trace.json,-9.815794114230888,-2.6834752147516916,24.167899666593954
full_period_anchored_w050,current_hybrid_transformer,0.05,2352,24,2020-05-14T10:25:00.000000000,2020-05-14T12:20:00.000000000,0.13243982661515474,0.451871782541275,3.271008253097534,30.527223587036133,0.09825566856792148,0.0,0.006165257300437809,0.4996284991582867,0.0008155220491137483,0.0,0.0004932205840350247,0.0013087426331487729,C:\repositories\strawberry\agc_mpc\results\control\summaries\current_hybrid_transformer_gradient_mpc_full_period_anchored_w050_anchored_start02352_24steps_trace.json,-3.740156055709204,3.4588888613085693,12.971858254391075
full_period_anchored_w050,current_hybrid_transformer,0.05,2376,24,2020-05-14T12:25:00.000000000,2020-05-14T14:20:00.000000000,0.2337670618047317,0.6854200959205627,4.2816243171691895,43.67448043823242,0.11914456169006123,0.0,0.005868576413054668,0.5171271940856743,0.000988899862027508,0.0,0.0004694861130443735,0.0014583859750718815,C:\repositories\strawberry\agc_mpc\results\control\summaries\current_hybrid_transformer_gradient_mpc_full_period_anchored_w050_anchored_start02376_24steps_trace.json,-0.9479323286398256,-0.4146330346729906,6.7453503656811185
full_period_anchored_w050,current_hybrid_transformer,0.05,2400,24,2020-05-14T14:25:00.000000000,2020-05-14T16:20:00.000000000,0.538576195637385,2.166020631790161,10.142502784729004,47.934356689453125,0.13280604506988936,0.0,0.012891814603389638,0.7800965252252261,0.0011022901740800816,0.0,0.001031345168271171,0.0021336353423512524,C:\repositories\strawberry\agc_mpc\results\control\summaries\current_hybrid_transformer_gradient_mpc_full_period_anchored_w050_anchored_start02400_24steps_trace.json,-0.8772798153329433,-0.27310068201758475,2.1536439665032874
full_period_anchored_w050,current_hybrid_transformer,0.05,2424,24,2020-05-14T16:25:00.000000000,2020-05-14T18:20:00.000000000,0.2203456231703361,2.2876083850860596,7.15020227432251,29.246076583862305,0.15604417085133904,0.0,0.009875629228843275,0.6187846663920619,0.001295166618066114,0.0,0.000790050338307462,0.002085216956373576,C:\repositories\strawberry\agc_mpc\results\control\summaries\current_hybrid_transformer_gradient_mpc_full_period_anchored_w050_anchored_start02424_24steps_trace.json,-0.23964489242683107,0.99680332645854,7.561762337378082
full_period_anchored_w050,current_hybrid_transformer,0.05,2448,24,2020-05-14T18:25:00.000000000,2020-05-14T20:20:00.000000000,0.04494745020444194,0.6414818167686462,1.5588860511779785,24.31681251525879,0.09081440689592049,0.0,0.004972960086712906,0.39475548874442945,0.0007537595772361401,0.0,0.0003978368069370325,0.0011515963841731726,C:\repositories\strawberry\agc_mpc\results\control\summaries\current_hybrid_transformer_gradient_mpc_full_period_anchored_w050_anchored_start02448_24steps_trace.json,6.557358041076045,3.093947366910168,41.7816658088961
full_period_anchored_w050,current_hybrid_transformer,0.05,2472,24,2020-05-14T20:25:00.000000000,2020-05-14T22:20:00.000000000,0.09589616364489,0.3366053104400635,4.7146687507629395,18.149948120117188,0.014654457136261493,0.0,0.0004292809500617242,0.16652695826069866,0.0001216319942309704,0.0,3.434247600493794e-05,0.00015597447023590834,C:\repositories\strawberry\agc_mpc\results\control\summaries\current_hybrid_transformer_gradient_mpc_full_period_anchored_w050_anchored_start02472_24steps_trace.json,13.265330875161213,0.32215305395971405,14.837045578453056
full_period_anchored_w050,current_hybrid_transformer,0.05,2496,24,2020-05-14T22:25:00.000000000,2020-05-15T00:20:00.000000000,0.05643902346491814,0.18694114685058594,0.7307894825935364,33.109901428222656,0.09137561125087108,0.01099291921582326,0.0,0.16173743685850656,0.00075841757338223,0.0005679674928175351,0.0,0.001326385066199765,C:\repositories\strawberry\agc_mpc\results\control\summaries\current_hybrid_transformer_gradient_mpc_full_period_anchored_w050_anchored_start02496_24steps_trace.json,-5.695207322869699,4.340100014070996,38.00983278616441
full_period_anchored_w050,current_hybrid_transformer,0.05,2520,24,2020-05-15T00:25:00.000000000,2020-05-15T02:20:00.000000000,0.04956017838170131,0.21115462481975555,1.6511573791503906,56.99677658081055,0.09159070306110569,0.0,0.0,0.16277398328104214,0.0007602028354071772,0.0,0.0,0.0007602028354071772,C:\repositories\strawberry\agc_mpc\results\control\summaries\current_hybrid_transformer_gradient_mpc_full_period_anchored_w050_anchored_start02520_24steps_trace.json,8.372402647235202,-1.6727337961707722,28.44165318621532
full_period_anchored_w050,current_hybrid_transformer,0.05,2544,24,2020-05-15T02:25:00.000000000,2020-05-15T04:20:00.000000000,0.033515553611020245,0.13210439682006836,0.7980232238769531,22.776657104492188,0.09271392723814238,0.0,0.0,0.11341863952713284,0.0007695255960765818,0.0,0.0,0.0007695255960765818,C:\repositories\strawberry\agc_mpc\results\control\summaries\current_hybrid_transformer_gradient_mpc_full_period_anchored_w050_anchored_start02544_24steps_trace.json,0.5167772206261485,-8.358739297321186,64.14602453378674
full_period_anchored_w050,current_hybrid_transformer,0.05,2568,24,2020-05-15T04:25:00.000000000,2020-05-15T06:20:00.000000000,0.045888688725729786,0.2649819850921631,2.0830507278442383,15.942156791687012,0.12572768267992399,0.0,0.0,0.10889362831383022,0.0010435397662433691,0.0,0.0,0.0010435397662433691,C:\repositories\strawberry\agc_mpc\results\control\summaries\current_hybrid_transformer_gradient_mpc_full_period_anchored_w050_anchored_start02568_24steps_trace.json,-8.174504680913152,-11.523487140163438,54.027821210108385
full_period_anchored_w050,current_hybrid_transformer,0.05,2592,24,2020-05-15T06:25:00.000000000,2020-05-15T08:20:00.000000000,0.048461906456698976,0.26965436339378357,1.4894167184829712,20.036649703979492,0.11668801219311628,0.0,0.0020687017698440445,0.24404127903187192,0.0009685105012028651,0.0,0.00016549614158752355,0.0011340066427903887,C:\repositories\strawberry\agc_mpc\results\control\summaries\current_hybrid_transformer_gradient_mpc_full_period_anchored_w050_anchored_start02592_24steps_trace.json,-7.214983566915986,3.123516154109013,60.78867794289703
full_period_anchored_w050,current_hybrid_transformer,0.05,2616,24,2020-05-15T08:25:00.000000000,2020-05-15T10:20:00.000000000,0.0696017649024725,0.8311423659324646,3.5713016986846924,19.034095764160156,0.06962470814018734,0.0,0.006952422088261888,0.49231171847443445,0.000577885077563555,0.0,0.0005561937670609511,0.001134078844624506,C:\repositories\strawberry\agc_mpc\results\control\summaries\current_hybrid_transformer_gradient_mpc_full_period_anchored_w050_anchored_start02616_24steps_trace.json,-5.944130037410747,3.387530379841388,32.075452124805864
full_period_anchored_w050,current_hybrid_transformer,0.05,2640,24,2020-05-15T10:25:00.000000000,2020-05-15T12:20:00.000000000,0.12765029507378736,0.9968910813331604,3.456160306930542,11.416895866394043,0.1303595007464498,0.01273245917982085,0.008408464661149046,0.678987025383223,0.0010819838561955334,0.001018596734385668,0.0006726771728919238,0.0027732577634731253,C:\repositories\strawberry\agc_mpc\results\control\summaries\current_hybrid_transformer_gradient_mpc_full_period_anchored_w050_anchored_start02640_24steps_trace.json,-7.099293429343039,-9.33883634718485,20.039186704860988
full_period_anchored_w050,current_hybrid_transformer,0.05,2664,24,2020-05-15T12:25:00.000000000,2020-05-15T14:20:00.000000000,0.1127060716971755,0.5531997680664062,2.751232862472534,45.79832077026367,0.11955649953682225,0.0019101757374060304,0.008473041694242416,0.6933909051438808,0.0009923189461556246,0.00015281405899248243,0.0006778433355393933,0.0018229763406875004,C:\repositories\strawberry\agc_mpc\results\control\summaries\current_hybrid_transformer_gradient_mpc_full_period_anchored_w050_anchored_start02664_24steps_trace.json,-13.976887913735926,0.2731048781530797,18.333825223428743
full_period_anchored_w050,current_hybrid_transformer,0.05,2688,24,2020-05-15T14:25:00.000000000,2020-05-15T16:20:00.000000000,0.10337233636528254,0.9658092856407166,4.294829845428467,25.252695083618164,0.06893557921547903,0.0,0.010088972558782078,0.7628602150748099,0.000572165307488476,0.0,0.0008071178047025663,0.0013792831121910423,C:\repositories\strawberry\agc_mpc\results\control\summaries\current_hybrid_transformer_gradient_mpc_full_period_anchored_w050_anchored_start02688_24steps_trace.json,-4.9478095677332945,-0.8659163894927052,15.080697728564093
full_period_anchored_w050,current_hybrid_transformer,0.05,2712,24,2020-05-15T16:25:00.000000000,2020-05-15T18:20:00.000000000,0.08265231285865109,1.2957819700241089,1.9597505331039429,20.27794075012207,0.07329927267924607,0.0,0.006934048131693731,0.5615304728723979,0.0006083839632377424,0.0,0.0005547238505354985,0.0011631078137732409,C:\repositories\strawberry\agc_mpc\results\control\summaries\current_hybrid_transformer_gradient_mpc_full_period_anchored_w050_anchored_start02712_24steps_trace.json,-6.700105708709198,0.11882628111879776,16.70372524945084
full_period_anchored_w050,current_hybrid_transformer,0.05,2736,24,2020-05-15T18:25:00.000000000,2020-05-15T20:20:00.000000000,0.06291206056873004,0.46850094199180603,1.2798391580581665,13.282440185546875,0.04817985695896089,0.01735732318329126,0.0048362921334179874,0.4320293707686008,0.00039989281275937537,0.001388585854663301,0.000386903370673439,0.0021753820380961152,C:\repositories\strawberry\agc_mpc\results\control\summaries\current_hybrid_transformer_gradient_mpc_full_period_anchored_w050_anchored_start02736_24steps_trace.json,11.183213201557098,1.389695625944683,40.36828949584471
full_period_anchored_w050,current_hybrid_transformer,0.05,2760,24,2020-05-15T20:25:00.000000000,2020-05-15T22:20:00.000000000,0.0756664980823795,0.7445588111877441,5.545318603515625,26.82188606262207,0.010846462098389695,0.0,0.0,0.19002753842138467,9.002563541663448e-05,0.0,0.0,9.002563541663448e-05,C:\repositories\strawberry\agc_mpc\results\control\summaries\current_hybrid_transformer_gradient_mpc_full_period_anchored_w050_anchored_start02760_24steps_trace.json,-59.49390331639307,12.23909947520788,28.513094327553233
full_period_anchored_w050,current_hybrid_transformer,0.05,2784,24,2020-05-15T22:25:00.000000000,2020-05-16T00:20:00.000000000,0.083906013208131,0.804260790348053,1.1864652633666992,55.209320068359375,0.0,0.0020419326591904954,0.0,0.15954712903424306,0.0,0.0001054998540581756,0.0,0.0001054998540581756,C:\repositories\strawberry\agc_mpc\results\control\summaries\current_hybrid_transformer_gradient_mpc_full_period_anchored_w050_anchored_start02784_24steps_trace.json,-30.764707276178527,-1.8822233497224623,17.59045661261143
full_period_anchored_w050,current_hybrid_transformer,0.05,2808,24,2020-05-16T00:25:00.000000000,2020-05-16T02:20:00.000000000,0.05172973871231079,0.5332794785499573,0.3427248001098633,52.52384567260742,0.028808609812716303,0.0,0.0,0.141964369357019,0.00023911146144554532,0.0,0.0,0.00023911146144554532,C:\repositories\strawberry\agc_mpc\results\control\summaries\current_hybrid_transformer_gradient_mpc_full_period_anchored_w050_anchored_start02808_24steps_trace.json,1667.0077906489817,2.280646823101971,40.60992186626671
full_period_anchored_w050,current_hybrid_transformer,0.05,2832,24,2020-05-16T02:25:00.000000000,2020-05-16T04:20:00.000000000,0.0517058001520733,0.24070914089679718,0.9581518173217773,44.1318244934082,0.0516044177563597,0.0,0.0,0.13008627764430045,0.0004283166673777855,0.0,0.0,0.0004283166673777855,C:\repositories\strawberry\agc_mpc\results\control\summaries\current_hybrid_transformer_gradient_mpc_full_period_anchored_w050_anchored_start02832_24steps_trace.json,-2.309887376656701,-0.7776874752134899,47.281319490187244
full_period_anchored_w050,current_hybrid_transformer,0.05,2856,24,2020-05-16T04:25:00.000000000,2020-05-16T06:20:00.000000000,0.08102979091927409,0.2244597226381302,1.6195656061172485,34.10228729248047,0.037679410298406726,0.0,0.0,0.13403194312668312,0.00031273910547677583,0.0,0.0,0.00031273910547677583,C:\repositories\strawberry\agc_mpc\results\control\summaries\current_hybrid_transformer_gradient_mpc_full_period_anchored_w050_anchored_start02856_24steps_trace.json,-9.550653678390548,39.63897156466248,86.49730662422564
full_period_anchored_w050,current_hybrid_transformer,0.05,2880,24,2020-05-16T06:25:00.000000000,2020-05-16T08:20:00.000000000,0.046002237126231194,0.46321901679039,0.9314387440681458,15.340571403503418,0.07634805629036409,0.0,0.0026975541123868225,0.2559928482298438,0.000633688867210022,0.0,0.0002158043289909458,0.0008494931962009678,C:\repositories\strawberry\agc_mpc\results\control\summaries\current_hybrid_transformer_gradient_mpc_full_period_anchored_w050_anchored_start02880_24steps_trace.json,4.32016130625239,10.260421040004799,66.46451456095713
full_period_anchored_w050,current_hybrid_transformer,0.05,2904,24,2020-05-16T08:25:00.000000000,2020-05-16T10:20:00.000000000,0.07954729457075398,1.13927161693573,4.585338115692139,17.0452823638916,0.028808834481636326,0.0,0.006402343874353564,0.4425292375756159,0.0002391133261975815,0.0,0.0005121875099482851,0.0007513008361458666,C:\repositories\strawberry\agc_mpc\results\control\summaries\current_hybrid_transformer_gradient_mpc_full_period_anchored_w050_anchored_start02904_24steps_trace.json,-9.349910529757445,2.8170744713714093,22.641904202008586
full_period_anchored_w050,current_hybrid_transformer,0.05,2928,24,2020-05-16T10:25:00.000000000,2020-05-16T12:20:00.000000000,0.11051377405722936,1.16147780418396,4.126389026641846,23.821313858032227,0.08203619013181504,0.0,0.007669953229355193,0.5772667156815454,0.0006809003780940649,0.0,0.0006135962583484155,0.0012944966364424803,C:\repositories\strawberry\agc_mpc\results\control\summaries\current_hybrid_transformer_gradient_mpc_full_period_anchored_w050_anchored_start02928_24steps_trace.json,-7.420804172025757,-4.57177550931369,11.509176395743005
full_period_anchored_w050,current_hybrid_transformer,0.05,2952,24,2020-05-16T12:25:00.000000000,2020-05-16T14:20:00.000000000,0.15662399989863238,1.7677656412124634,5.695925235748291,35.46534729003906,0.0705073752384019,0.0,0.008296695585967169,0.6109476006514879,0.0005852112144787359,0.0,0.0006637356468773735,0.0012489468613561094,C:\repositories\strawberry\agc_mpc\results\control\summaries\current_hybrid_transformer_gradient_mpc_full_period_anchored_w050_anchored_start02952_24steps_trace.json,-12.607543159024631,-7.883912479576884,4.467537275690258
full_period_anchored_w050,current_hybrid_transformer,0.05,2976,24,2020-05-16T14:25:00.000000000,2020-05-16T16:20:00.000000000,0.11546939114729564,1.3164340257644653,3.071653127670288,27.250898361206055,0.06267613487567186,0.0,0.007935075671616349,0.6048718242308839,0.0005202119194680765,0.0,0.0006348060537293079,0.0011550179731973844,C:\repositories\strawberry\agc_mpc\results\control\summaries\current_hybrid_transformer_gradient_mpc_full_period_anchored_w050_anchored_start02976_24steps_trace.json,-9.78946427286038,-0.8499083504970127,9.278140115407442
full_period_anchored_w050,current_hybrid_transformer,0.05,3000,24,2020-05-16T16:25:00.000000000,2020-05-16T18:20:00.000000000,0.07408873457461596,0.5001072287559509,1.1506342887878418,28.256399154663086,0.06389734529042683,0.0,0.0059911186190576785,0.4507960575349991,0.0005303479659105427,0.0,0.0004792894895246143,0.001009637455435157,C:\repositories\strawberry\agc_mpc\results\control\summaries\current_hybrid_transformer_gradient_mpc_full_period_anchored_w050_anchored_start03000_24steps_trace.json,-11.338831937855742,-1.5014055231718342,34.06065360139306
full_period_anchored_w050,current_hybrid_transformer,0.05,3024,24,2020-05-16T18:25:00.000000000,2020-05-16T20:20:00.000000000,0.0535792278436323,0.3656415045261383,1.2985892295837402,19.04628562927246,0.06867833249236015,0.011279149636773695,0.004871570351043548,0.4045250441804017,0.0005700301596865893,0.0009023319709418956,0.0003897256280834838,0.0018620877587119688,C:\repositories\strawberry\agc_mpc\results\control\summaries\current_hybrid_transformer_gradient_mpc_full_period_anchored_w050_anchored_start03024_24steps_trace.json,-2.1917698031701955,-0.5825026007424947,46.420909136194716
full_period_anchored_w050,current_hybrid_transformer,0.05,3048,24,2020-05-16T20:25:00.000000000,2020-05-16T22:20:00.000000000,0.07405589567497373,0.6805620193481445,3.577423334121704,37.830928802490234,0.011337859639012949,0.0,0.00025769037381200726,0.1738227209152967,9.410423500380748e-05,0.0,2.061522990496058e-05,0.00011471946490876806,C:\repositories\strawberry\agc_mpc\results\control\summaries\current_hybrid_transformer_gradient_mpc_full_period_anchored_w050_anchored_start03048_24steps_trace.json,-21.374471452659876,-1.7672707238731613,22.908909952211904
full_period_anchored_w050,current_hybrid_transformer,0.05,3072,24,2020-05-16T22:25:00.000000000,2020-05-17T00:20:00.000000000,0.05965930223464966,0.4933644235134125,0.4853099286556244,58.79152297973633,0.036010488067586735,0.00024873404480143656,0.0,0.15111707295614746,0.0002988870509609699,1.2851258981407555e-05,0.0,0.0003117383099423774,C:\repositories\strawberry\agc_mpc\results\control\summaries\current_hybrid_transformer_gradient_mpc_full_period_anchored_w050_anchored_start03072_24steps_trace.json,-2.679705533339528,3.7940291433020557,32.33985440510187
full_period_anchored_w050,current_hybrid_transformer,0.05,3096,24,2020-05-17T00:25:00.000000000,2020-05-17T02:20:00.000000000,0.0574844884686172,0.21653683483600616,0.7767836451530457,29.512237548828125,0.04843142124658323,0.0,0.0,0.11685893979818462,0.0004019807963466408,0.0,0.0,0.0004019807963466408,C:\repositories\strawberry\agc_mpc\results\control\summaries\current_hybrid_transformer_gradient_mpc_full_period_anchored_w050_anchored_start03096_24steps_trace.json,-38.65085015966689,-21.644565004591566,91.08566908241939
full_period_anchored_w050,current_hybrid_transformer,0.05,3120,24,2020-05-17T02:25:00.000000000,2020-05-17T04:20:00.000000000,0.06772455510993798,0.17884476482868195,0.8134784698486328,31.341279983520508,0.05613578821401466,0.0,0.0,0.11499000422221206,0.00046592704217632167,0.0,0.0,0.00046592704217632167,C:\repositories\strawberry\agc_mpc\results\control\summaries\current_hybrid_transformer_gradient_mpc_full_period_anchored_w050_anchored_start03120_24steps_trace.json,-36.46175642336983,-9.094949138203546,97.51934725884354
full_period_anchored_w050,current_hybrid_transformer,0.05,3144,24,2020-05-17T04:25:00.000000000,2020-05-17T06:20:00.000000000,0.07382683269679546,0.22254984080791473,1.5170984268188477,21.753110885620117,0.036336692958887654,0.0,0.0,0.12309655955805351,0.00030159455155876754,0.0,0.0,0.00030159455155876754,C:\repositories\strawberry\agc_mpc\results\control\summaries\current_hybrid_transformer_gradient_mpc_full_period_anchored_w050_anchored_start03144_24steps_trace.json,-17.847689794208055,-8.318303452569136,26.654233467848904
full_period_anchored_w050,current_hybrid_transformer,0.05,3168,24,2020-05-17T06:25:00.000000000,2020-05-17T08:20:00.000000000,0.04943748051300645,0.2767782211303711,0.9646342396736145,12.553695678710938,0.0758193621473849,0.0,0.0019034164978029326,0.20366663307178215,0.0006293007058232946,0.0,0.0001522733198242346,0.0007815740256475292,C:\repositories\strawberry\agc_mpc\results\control\summaries\current_hybrid_transformer_gradient_mpc_full_period_anchored_w050_anchored_start03168_24steps_trace.json,-8.186956734432645,21.728630174875445,75.75485697527161
full_period_anchored_w050,current_hybrid_transformer,0.05,3192,24,2020-05-17T08:25:00.000000000,2020-05-17T10:20:00.000000000,0.07085187841827671,0.9496099948883057,4.353675365447998,24.160005569458008,0.004208529404112195,0.0,0.007368646843860388,0.4994454862007239,3.493079405413122e-05,0.0,0.000589491747508831,0.0006244225415629622,C:\repositories\strawberry\agc_mpc\results\control\summaries\current_hybrid_transformer_gradient_mpc_full_period_anchored_w050_anchored_start03192_24steps_trace.json,-22.93962084280869,-0.5665761073279275,25.496476770959553
full_period_anchored_w050,current_hybrid_transformer,0.05,3216,24,2020-05-17T10:25:00.000000000,2020-05-17T12:20:00.000000000,0.07750970280418794,0.540186882019043,2.287306785583496,12.624297142028809,0.06073338181148144,0.003009803450243497,0.01122273593614605,0.7522074709028727,0.000504087069035296,0.00024078427601947978,0.000897818874891684,0.00164269021994646,C:\repositories\strawberry\agc_mpc\results\control\summaries\current_hybrid_transformer_gradient_mpc_full_period_anchored_w050_anchored_start03216_24steps_trace.json,-20.64780168897068,-10.308246788501679,37.86846006674413
full_period_anchored_w050,current_hybrid_transformer,0.05,3240,24,2020-05-17T12:25:00.000000000,2020-05-17T14:20:00.000000000,0.07686062281330426,0.3617434501647949,1.0092395544052124,24.818151473999023,0.03997875707724693,0.016721738172138612,0.012469329023956201,0.8542860841917661,0.0003318236837411495,0.001337739053771089,0.000997546321916496,0.0026671090594287345,C:\repositories\strawberry\agc_mpc\results\control\summaries\current_hybrid_transformer_gradient_mpc_full_period_anchored_w050_anchored_start03240_24steps_trace.json,-28.6112249649171,6.6580090114370885,39.81683885049276
full_period_anchored_w050,current_hybrid_transformer,0.05,3264,24,2020-05-17T14:25:00.000000000,2020-05-17T16:20:00.000000000,0.07539913275589545,0.17758075892925262,0.5791293978691101,22.092300415039062,0.03418503718738886,0.016432288541294617,0.011515748467692566,0.8036174361762229,0.00028373580865532756,0.0013145830833035694,0.0009212598774154053,0.0025195787693743023,C:\repositories\strawberry\agc_mpc\results\control\summaries\current_hybrid_transformer_gradient_mpc_full_period_anchored_w050_anchored_start03264_24steps_trace.json,-14.44447396536681,3.0907846796536393,41.06040000362295
full_period_anchored_w050,current_hybrid_transformer,0.05,3288,24,2020-05-17T16:25:00.000000000,2020-05-17T18:20:00.000000000,0.07425779088710745,0.2307368963956833,0.6396932601928711,24.126914978027344,0.07038222953548386,0.024433864847500267,0.008709813224071732,0.6716926321245019,0.000584172505144516,0.0019547091878000214,0.0006967850579257385,0.003235666750870276,C:\repositories\strawberry\agc_mpc\results\control\summaries\current_hybrid_transformer_gradient_mpc_full_period_anchored_w050_anchored_start03288_24steps_trace.json,-2.922689683901295,-0.579798150169678,44.26322146511178
full_period_anchored_w050,current_hybrid_transformer,0.05,3312,24,2020-05-17T18:25:00.000000000,2020-05-17T20:20:00.000000000,0.062338359809170164,0.2644939422607422,0.4606165885925293,16.9788875579834,0.03323344246456576,0.02315870766439406,0.004651268790838068,0.4118651786788679,0.00027583757245589586,0.001852696613151525,0.00037210150326704545,0.0025006356888744663,C:\repositories\strawberry\agc_mpc\results\control\summaries\current_hybrid_transformer_gradient_mpc_full_period_anchored_w050_anchored_start03312_24steps_trace.json,-1.741397084823262,-5.106078690997022,34.666943121444675
full_period_anchored_w050,current_hybrid_transformer,0.05,3336,24,2020-05-17T20:25:00.000000000,2020-05-17T22:20:00.000000000,0.06853740693380435,0.48570147156715393,1.30411958694458,16.53261375427246,0.026248541169350742,0.004186756651515978,0.0006036493265545115,0.2495766787417109,0.00021786289170561116,0.00033494053212127824,4.829194612436092e-05,0.0006010953699512504,C:\repositories\strawberry\agc_mpc\results\control\summaries\current_hybrid_transformer_gradient_mpc_full_period_anchored_w050_anchored_start03336_24steps_trace.json,3.031256295445619,-1.342754116489713,19.488257517826185
full_period_anchored_w050,current_hybrid_transformer,0.05,3360,24,2020-05-17T22:25:00.000000000,2020-05-18T00:20:00.000000000,0.11208341953655084,1.1138585805892944,2.59285831451416,66.51112365722656,0.0,0.00680236331310005,0.0,0.17364749679185867,0.0,0.0003514554378435026,0.0,0.0003514554378435026,C:\repositories\strawberry\agc_mpc\results\control\summaries\current_hybrid_transformer_gradient_mpc_full_period_anchored_w050_anchored_start03360_24steps_trace.json,34.01818108047095,7.6737107432790275,16.11304749500495
full_period_anchored_w050,current_hybrid_transformer,0.05,3384,24,2020-05-18T00:25:00.000000000,2020-05-18T02:20:00.000000000,0.06924898130819201,0.9092583656311035,1.7434478998184204,39.41671371459961,0.0,0.0,0.0,0.15758168449881754,0.0,0.0,0.0,0.0,C:\repositories\strawberry\agc_mpc\results\control\summaries\current_hybrid_transformer_gradient_mpc_full_period_anchored_w050_anchored_start03384_24steps_trace.json,nan,-3.611481187603813,21.180141154672725
full_period_anchored_w050,current_hybrid_transformer,0.05,3408,24,2020-05-18T02:25:00.000000000,2020-05-18T04:20:00.000000000,0.0519230030477047,0.38512125611305237,1.714025855064392,12.339449882507324,0.0,0.0,0.0,0.15595281463026742,0.0,0.0,0.0,0.0,C:\repositories\strawberry\agc_mpc\results\control\summaries\current_hybrid_transformer_gradient_mpc_full_period_anchored_w050_anchored_start03408_24steps_trace.json,nan,-3.5419355872778855,40.50968202629478
full_period_anchored_w050,current_hybrid_transformer,0.05,3432,24,2020-05-18T04:25:00.000000000,2020-05-18T06:20:00.000000000,0.0850840825587511,0.612027645111084,1.1607986688613892,8.820358276367188,0.057592291095743445,0.0,0.0,0.16797704769943658,0.00047801601609467057,0.0,0.0,0.00047801601609467057,C:\repositories\strawberry\agc_mpc\results\control\summaries\current_hybrid_transformer_gradient_mpc_full_period_anchored_w050_anchored_start03432_24steps_trace.json,-33.17365658444656,-0.01184876137200008,29.567574511935106
full_period_anchored_w050,current_hybrid_transformer,0.05,3456,24,2020-05-18T06:25:00.000000000,2020-05-18T08:20:00.000000000,0.04887076606974006,0.398197740316391,0.7517509460449219,13.417854309082031,0.05111235249875191,0.0,0.002984393478269347,0.2581730668771568,0.0004242325257396408,0.0,0.00023875147826154776,0.0006629840040011886,C:\repositories\strawberry\agc_mpc\results\control\summaries\current_hybrid_transformer_gradient_mpc_full_period_anchored_w050_anchored_start03456_24steps_trace.json,-1.804460089874219,-0.7666693867780441,66.14359805666021
full_period_anchored_w050,current_hybrid_transformer,0.05,3480,24,2020-05-18T08:25:00.000000000,2020-05-18T10:20:00.000000000,0.05509070307016373,0.6549156308174133,3.205089569091797,11.437825202941895,0.003646131441650292,0.0,0.007744034536468336,0.5016070258168569,3.0262890965697422e-05,0.0,0.0006195227629174669,0.0006497856538831644,C:\repositories\strawberry\agc_mpc\results\control\summaries\current_hybrid_transformer_gradient_mpc_full_period_anchored_w050_anchored_start03480_24steps_trace.json,-12.155595746642929,-14.24071604760303,40.54090137467997
full_period_anchored_w050,current_hybrid_transformer,0.05,3504,24,2020-05-18T10:25:00.000000000,2020-05-18T12:20:00.000000000,0.06944894635428984,0.6618232727050781,2.4912779331207275,22.074058532714844,0.0,0.0,0.010614253545831712,0.7041767088205082,0.0,0.0,0.000849140283666537,0.000849140283666537,C:\repositories\strawberry\agc_mpc\results\control\summaries\current_hybrid_transformer_gradient_mpc_full_period_anchored_w050_anchored_start03504_24steps_trace.json,-3.685916103119815,4.667481288228345,21.909686714332043
full_period_anchored_w050,current_hybrid_transformer,0.05,3528,24,2020-05-18T12:25:00.000000000,2020-05-18T14:20:00.000000000,0.05920968996360898,0.39405322074890137,1.4622725248336792,26.54933738708496,0.0,0.0,0.011848301220565852,0.78676224293619,0.0,0.0,0.0009478640976452683,0.0009478640976452683,C:\repositories\strawberry\agc_mpc\results\control\summaries\current_hybrid_transformer_gradient_mpc_full_period_anchored_w050_anchored_start03528_24steps_trace.json,-10.004914019259065,1.3852624224724444,24.91209632929449
full_period_anchored_w050,current_hybrid_transformer,0.05,3552,24,2020-05-18T14:25:00.000000000,2020-05-18T16:20:00.000000000,0.061854050339510046,0.3938380181789398,1.150496006011963,19.827821731567383,0.0026180068924874927,0.0,0.01119256383790446,0.7677737288200062,2.172945720764619e-05,0.0,0.0008954051070323569,0.000917134564240003,C:\repositories\strawberry\agc_mpc\results\control\summaries\current_hybrid_transformer_gradient_mpc_full_period_anchored_w050_anchored_start03552_24steps_trace.json,-14.947015639215296,4.050564494052281,41.88277644659168
full_period_anchored_w050,current_hybrid_transformer,0.05,3576,24,2020-05-18T16:25:00.000000000,2020-05-18T18:20:00.000000000,0.07315326497579615,0.22672025859355927,0.7366763949394226,14.091263771057129,0.0756705483627582,0.01886008110683791,0.009012668995258887,0.668727094875951,0.0006280655514108931,0.0015088064885470328,0.000721013519620711,0.002857885559578637,C:\repositories\strawberry\agc_mpc\results\control\summaries\current_hybrid_transformer_gradient_mpc_full_period_anchored_w050_anchored_start03576_24steps_trace.json,-9.304069329076006,-2.423290991515193,43.21412702963412
full_period_anchored_w050,current_hybrid_transformer,0.05,3600,24,2020-05-18T18:25:00.000000000,2020-05-18T20:20:00.000000000,0.04914449636513988,0.3846149444580078,0.6353328824043274,15.293815612792969,0.02991877643542424,0.019871481187722542,0.004646546291747462,0.3887532166598582,0.0002483258444140212,0.0015897184950178034,0.00037172370333979696,0.0022097680427716217,C:\repositories\strawberry\agc_mpc\results\control\summaries\current_hybrid_transformer_gradient_mpc_full_period_anchored_w050_anchored_start03600_24steps_trace.json,-1.0027846282846924,-5.080956893937224,40.15594742020383
full_period_anchored_w050,current_hybrid_transformer,0.05,3624,24,2020-05-18T20:25:00.000000000,2020-05-18T22:20:00.000000000,0.032250128065546356,0.5434948801994324,1.0774511098861694,14.934287071228027,0.0,0.0,0.0,0.17938504360486232,0.0,0.0,0.0,0.0,C:\repositories\strawberry\agc_mpc\results\control\summaries\current_hybrid_transformer_gradient_mpc_full_period_anchored_w050_anchored_start03624_24steps_trace.json,-100.0,12.600018695083193,41.62890756837769
full_period_anchored_w050,current_hybrid_transformer,0.05,3648,24,2020-05-18T22:25:00.000000000,2020-05-19T00:20:00.000000000,0.10710450339441498,1.2967795133590698,2.5667543411254883,83.51085662841797,0.0,0.009361696611721475,0.0,0.18944314971714954,0.0,0.0004836876582722762,0.0,0.0004836876582722762,C:\repositories\strawberry\agc_mpc\results\control\summaries\current_hybrid_transformer_gradient_mpc_full_period_anchored_w050_anchored_start03648_24steps_trace.json,14.715313801936498,6.656835003449364,18.20374830753274
full_period_anchored_w050,current_hybrid_transformer,0.05,3672,24,2020-05-19T00:25:00.000000000,2020-05-19T02:20:00.000000000,0.058856501088788114,1.1001313924789429,2.02327036857605,42.074344635009766,0.0,0.0,0.0,0.1406181483679314,0.0,0.0,0.0,0.0,C:\repositories\strawberry\agc_mpc\results\control\summaries\current_hybrid_transformer_gradient_mpc_full_period_anchored_w050_anchored_start03672_24steps_trace.json,nan,-0.7147756028229874,31.677775972727634
full_period_anchored_w050,current_hybrid_transformer,0.05,3696,24,2020-05-19T02:25:00.000000000,2020-05-19T04:20:00.000000000,0.04017155314795673,0.3266201913356781,0.7539491653442383,12.019920349121094,0.0,0.0,0.0,0.13525615097067012,0.0,0.0,0.0,0.0,C:\repositories\strawberry\agc_mpc\results\control\summaries\current_hybrid_transformer_gradient_mpc_full_period_anchored_w050_anchored_start03696_24steps_trace.json,nan,-11.789273520230035,57.466735609213124
full_period_anchored_w050,current_hybrid_transformer,0.05,3720,24,2020-05-19T04:25:00.000000000,2020-05-19T06:20:00.000000000,0.04811666036645571,0.1866556853055954,0.6215991973876953,13.742457389831543,0.010362716779824033,0.0,0.0,0.1500376620474963,8.601054927253948e-05,0.0,0.0,8.601054927253948e-05,C:\repositories\strawberry\agc_mpc\results\control\summaries\current_hybrid_transformer_gradient_mpc_full_period_anchored_w050_anchored_start03720_24steps_trace.json,-28.18379673123231,0.486238660701466,51.851311490949215
full_period_anchored_w050,current_hybrid_transformer,0.05,3744,24,2020-05-19T06:25:00.000000000,2020-05-19T08:20:00.000000000,0.060855651584764324,0.3614741265773773,1.0367603302001953,14.932044982910156,0.022689087407950035,0.0,0.0035946950913351935,0.29472889130978636,0.00018831942548598528,0.0,0.0002875756073068155,0.00047589503279280075,C:\repositories\strawberry\agc_mpc\results\control\summaries\current_hybrid_transformer_gradient_mpc_full_period_anchored_w050_anchored_start03744_24steps_trace.json,-8.814286183822396,-1.6674362088083519,55.88420116539301
full_period_anchored_w050,current_hybrid_transformer,0.05,3768,24,2020-05-19T08:25:00.000000000,2020-05-19T10:20:00.000000000,0.06589355940620105,0.709083616733551,3.5368897914886475,16.995445251464844,0.0,0.0,0.008178607594618952,0.5048690858404363,0.0,0.0,0.0006542886075695162,0.0006542886075695162,C:\repositories\strawberry\agc_mpc\results\control\summaries\current_hybrid_transformer_gradient_mpc_full_period_anchored_w050_anchored_start03768_24steps_trace.json,-19.03903589695276,-3.9650370753578206,14.740336216713565
full_period_anchored_w050,current_hybrid_transformer,0.05,3792,24,2020-05-19T10:25:00.000000000,2020-05-19T12:20:00.000000000,0.1004004180431366,0.872126042842865,3.047529935836792,32.03266525268555,0.0,0.0,0.009897464664997918,0.7122467307666982,0.0,0.0,0.0007917971731998334,0.0007917971731998334,C:\repositories\strawberry\agc_mpc\results\control\summaries\current_hybrid_transformer_gradient_mpc_full_period_anchored_w050_anchored_start03792_24steps_trace.json,-6.376061314309436,-2.433455499140254,14.607570523547759
full_period_anchored_w050,current_hybrid_transformer,0.05,3816,24,2020-05-19T12:25:00.000000000,2020-05-19T14:20:00.000000000,0.057545586954802275,0.47541770339012146,1.3042263984680176,19.364042282104492,0.0,0.0,0.012305730978728363,0.8251145417194161,0.0,0.0,0.0009844584782982692,0.0009844584782982692,C:\repositories\strawberry\agc_mpc\results\control\summaries\current_hybrid_transformer_gradient_mpc_full_period_anchored_w050_anchored_start03816_24steps_trace.json,-17.519932099276286,7.308671685725342,37.53377317599103
full_period_anchored_w050,current_hybrid_transformer,0.05,3840,24,2020-05-19T14:25:00.000000000,2020-05-19T16:20:00.000000000,0.06261087255552411,0.3138394355773926,0.6992819905281067,13.584548950195312,0.012841783520443763,0.004551748510192785,0.01113438977504452,0.7900714428889442,0.00010658680321968324,0.0003641398808154228,0.0008907511820035616,0.0013614778660386677,C:\repositories\strawberry\agc_mpc\results\control\summaries\current_hybrid_transformer_gradient_mpc_full_period_anchored_w050_anchored_start03840_24steps_trace.json,-11.054633569769193,-2.7940671785632616,48.64708818552829
full_period_anchored_w050,current_hybrid_transformer,0.05,3864,24,2020-05-19T16:25:00.000000000,2020-05-19T18:20:00.000000000,0.05597112700343132,0.4677767753601074,0.9851296544075012,15.399142265319824,0.05330359194866609,0.008877251302292279,0.008237723342205978,0.6442056927653097,0.0004424198131739285,0.0007101801041833823,0.0006590178673764783,0.001811617784733789,C:\repositories\strawberry\agc_mpc\results\control\summaries\current_hybrid_transformer_gradient_mpc_full_period_anchored_w050_anchored_start03864_24steps_trace.json,-4.041535799753842,-3.2975851003081544,39.064486922242686
full_period_anchored_w050,current_hybrid_transformer,0.05,3888,24,2020-05-19T18:25:00.000000000,2020-05-19T20:20:00.000000000,0.03415091157269975,0.37273678183555603,0.6913127899169922,8.714558601379395,0.0,0.0,0.0040759474657137825,0.3665685085737055,0.0,0.0,0.0003260757972571026,0.0003260757972571026,C:\repositories\strawberry\agc_mpc\results\control\summaries\current_hybrid_transformer_gradient_mpc_full_period_anchored_w050_anchored_start03888_24steps_trace.json,0.9772250985474755,-5.086538809097356,50.53527778965963
full_period_anchored_w050,current_hybrid_transformer,0.05,3912,24,2020-05-19T20:25:00.000000000,2020-05-19T22:20:00.000000000,0.0222988894674927,0.3161536753177643,0.8842229843139648,16.323244094848633,0.0,0.0,0.0,0.16659943003228278,0.0,0.0,0.0,0.0,C:\repositories\strawberry\agc_mpc\results\control\summaries\current_hybrid_transformer_gradient_mpc_full_period_anchored_w050_anchored_start03912_24steps_trace.json,nan,6.131760875178176,57.239587727556454
full_period_anchored_w050,current_hybrid_transformer,0.05,3936,24,2020-05-19T22:25:00.000000000,2020-05-20T00:20:00.000000000,0.05547560937702656,0.7572948336601257,1.2159757614135742,60.83732223510742,0.0,0.0,0.0,0.1546570895023632,0.0,0.0,0.0,0.0,C:\repositories\strawberry\agc_mpc\results\control\summaries\current_hybrid_transformer_gradient_mpc_full_period_anchored_w050_anchored_start03936_24steps_trace.json,nan,1.2564502964874515,25.653938377509117
full_period_anchored_w050,current_hybrid_transformer,0.05,3960,24,2020-05-20T00:25:00.000000000,2020-05-20T02:20:00.000000000,0.04271843874206146,0.6234436631202698,0.5919294357299805,41.83962631225586,0.0,0.0,0.0,0.14356820313589275,0.0,0.0,0.0,0.0,C:\repositories\strawberry\agc_mpc\results\control\summaries\current_hybrid_transformer_gradient_mpc_full_period_anchored_w050_anchored_start03960_24steps_trace.json,-100.0,-3.7591892892680336,40.95162672474794
full_period_anchored_w050,current_hybrid_transformer,0.05,3984,24,2020-05-20T02:25:00.000000000,2020-05-20T04:20:00.000000000,0.0480560720898211,0.16618673503398895,0.23538684844970703,15.088208198547363,0.0,0.0,0.0,0.1369495345866226,0.0,0.0,0.0,0.0,C:\repositories\strawberry\agc_mpc\results\control\summaries\current_hybrid_transformer_gradient_mpc_full_period_anchored_w050_anchored_start03984_24steps_trace.json,nan,-4.388686184320577,43.15079618495747
full_period_anchored_w050,current_hybrid_transformer,0.05,4008,24,2020-05-20T04:25:00.000000000,2020-05-20T06:20:00.000000000,0.07296841172501445,0.5675344467163086,0.9807221293449402,13.0938081741333,0.02880619846981547,0.0,0.0,0.17420445283821923,0.0002390914472994684,0.0,0.0,0.0002390914472994684,C:\repositories\strawberry\agc_mpc\results\control\summaries\current_hybrid_transformer_gradient_mpc_full_period_anchored_w050_anchored_start04008_24steps_trace.json,16.37576930900429,0.9167499195891432,33.46584378980236
full_period_anchored_w050,current_hybrid_transformer,0.05,4032,24,2020-05-20T06:25:00.000000000,2020-05-20T08:20:00.000000000,0.06089380942285061,0.4365394115447998,0.8916556239128113,11.096966743469238,0.0016839889213685483,0.0,0.003361448774630826,0.2825477429805312,1.3977108047358951e-05,0.0,0.0002689159019704661,0.00028289301001782505,C:\repositories\strawberry\agc_mpc\results\control\summaries\current_hybrid_transformer_gradient_mpc_full_period_anchored_w050_anchored_start04032_24steps_trace.json,-23.757480677217007,4.770199124382868,58.599468256385876
full_period_anchored_w050,current_hybrid_transformer,0.05,4056,24,2020-05-20T08:25:00.000000000,2020-05-20T10:20:00.000000000,0.05383126515274247,0.8291723132133484,2.580350637435913,14.781754493713379,0.0,0.0,0.00801515219216506,0.5298526237987355,0.0,0.0,0.0006412121753732047,0.0006412121753732047,C:\repositories\strawberry\agc_mpc\results\control\summaries\current_hybrid_transformer_gradient_mpc_full_period_anchored_w050_anchored_start04056_24steps_trace.json,-48.07156634731183,28.65731351475142,50.355254940672424
full_period_anchored_w050,current_hybrid_transformer,0.05,4080,24,2020-05-20T10:25:00.000000000,2020-05-20T12:20:00.000000000,0.051860789923618235,0.21763117611408234,0.6555838584899902,12.870478630065918,0.0,0.0015592238393217202,0.009438079539977644,0.7220741349561437,0.0,0.0001247379071457376,0.0007550463631982116,0.0008797842703439493,C:\repositories\strawberry\agc_mpc\results\control\summaries\current_hybrid_transformer_gradient_mpc_full_period_anchored_w050_anchored_start04080_24steps_trace.json,-28.636905485246128,7.852603433225395,50.35714630141902
full_period_anchored_w050,current_hybrid_transformer,0.05,4104,24,2020-05-20T12:25:00.000000000,2020-05-20T14:20:00.000000000,0.07821276364848018,0.4120490550994873,1.0373178720474243,16.96061134338379,0.0,0.01766518146561085,0.01081983696833641,0.8116863896846734,0.0,0.001413214517248868,0.0008655869574669128,0.002278801474715781,C:\repositories\strawberry\agc_mpc\results\control\summaries\current_hybrid_transformer_gradient_mpc_full_period_anchored_w050_anchored_start04104_24steps_trace.json,-15.303447954555823,-1.1472033444497052,43.699286502698534
full_period_anchored_w050,current_hybrid_transformer,0.05,4128,24,2020-05-20T14:25:00.000000000,2020-05-20T16:20:00.000000000,0.09548368553320567,0.4736137390136719,1.0125738382339478,21.68292808532715,0.0,0.018191074069050333,0.007352483926441687,0.6179279913226581,0.0,0.0014552859255240267,0.000588198714115335,0.002043484639639362,C:\repositories\strawberry\agc_mpc\results\control\summaries\current_hybrid_transformer_gradient_mpc_full_period_anchored_w050_anchored_start04128_24steps_trace.json,-8.885018751782841,-6.264646536773531,39.39297845732769
full_period_anchored_w050,current_hybrid_transformer,0.05,4152,24,2020-05-20T16:25:00.000000000,2020-05-20T18:20:00.000000000,0.08512816981722911,0.4624217450618744,1.2070188522338867,20.971668243408203,0.03549100351499337,0.022304976865284532,0.008419993825631722,0.6724375756034392,0.00029457532917444496,0.0017843981492227626,0.0006735995060505377,0.0027525729844477455,C:\repositories\strawberry\agc_mpc\results\control\summaries\current_hybrid_transformer_gradient_mpc_full_period_anchored_w050_anchored_start04152_24steps_trace.json,-16.754607751632676,0.7147183880213612,35.79824140312964
full_period_anchored_w050,current_hybrid_transformer,0.05,4176,24,2020-05-20T18:25:00.000000000,2020-05-20T20:20:00.000000000,0.032442672876641154,0.4689813554286957,0.8375654220581055,11.038132667541504,0.0,0.0,0.004142798665117987,0.3946270359379754,0.0,0.0,0.000331423893209439,0.000331423893209439,C:\repositories\strawberry\agc_mpc\results\control\summaries\current_hybrid_transformer_gradient_mpc_full_period_anchored_w050_anchored_start04176_24steps_trace.json,-0.8151130487312974,-1.9251340251540565,48.29980011576142
full_period_anchored_w050,current_hybrid_transformer,0.05,4200,24,2020-05-20T20:25:00.000000000,2020-05-20T22:20:00.000000000,0.03057538849922518,0.3911310136318207,1.0884971618652344,13.776130676269531,0.0,0.0,0.0004303953698434747,0.19556635958377158,0.0,0.0,3.443162958747798e-05,3.443162958747798e-05,C:\repositories\strawberry\agc_mpc\results\control\summaries\current_hybrid_transformer_gradient_mpc_full_period_anchored_w050_anchored_start04200_24steps_trace.json,-10.495339163226818,-7.76926929914817,30.06459371759309
full_period_anchored_w050,current_hybrid_transformer,0.05,4224,24,2020-05-20T22:25:00.000000000,2020-05-21T00:20:00.000000000,0.06781384736920397,0.6896672248840332,1.9925590753555298,79.43962860107422,0.0,0.0,0.0,0.19245296782866597,0.0,0.0,0.0,0.0,C:\repositories\strawberry\agc_mpc\results\control\summaries\current_hybrid_transformer_gradient_mpc_full_period_anchored_w050_anchored_start04224_24steps_trace.json,nan,5.012693529426477,18.35372336462148
full_period_anchored_w050,current_hybrid_transformer,0.05,4248,24,2020-05-21T00:25:00.000000000,2020-05-21T02:20:00.000000000,0.05167941780140003,0.5827706456184387,2.4932901859283447,39.21689224243164,0.0,0.0,0.0,0.14682549252392918,0.0,0.0,0.0,0.0,C:\repositories\strawberry\agc_mpc\results\control\summaries\current_hybrid_transformer_gradient_mpc_full_period_anchored_w050_anchored_start04248_24steps_trace.json,nan,-1.5755233801469541,29.50624315686777
full_period_anchored_w050,current_hybrid_transformer,0.05,4272,24,2020-05-21T02:25:00.000000000,2020-05-21T04:20:00.000000000,0.06431606846551101,0.1299336701631546,3.9431111812591553,12.608439445495605,0.0,0.0,0.0,0.14010494011364094,0.0,0.0,0.0,0.0,C:\repositories\strawberry\agc_mpc\results\control\summaries\current_hybrid_transformer_gradient_mpc_full_period_anchored_w050_anchored_start04272_24steps_trace.json,nan,-1.675397272564469,26.834142982722785
full_period_anchored_w050,current_hybrid_transformer,0.05,4296,24,2020-05-21T04:25:00.000000000,2020-05-21T06:20:00.000000000,0.061923113806794085,0.2722414433956146,0.8956196904182434,13.381817817687988,0.005004460008188133,0.0,0.0,0.17437078097208483,4.153701806796151e-05,0.0,0.0,4.153701806796151e-05,C:\repositories\strawberry\agc_mpc\results\control\summaries\current_hybrid_transformer_gradient_mpc_full_period_anchored_w050_anchored_start04296_24steps_trace.json,172.86571177236976,1.0819818615300654,41.4667212900067
full_period_anchored_w050,current_hybrid_transformer,0.05,4320,24,2020-05-21T06:25:00.000000000,2020-05-21T08:20:00.000000000,0.04727940401062369,0.30771923065185547,0.7449334263801575,9.855937004089355,0.0055212141925865075,0.0,0.0028612561391000543,0.269127580808828,4.582607779846801e-05,0.0,0.00022890049112800435,0.0002747265689264724,C:\repositories\strawberry\agc_mpc\results\control\summaries\current_hybrid_transformer_gradient_mpc_full_period_anchored_w050_anchored_start04320_24steps_trace.json,-1.823173345540079,-0.232016792015008,61.38846702062175
full_period_anchored_w050,current_hybrid_transformer,0.05,4344,24,2020-05-21T08:25:00.000000000,2020-05-21T10:20:00.000000000,0.0538313176172475,0.5518452525138855,2.7397348880767822,13.846770286560059,0.0,0.0,0.007503924161110063,0.5035019757159344,0.0,0.0,0.000600313932888805,0.000600313932888805,C:\repositories\strawberry\agc_mpc\results\control\summaries\current_hybrid_transformer_gradient_mpc_full_period_anchored_w050_anchored_start04344_24steps_trace.json,-3.318903496357394,1.61745805164567,39.66087924400553
full_period_anchored_w050,current_hybrid_transformer,0.05,4368,24,2020-05-21T10:25:00.000000000,2020-05-21T12:20:00.000000000,0.056095031555742025,0.351931095123291,1.1891666650772095,9.64470386505127,0.0,0.0,0.009785737225164733,0.7275031158354999,0.0,0.0,0.0007828589780131787,0.0007828589780131787,C:\repositories\strawberry\agc_mpc\results\control\summaries\current_hybrid_transformer_gradient_mpc_full_period_anchored_w050_anchored_start04368_24steps_trace.json,-0.2687347273752677,28.054180014342332,46.760384899765725
full_period_anchored_w050,current_hybrid_transformer,0.05,4392,24,2020-05-21T12:25:00.000000000,2020-05-21T14:20:00.000000000,0.09375881869345903,0.7402682304382324,1.179136872291565,14.840953826904297,0.0,0.019658646938999623,0.011717348372734561,0.8447218336091443,0.0,0.0015726917551199698,0.0009373878698187649,0.0025100796249387346,C:\repositories\strawberry\agc_mpc\results\control\summaries\current_hybrid_transformer_gradient_mpc_full_period_anchored_w050_anchored_start04392_24steps_trace.json,-12.49069903138823,6.0455975405280995,29.739953777485646
full_period_anchored_w050,current_hybrid_transformer,0.05,4416,24,2020-05-21T14:25:00.000000000,2020-05-21T16:20:00.000000000,0.23289991108079752,1.2751753330230713,2.6503612995147705,10.719501495361328,0.06442587817441206,0.04268890140357996,0.012315629773233397,0.9035022462144374,0.0005347347888476201,0.003415112112286397,0.0009852503818586719,0.0049350972829926894,C:\repositories\strawberry\agc_mpc\results\control\summaries\current_hybrid_transformer_gradient_mpc_full_period_anchored_w050_anchored_start04416_24steps_trace.json,-7.632876317494778,-1.3006987848975355,15.603234292028745
full_period_anchored_w050,current_hybrid_transformer,0.05,4440,24,2020-05-21T16:25:00.000000000,2020-05-21T18:20:00.000000000,0.2621341546376546,2.270252227783203,1.9344696998596191,24.22190284729004,0.05848446078958007,0.04505567101400325,0.009875599772150384,0.7542129033776567,0.0004854210245535146,0.00360445368112026,0.0007900479817720307,0.004879922687445805,C:\repositories\strawberry\agc_mpc\results\control\summaries\current_hybrid_transformer_gradient_mpc_full_period_anchored_w050_anchored_start04440_24steps_trace.json,-9.103668205547237,-8.31364728394609,8.31005824177745
full_period_anchored_w050,current_hybrid_transformer,0.05,4464,24,2020-05-21T18:25:00.000000000,2020-05-21T20:20:00.000000000,0.20696995904048285,1.4630237817764282,2.8717288970947266,20.398229598999023,0.02589327120707808,0.05466914183737557,0.0066878539742908,0.5281839909181058,0.00021491415101874807,0.004373531346990046,0.000535028317943264,0.005123473815952058,C:\repositories\strawberry\agc_mpc\results\control\summaries\current_hybrid_transformer_gradient_mpc_full_period_anchored_w050_anchored_start04464_24steps_trace.json,-0.9881122603862887,-0.9437739714411444,8.594241174714789
full_period_anchored_w050,current_hybrid_transformer,0.05,4488,24,2020-05-21T20:25:00.000000000,2020-05-21T22:20:00.000000000,0.08342863821114103,0.6954734325408936,2.208818197250366,31.954431533813477,0.0,0.0,0.00140917456074058,0.26530887821786797,0.0,0.0,0.0001127339648592464,0.0001127339648592464,C:\repositories\strawberry\agc_mpc\results\control\summaries\current_hybrid_transformer_gradient_mpc_full_period_anchored_w050_anchored_start04488_24steps_trace.json,2.827658326902136,-4.0091076417879385,10.907672665427716
full_period_anchored_w050,current_hybrid_transformer,0.05,4512,24,2020-05-21T22:25:00.000000000,2020-05-22T00:20:00.000000000,0.04501544451341033,0.2680944502353668,2.3768270015716553,48.404571533203125,0.0,0.0,0.0,0.19028398309404562,0.0,0.0,0.0,0.0,C:\repositories\strawberry\agc_mpc\results\control\summaries\current_hybrid_transformer_gradient_mpc_full_period_anchored_w050_anchored_start04512_24steps_trace.json,nan,-2.442765804154185,16.827327183759888
full_period_anchored_w050,current_hybrid_transformer,0.05,4536,24,2020-05-22T00:25:00.000000000,2020-05-22T02:20:00.000000000,0.0334718426844726,0.3948099613189697,0.9460566639900208,53.15532302856445,0.0,0.0,0.0,0.2063474373016665,0.0,0.0,0.0,0.0,C:\repositories\strawberry\agc_mpc\results\control\summaries\current_hybrid_transformer_gradient_mpc_full_period_anchored_w050_anchored_start04536_24steps_trace.json,-100.0,9.309690586172065,34.10012674143151
full_period_anchored_w050,current_hybrid_transformer,0.05,4560,24,2020-05-22T02:25:00.000000000,2020-05-22T04:20:00.000000000,0.07244466928144296,0.20288555324077606,2.9923038482666016,15.240158081054688,0.0,0.0,0.0,0.15680956232548332,0.0,0.0,0.0,0.0,C:\repositories\strawberry\agc_mpc\results\control\summaries\current_hybrid_transformer_gradient_mpc_full_period_anchored_w050_anchored_start04560_24steps_trace.json,nan,-4.654446243374929,14.137716726618027
full_period_anchored_w050,current_hybrid_transformer,0.05,4584,24,2020-05-22T04:25:00.000000000,2020-05-22T06:20:00.000000000,0.13592911946276823,0.5364716649055481,5.224689960479736,20.19114875793457,0.0,0.0,0.0006061117518276375,0.1602430223933824,0.0,0.0,4.8488940146211e-05,4.8488940146211e-05,C:\repositories\strawberry\agc_mpc\results\control\summaries\current_hybrid_transformer_gradient_mpc_full_period_anchored_w050_anchored_start04584_24steps_trace.json,2.3517064639442613,-0.9564747389342291,8.910600837778544
full_period_anchored_w050,current_hybrid_transformer,0.05,4608,24,2020-05-22T06:25:00.000000000,2020-05-22T08:20:00.000000000,0.06418428585554163,0.4317897856235504,3.3745203018188477,13.597355842590332,0.0,0.0,0.003042654292265166,0.20375423830769848,0.0,0.0,0.0002434123433812133,0.0002434123433812133,C:\repositories\strawberry\agc_mpc\results\control\summaries\current_hybrid_transformer_gradient_mpc_full_period_anchored_w050_anchored_start04608_24steps_trace.json,0.8020711117772134,-7.952258661710407,23.932837204599764
full_period_anchored_w050,current_hybrid_transformer,0.05,4632,24,2020-05-22T08:25:00.000000000,2020-05-22T10:20:00.000000000,0.15387186439086994,1.0458765029907227,6.322460651397705,20.95939064025879,0.05223674292457238,0.0062800398436119766,0.006285820311966478,0.3629032773883806,0.00043356496627395077,0.0005024031874889582,0.0005028656249573182,0.0014388337787202272,C:\repositories\strawberry\agc_mpc\results\control\summaries\current_hybrid_transformer_gradient_mpc_full_period_anchored_w050_anchored_start04632_24steps_trace.json,4.81388294290103,10.331067793208359,11.844820469280466
full_period_anchored_w050,current_hybrid_transformer,0.05,4656,24,2020-05-22T10:25:00.000000000,2020-05-22T12:20:00.000000000,0.08206071021656196,0.27248644828796387,0.7874126434326172,11.45080280303955,0.015679391512152654,0.0,0.007392218053535301,0.5246688258568049,0.00013013894955086705,0.0,0.0005913774442828241,0.0007215163938336911,C:\repositories\strawberry\agc_mpc\results\control\summaries\current_hybrid_transformer_gradient_mpc_full_period_anchored_w050_anchored_start04656_24steps_trace.json,-19.751988945959926,2.786246015087026,26.357265343842247
full_period_anchored_w050,current_hybrid_transformer,0.05,4680,24,2020-05-22T12:25:00.000000000,2020-05-22T14:20:00.000000000,0.08606469817459583,0.40974846482276917,1.066001296043396,28.8046932220459,0.07938479715290458,0.006689700366346673,0.009535985438463873,0.7104713397947067,0.0006588938163691081,0.0005351760293077339,0.0007628788350771098,0.001956948680753952,C:\repositories\strawberry\agc_mpc\results\control\summaries\current_hybrid_transformer_gradient_mpc_full_period_anchored_w050_anchored_start04680_24steps_trace.json,-11.48988187263591,0.4462829277325352,24.691918692888386
full_period_anchored_w050,current_hybrid_transformer,0.05,4704,24,2020-05-22T14:25:00.000000000,2020-05-22T16:20:00.000000000,0.10539990104734898,1.0857213735580444,2.918909788131714,41.9805793762207,0.11643845812367537,0.00114647883785112,0.007407392032155825,0.4725439850588584,0.0009664392024265056,9.171830702808959e-05,0.000592591362572466,0.0016507488720270613,C:\repositories\strawberry\agc_mpc\results\control\summaries\current_hybrid_transformer_gradient_mpc_full_period_anchored_w050_anchored_start04704_24steps_trace.json,-7.299529118378237,2.1219644463845064,19.711171127721574
full_period_anchored_w050,current_hybrid_transformer,0.05,4728,24,2020-05-22T16:25:00.000000000,2020-05-22T18:20:00.000000000,0.08623131737112999,0.6218131184577942,1.9271942377090454,13.226829528808594,0.0594795135492156,0.0,0.007740084758586957,0.537294538239861,0.0004936799624584895,0.0,0.0006192067806869566,0.0011128867431454462,C:\repositories\strawberry\agc_mpc\results\control\summaries\current_hybrid_transformer_gradient_mpc_full_period_anchored_w050_anchored_start04728_24steps_trace.json,-0.995578409227698,1.0128939263581476,18.85303860202129
full_period_anchored_w050,current_hybrid_transformer,0.05,4752,24,2020-05-22T18:25:00.000000000,2020-05-22T20:20:00.000000000,0.08162595036750038,0.8144776225090027,0.9600188136100769,13.129910469055176,0.03655024083853333,0.029056382497122557,0.005167276513625934,0.43227084064136556,0.00030336699895982665,0.0023245105997698047,0.0004133821210900747,0.0030412597198197057,C:\repositories\strawberry\agc_mpc\results\control\summaries\current_hybrid_transformer_gradient_mpc_full_period_anchored_w050_anchored_start04752_24steps_trace.json,0.6594239169477025,-6.950463388781928,26.462955496240316
full_period_anchored_w050,current_hybrid_transformer,0.05,4776,24,2020-05-22T20:25:00.000000000,2020-05-22T22:20:00.000000000,0.06525109397868316,0.5581651329994202,2.6723451614379883,10.818928718566895,0.0,0.0,0.0012467968370536752,0.23154432151634174,0.0,0.0,9.974374696429402e-05,9.974374696429402e-05,C:\repositories\strawberry\agc_mpc\results\control\summaries\current_hybrid_transformer_gradient_mpc_full_period_anchored_w050_anchored_start04776_24steps_trace.json,0.20226366637673748,-2.8058343218129935,11.29787026027817
full_period_anchored_w050,current_hybrid_transformer,0.05,4800,24,2020-05-22T22:25:00.000000000,2020-05-23T00:20:00.000000000,0.13948502469186982,1.0962234735488892,2.7150440216064453,92.7967529296875,0.0,0.0,0.00039614380294353225,0.21817821244722072,0.0,0.0,3.1691504235482583e-05,3.1691504235482583e-05,C:\repositories\strawberry\agc_mpc\results\control\summaries\current_hybrid_transformer_gradient_mpc_full_period_anchored_w050_anchored_start04800_24steps_trace.json,-0.9285391584035734,-0.24245000068484068,5.171611958631251
full_period_anchored_w050,current_hybrid_transformer,0.05,4824,24,2020-05-23T00:25:00.000000000,2020-05-23T02:20:00.000000000,0.08830481891830762,1.1232327222824097,2.6790664196014404,61.0704345703125,0.0,0.0,0.0,0.16442648128045723,0.0,0.0,0.0,0.0,C:\repositories\strawberry\agc_mpc\results\control\summaries\current_hybrid_transformer_gradient_mpc_full_period_anchored_w050_anchored_start04824_24steps_trace.json,-100.0,-0.7042637458331512,16.214575370406717
full_period_anchored_w050,current_hybrid_transformer,0.05,4848,24,2020-05-23T02:25:00.000000000,2020-05-23T04:20:00.000000000,0.05195444247995814,0.5660229325294495,1.1017745733261108,29.14459800720215,0.0,0.0,0.0,0.14288764933079842,0.0,0.0,0.0,0.0,C:\repositories\strawberry\agc_mpc\results\control\summaries\current_hybrid_transformer_gradient_mpc_full_period_anchored_w050_anchored_start04848_24steps_trace.json,-100.0,-6.581598544204683,30.263242013472908
full_period_anchored_w050,current_hybrid_transformer,0.05,4872,24,2020-05-23T04:25:00.000000000,2020-05-23T06:20:00.000000000,0.10117828225096066,0.11883783340454102,2.164452314376831,35.58181381225586,0.0262682721831823,0.0007815097274664201,0.0005477709689387694,0.19935898510065342,0.0002180266591204131,3.126038909865681e-05,4.382167751510156e-05,0.0002931087257341715,C:\repositories\strawberry\agc_mpc\results\control\summaries\current_hybrid_transformer_gradient_mpc_full_period_anchored_w050_anchored_start04872_24steps_trace.json,-31.13031633957887,7.777767635260386,28.21551204613484
full_period_anchored_w050,current_hybrid_transformer,0.05,4896,24,2020-05-23T06:25:00.000000000,2020-05-23T08:20:00.000000000,0.05163561645895243,0.33012309670448303,1.0081030130386353,9.119049072265625,0.03837069595209847,0.0,0.0025641520241257106,0.21473348547397153,0.00031847677640241734,0.0,0.00020513216193005686,0.0005236089383324742,C:\repositories\strawberry\agc_mpc\results\control\summaries\current_hybrid_transformer_gradient_mpc_full_period_anchored_w050_anchored_start04896_24steps_trace.json,20.57474112499792,-4.730536422375593,74.90886640587314
full_period_anchored_w050,current_hybrid_transformer,0.05,4920,24,2020-05-23T08:25:00.000000000,2020-05-23T10:20:00.000000000,0.08980254673709472,0.5074918270111084,3.434549331665039,25.30315589904785,0.02717966860610551,0.0,0.005240051391063752,0.33634380038198985,0.00022559124943067574,0.0,0.0004192041112851001,0.0006447953607157759,C:\repositories\strawberry\agc_mpc\results\control\summaries\current_hybrid_transformer_gradient_mpc_full_period_anchored_w050_anchored_start04920_24steps_trace.json,2.4646765893023543,-3.620414934913595,19.784121600575332
full_period_anchored_w050,current_hybrid_transformer,0.05,4944,24,2020-05-23T10:25:00.000000000,2020-05-23T12:20:00.000000000,0.1332250153645873,1.2519899606704712,5.665447235107422,23.764053344726562,0.12252884495716301,0.0,0.011077227079096435,0.6888702239710223,0.001016989413144453,0.0,0.0008861781663277148,0.0019031675794721676,C:\repositories\strawberry\agc_mpc\results\control\summaries\current_hybrid_transformer_gradient_mpc_full_period_anchored_w050_anchored_start04944_24steps_trace.json,3.9853450904926264,-8.78378655396331,16.93809067286518
full_period_anchored_w050,current_hybrid_transformer,0.05,4968,24,2020-05-23T12:25:00.000000000,2020-05-23T14:20:00.000000000,0.0916175249343117,0.8386490941047668,2.7464053630828857,28.60367774963379,0.08525459532655523,0.0,0.012683662614777512,0.7989726536423709,0.0007076131412104084,0.0,0.001014693009182201,0.0017223061503926092,C:\repositories\strawberry\agc_mpc\results\control\summaries\current_hybrid_transformer_gradient_mpc_full_period_anchored_w050_anchored_start04968_24steps_trace.json,-3.299849372781423,-6.821565111321854,24.358197281466424
full_period_anchored_w050,current_hybrid_transformer,0.05,4992,24,2020-05-23T14:25:00.000000000,2020-05-23T16:20:00.000000000,0.08115181978791952,0.9260326027870178,2.8318960666656494,32.71013259887695,0.07466833740394159,0.0,0.012498217015792519,0.7909885152010965,0.0006197472004527152,0.0,0.0009998573612634016,0.001619604561716117,C:\repositories\strawberry\agc_mpc\results\control\summaries\current_hybrid_transformer_gradient_mpc_full_period_anchored_w050_anchored_start04992_24steps_trace.json,-11.82751727123123,0.12456654799682908,23.499892621343218
full_period_anchored_w050,current_hybrid_transformer,0.05,5016,24,2020-05-23T16:25:00.000000000,2020-05-23T18:20:00.000000000,0.05653450172394514,0.9675729870796204,1.1297146081924438,14.62990665435791,0.056720832418058253,0.0,0.008669392344892857,0.5789874649287247,0.0004707829090698835,0.0,0.0006935513875914286,0.0011643342966613122,C:\repositories\strawberry\agc_mpc\results\control\summaries\current_hybrid_transformer_gradient_mpc_full_period_anchored_w050_anchored_start05016_24steps_trace.json,-16.231199347752842,0.5176203342617655,24.624152817048518
full_period_anchored_w050,current_hybrid_transformer,0.05,5040,24,2020-05-23T18:25:00.000000000,2020-05-23T20:20:00.000000000,0.055182213274141155,0.4717719554901123,0.6180421710014343,18.714614868164062,0.0,0.0,0.005282171742920103,0.3874700827143268,0.0,0.0,0.00042257373943360824,0.00042257373943360824,C:\repositories\strawberry\agc_mpc\results\control\summaries\current_hybrid_transformer_gradient_mpc_full_period_anchored_w050_anchored_start05040_24steps_trace.json,-1.3057678753557298,-5.2837376164435845,42.15811189153848
full_period_anchored_w050,current_hybrid_transformer,0.05,5064,24,2020-05-23T20:25:00.000000000,2020-05-23T22:20:00.000000000,0.03550274654602011,0.46120166778564453,0.7929727435112,11.023273468017578,0.0,0.0,0.000716770027286891,0.14548718362478513,0.0,0.0,5.734160218295128e-05,5.734160218295128e-05,C:\repositories\strawberry\agc_mpc\results\control\summaries\current_hybrid_transformer_gradient_mpc_full_period_anchored_w050_anchored_start05064_24steps_trace.json,-8.593708927547302,11.483298444387689,52.01752263678689
full_period_anchored_w050,current_hybrid_transformer,0.05,5088,24,2020-05-23T22:25:00.000000000,2020-05-24T00:20:00.000000000,0.10305520379915833,1.2554277181625366,2.1602184772491455,83.22920227050781,0.0,0.0,0.0,0.15071388233795663,0.0,0.0,0.0,0.0,C:\repositories\strawberry\agc_mpc\results\control\summaries\current_hybrid_transformer_gradient_mpc_full_period_anchored_w050_anchored_start05088_24steps_trace.json,nan,0.24060830484121185,12.55663048739242
full_period_anchored_w050,current_hybrid_transformer,0.05,5112,24,2020-05-24T00:25:00.000000000,2020-05-24T02:20:00.000000000,0.0647716751943032,1.012665033340454,0.6382090449333191,70.1686019897461,0.0,0.016140464114834652,0.0,0.1616573008188875,0.0,0.0006456185645933861,0.0,0.0006456185645933861,C:\repositories\strawberry\agc_mpc\results\control\summaries\current_hybrid_transformer_gradient_mpc_full_period_anchored_w050_anchored_start05112_24steps_trace.json,4.8868240735838615,8.75519925834261,33.96260319327262
full_period_anchored_w050,current_hybrid_transformer,0.05,5136,24,2020-05-24T02:25:00.000000000,2020-05-24T04:20:00.000000000,0.06550020258873701,0.5788413882255554,0.23334598541259766,42.74848556518555,0.0,0.0,0.0,0.1300470266898831,0.0,0.0,0.0,0.0,C:\repositories\strawberry\agc_mpc\results\control\summaries\current_hybrid_transformer_gradient_mpc_full_period_anchored_w050_anchored_start05136_24steps_trace.json,nan,-2.783303648196471,30.107764280755163
full_period_anchored_w050,current_hybrid_transformer,0.05,5160,24,2020-05-24T04:25:00.000000000,2020-05-24T06:20:00.000000000,0.11663716783126195,0.27128157019615173,1.8278112411499023,32.24814224243164,0.06802105052091184,0.0,0.0008636142035009498,0.21716767208256166,0.0005645747193235682,0.0,6.908913628007598e-05,0.0006336638556036443,C:\repositories\strawberry\agc_mpc\results\control\summaries\current_hybrid_transformer_gradient_mpc_full_period_anchored_w050_anchored_start05160_24steps_trace.json,6.51393204627983,3.5701544132673186,24.823520171286678
full_period_anchored_w050,current_hybrid_transformer,0.05,5184,24,2020-05-24T06:25:00.000000000,2020-05-24T08:20:00.000000000,0.05436768817404906,0.5762772560119629,1.311043381690979,11.248456001281738,0.06303529838124325,0.0,0.00404247382372601,0.25980801946086113,0.000523192976564319,0.0,0.0003233979058980808,0.0008465908824623997,C:\repositories\strawberry\agc_mpc\results\control\summaries\current_hybrid_transformer_gradient_mpc_full_period_anchored_w050_anchored_start05184_24steps_trace.json,3.9358959150652786,1.1145708885362244,62.321227172575824
full_period_anchored_w050,current_hybrid_transformer,0.05,5208,24,2020-05-24T08:25:00.000000000,2020-05-24T10:20:00.000000000,0.09355897425363462,0.3349812924861908,1.803491234779358,18.351415634155273,0.0831655550281724,0.0,0.004228979014756384,0.2685208703133152,0.0006902741067338309,0.0,0.00033831832118051073,0.0010285924279143416,C:\repositories\strawberry\agc_mpc\results\control\summaries\current_hybrid_transformer_gradient_mpc_full_period_anchored_w050_anchored_start05208_24steps_trace.json,-8.141747298997899,2.3391885642175705,40.52668533572583
full_period_anchored_w050,current_hybrid_transformer,0.05,5232,24,2020-05-24T10:25:00.000000000,2020-05-24T12:20:00.000000000,0.067970204167068,0.21947765350341797,2.1714935302734375,18.869199752807617,0.2155925738641461,0.00465545462067729,0.0030251647608682004,0.26658339575504414,0.0017894183630724127,0.0003724363696541832,0.00024201318086945604,0.0024038679135960517,C:\repositories\strawberry\agc_mpc\results\control\summaries\current_hybrid_transformer_gradient_mpc_full_period_anchored_w050_anchored_start05232_24steps_trace.json,-7.687458678844229,-1.2772522033229194,52.50780082130362
full_period_anchored_w050,current_hybrid_transformer,0.05,5256,24,2020-05-24T12:25:00.000000000,2020-05-24T14:20:00.000000000,0.0465461821295321,0.1924428939819336,1.0778017044067383,15.535964965820312,0.013507901837990003,0.0,0.00318839513403414,0.23790074149747711,0.00011211558525531702,0.0,0.0002550716107227312,0.0003671871959780482,C:\repositories\strawberry\agc_mpc\results\control\summaries\current_hybrid_transformer_gradient_mpc_full_period_anchored_w050_anchored_start05256_24steps_trace.json,-9.189519147599084,-2.005653131325733,70.48966674285988
full_period_anchored_w050,current_hybrid_transformer,0.05,5280,24,2020-05-24T14:25:00.000000000,2020-05-24T16:20:00.000000000,0.057317394918451704,0.4038424491882324,1.8564252853393555,17.170629501342773,0.0006411731724356069,0.0,0.003575399955967116,0.2488242648071374,5.321737331215537e-06,0.0,0.0002860319964773693,0.0002913537338085848,C:\repositories\strawberry\agc_mpc\results\control\summaries\current_hybrid_transformer_gradient_mpc_full_period_anchored_w050_anchored_start05280_24steps_trace.json,-17.801604367585192,-0.9977694034025644,50.16305430333603
full_period_anchored_w050,current_hybrid_transformer,0.05,5304,24,2020-05-24T16:25:00.000000000,2020-05-24T18:20:00.000000000,0.10959651072820027,0.6017091870307922,3.755500555038452,32.86722946166992,0.023036470044783947,0.0,0.0038118186155508835,0.2747427661709525,0.00019120270137170677,0.0,0.0003049454892440707,0.0004961481906157775,C:\repositories\strawberry\agc_mpc\results\control\summaries\current_hybrid_transformer_gradient_mpc_full_period_anchored_w050_anchored_start05304_24steps_trace.json,-12.984368594269736,-0.6256378896381867,18.43636745571715
full_period_anchored_w050,current_hybrid_transformer,0.05,5328,24,2020-05-24T18:25:00.000000000,2020-05-24T20:20:00.000000000,0.06287681171670556,0.6195619106292725,1.403426170349121,23.002866744995117,0.0,0.0,0.003493818792295106,0.24983088395461286,0.0,0.0,0.0002795055033836085,0.0002795055033836085,C:\repositories\strawberry\agc_mpc\results\control\summaries\current_hybrid_transformer_gradient_mpc_full_period_anchored_w050_anchored_start05328_24steps_trace.json,7.518889768097679,7.367763658086239,25.42337157385784
full_period_anchored_w050,current_hybrid_transformer,0.05,5352,24,2020-05-24T20:25:00.000000000,2020-05-24T22:20:00.000000000,0.05017773985552291,0.6598203778266907,1.1247316598892212,34.14019775390625,0.0,0.0,0.0015986282768404687,0.1629131075951395,0.0,0.0,0.0001278902621472375,0.0001278902621472375,C:\repositories\strawberry\agc_mpc\results\control\summaries\current_hybrid_transformer_gradient_mpc_full_period_anchored_w050_anchored_start05352_24steps_trace.json,14.766519147194327,-3.1879461980735697,25.56292943396834
full_period_anchored_w050,current_hybrid_transformer,0.05,5376,24,2020-05-24T22:25:00.000000000,2020-05-25T00:20:00.000000000,0.05421930101389686,0.7648341655731201,1.2230383157730103,63.09878921508789,0.0,0.0,0.0,0.1491214400053386,0.0,0.0,0.0,0.0,C:\repositories\strawberry\agc_mpc\results\control\summaries\current_hybrid_transformer_gradient_mpc_full_period_anchored_w050_anchored_start05376_24steps_trace.json,-100.0,-2.4061493032360675,28.975818620820537
full_period_anchored_w050,current_hybrid_transformer,0.05,5400,24,2020-05-25T00:25:00.000000000,2020-05-25T02:20:00.000000000,0.04601797399421533,0.3172866404056549,1.350650429725647,40.42177200317383,0.0030532135338669124,0.0,0.0,0.1315502727022531,2.5341672331095372e-05,0.0,0.0,2.5341672331095372e-05,C:\repositories\strawberry\agc_mpc\results\control\summaries\current_hybrid_transformer_gradient_mpc_full_period_anchored_w050_anchored_start05400_24steps_trace.json,0.6561639163649234,9.558420525382479,48.20951715801564
full_period_anchored_w050,current_hybrid_transformer,0.05,5424,24,2020-05-25T02:25:00.000000000,2020-05-25T04:20:00.000000000,0.0562457834991316,0.17852823436260223,1.120518684387207,20.491884231567383,0.0,0.0,0.0,0.1339739909420191,0.0,0.0,0.0,0.0,C:\repositories\strawberry\agc_mpc\results\control\summaries\current_hybrid_transformer_gradient_mpc_full_period_anchored_w050_anchored_start05424_24steps_trace.json,nan,-2.8561355805186555,42.2871833571469
full_period_anchored_w050,current_hybrid_transformer,0.05,5448,24,2020-05-25T04:25:00.000000000,2020-05-25T06:20:00.000000000,0.08187317429110408,0.5194666981697083,2.460167646408081,12.323387145996094,0.07538608302816636,0.0,0.0,0.22954291291953524,0.0006257044891337808,0.0,0.0,0.0006257044891337808,C:\repositories\strawberry\agc_mpc\results\control\summaries\current_hybrid_transformer_gradient_mpc_full_period_anchored_w050_anchored_start05448_24steps_trace.json,33.70034575853242,21.181209403100855,38.699724463808415
full_period_anchored_w050,current_hybrid_transformer,0.05,5472,24,2020-05-25T06:25:00.000000000,2020-05-25T08:20:00.000000000,0.055064591113477945,0.3130373954772949,2.315664291381836,17.704017639160156,0.0,0.0,0.0032475248882269468,0.2925745011315258,0.0,0.0,0.0002598019910581557,0.0002598019910581557,C:\repositories\strawberry\agc_mpc\results\control\summaries\current_hybrid_transformer_gradient_mpc_full_period_anchored_w050_anchored_start05472_24steps_trace.json,-33.04280314108355,2.7276719586557268,49.81433902717692
full_period_anchored_w050,current_hybrid_transformer,0.05,5496,24,2020-05-25T08:25:00.000000000,2020-05-25T10:20:00.000000000,0.09200162347406149,0.7967659831047058,3.931114912033081,20.973657608032227,0.05019890471525771,0.0,0.007096560994581539,0.5139933823918766,0.000416650909136639,0.0,0.0005677248795665232,0.0009843757887031622,C:\repositories\strawberry\agc_mpc\results\control\summaries\current_hybrid_transformer_gradient_mpc_full_period_anchored_w050_anchored_start05496_24steps_trace.json,-7.559385767728723,12.456900206060864,24.837836495789915
full_period_anchored_w050,current_hybrid_transformer,0.05,5520,24,2020-05-25T10:25:00.000000000,2020-05-25T12:20:00.000000000,0.10184251206616561,0.36502012610435486,1.2256511449813843,28.196022033691406,0.05504671930754031,0.0,0.00947345857732625,0.7146527303604496,0.00045688777025258454,0.0,0.0007578766861861,0.0012147644564386845,C:\repositories\strawberry\agc_mpc\results\control\summaries\current_hybrid_transformer_gradient_mpc_full_period_anchored_w050_anchored_start05520_24steps_trace.json,-2.0780633490627296,5.448840196120042,24.994582552079965
full_period_anchored_w050,current_hybrid_transformer,0.05,5544,24,2020-05-25T12:25:00.000000000,2020-05-25T14:20:00.000000000,0.07967009674757719,0.44767212867736816,1.6900291442871094,25.963563919067383,0.027180946575519484,0.0,0.011333447537506904,0.7950127166308852,0.00022560185657681173,0.0,0.0009066758030005524,0.0011322776595773642,C:\repositories\strawberry\agc_mpc\results\control\summaries\current_hybrid_transformer_gradient_mpc_full_period_anchored_w050_anchored_start05544_24steps_trace.json,-6.593926740281085,3.694298170874259,23.10494000270184
full_period_anchored_w050,current_hybrid_transformer,0.05,5568,24,2020-05-25T14:25:00.000000000,2020-05-25T16:20:00.000000000,0.07711431725571553,0.4830140173435211,1.0468426942825317,24.629079818725586,0.0,0.0,0.010591590683849985,0.7667055529889827,0.0,0.0,0.0008473272547079988,0.0008473272547079988,C:\repositories\strawberry\agc_mpc\results\control\summaries\current_hybrid_transformer_gradient_mpc_full_period_anchored_w050_anchored_start05568_24steps_trace.json,-3.7136020934778378,2.7333544909206817,32.74879070472355
full_period_anchored_w050,current_hybrid_transformer,0.05,5592,24,2020-05-25T16:25:00.000000000,2020-05-25T18:20:00.000000000,0.0821590586565435,0.4109179973602295,0.7042965888977051,24.20905303955078,0.025893827629530436,0.0,0.007976628708984017,0.6390137150373514,0.00021491876932510262,0.0,0.0006381302967187213,0.0008530490660438239,C:\repositories\strawberry\agc_mpc\results\control\summaries\current_hybrid_transformer_gradient_mpc_full_period_anchored_w050_anchored_start05592_24steps_trace.json,-9.223156934335767,-3.750126923791202,32.1457415605603
full_period_anchored_w050,current_hybrid_transformer,0.05,5616,24,2020-05-25T18:25:00.000000000,2020-05-25T20:20:00.000000000,0.0613771245504419,0.4612974226474762,0.46107038855552673,15.932644844055176,0.0,0.0,0.003554580184912548,0.3726010254589446,0.0,0.0,0.00028436641479300385,0.00028436641479300385,C:\repositories\strawberry\agc_mpc\results\control\summaries\current_hybrid_transformer_gradient_mpc_full_period_anchored_w050_anchored_start05616_24steps_trace.json,-0.39192370461242104,-4.7832016269153685,30.530835969565373
full_period_anchored_w050,current_hybrid_transformer,0.05,5640,24,2020-05-25T20:25:00.000000000,2020-05-25T22:20:00.000000000,0.038805358267078795,0.4606790542602539,2.062235116958618,24.157867431640625,0.0,0.0,0.0,0.16547403482844114,0.0,0.0,0.0,0.0,C:\repositories\strawberry\agc_mpc\results\control\summaries\current_hybrid_transformer_gradient_mpc_full_period_anchored_w050_anchored_start05640_24steps_trace.json,nan,4.72108398072541,28.930659814551817
full_period_anchored_w050,current_hybrid_transformer,0.05,5664,24,2020-05-25T22:25:00.000000000,2020-05-26T00:20:00.000000000,0.07846698009719451,1.0549030303955078,3.2469851970672607,65.75387573242188,0.0,0.0,0.0,0.13258474633142261,0.0,0.0,0.0,0.0,C:\repositories\strawberry\agc_mpc\results\control\summaries\current_hybrid_transformer_gradient_mpc_full_period_anchored_w050_anchored_start05664_24steps_trace.json,nan,1.910337266357461,18.912137182430207
full_period_anchored_w050,current_hybrid_transformer,0.05,5688,24,2020-05-26T00:25:00.000000000,2020-05-26T02:20:00.000000000,0.04643405958389243,0.7956902384757996,1.6008520126342773,36.53310775756836,0.0,0.0,0.0,0.13263371114873498,0.0,0.0,0.0,0.0,C:\repositories\strawberry\agc_mpc\results\control\summaries\current_hybrid_transformer_gradient_mpc_full_period_anchored_w050_anchored_start05688_24steps_trace.json,nan,4.335628543902915,38.08081987716962
full_period_anchored_w050,current_hybrid_transformer,0.05,5712,24,2020-05-26T02:25:00.000000000,2020-05-26T04:20:00.000000000,0.05013726744800806,0.21227669715881348,0.5147364735603333,18.550573348999023,0.0,0.0,0.0,0.10780525443548944,0.0,0.0,0.0,0.0,C:\repositories\strawberry\agc_mpc\results\control\summaries\current_hybrid_transformer_gradient_mpc_full_period_anchored_w050_anchored_start05712_24steps_trace.json,nan,-2.3094554141333363,43.51267344730783
full_period_anchored_w050,current_hybrid_transformer,0.05,5736,24,2020-05-26T04:25:00.000000000,2020-05-26T06:20:00.000000000,0.07195599066714446,0.48936739563941956,0.6919587254524231,17.881338119506836,0.034309130346400075,0.0,0.0,0.13811286494549446,0.0002847657818751206,0.0,0.0,0.0002847657818751206,C:\repositories\strawberry\agc_mpc\results\control\summaries\current_hybrid_transformer_gradient_mpc_full_period_anchored_w050_anchored_start05736_24steps_trace.json,15.67382251422837,11.233067753427976,37.272512532992415
full_period_anchored_w050,current_hybrid_transformer,0.05,5760,24,2020-05-26T06:25:00.000000000,2020-05-26T08:20:00.000000000,0.0733287762850523,0.44356393814086914,1.244278907775879,14.569079399108887,0.011605218786683552,0.0,0.002451172252133261,0.2498528320497826,9.632331592947348e-05,0.0,0.0001960937801706609,0.00029241709610013436,C:\repositories\strawberry\agc_mpc\results\control\summaries\current_hybrid_transformer_gradient_mpc_full_period_anchored_w050_anchored_start05760_24steps_trace.json,-2.8290230134909695,-1.1136440605995328,41.2282100753144
full_period_anchored_w050,current_hybrid_transformer,0.05,5784,24,2020-05-26T08:25:00.000000000,2020-05-26T10:20:00.000000000,0.0764847908479472,0.584153950214386,2.6083428859710693,17.19231605529785,0.0,0.0,0.008023394094283582,0.5171657387817092,0.0,0.0,0.0006418715275426866,0.0006418715275426866,C:\repositories\strawberry\agc_mpc\results\control\summaries\current_hybrid_transformer_gradient_mpc_full_period_anchored_w050_anchored_start05784_24steps_trace.json,-20.29534316724859,-6.569851117718427,35.2328594541465
full_period_anchored_w050,current_hybrid_transformer,0.05,5808,24,2020-05-26T10:25:00.000000000,2020-05-26T12:20:00.000000000,0.06516362633556128,0.29278358817100525,0.891054630279541,12.06335163116455,0.03541364037004941,0.0,0.01061576008265384,0.7178906079984354,0.00029393321507141014,0.0,0.0008492608066123072,0.0011431940216837175,C:\repositories\strawberry\agc_mpc\results\control\summaries\current_hybrid_transformer_gradient_mpc_full_period_anchored_w050_anchored_start05808_24steps_trace.json,-9.522337923054785,17.840609710199473,52.92555879048185
full_period_anchored_w050,current_hybrid_transformer,0.05,5832,24,2020-05-26T12:25:00.000000000,2020-05-26T14:20:00.000000000,0.08426142095898588,0.6928341388702393,1.2185450792312622,6.769689083099365,0.009391803686851729,0.004332271885322715,0.011566703391163669,0.8197242006854158,7.795197060086936e-05,0.0003465817508258172,0.0009253362712930935,0.0013498699927197801,C:\repositories\strawberry\agc_mpc\results\control\summaries\current_hybrid_transformer_gradient_mpc_full_period_anchored_w050_anchored_start05832_24steps_trace.json,-28.6213792244771,-9.925437749711147,26.677105658439565
full_period_anchored_w050,current_hybrid_transformer,0.05,5856,24,2020-05-26T14:25:00.000000000,2020-05-26T16:20:00.000000000,0.0828137518838048,0.49918922781944275,1.5863122940063477,6.861302852630615,0.0,0.0,0.010307492439476986,0.7690600976204653,0.0,0.0,0.0008245993951581589,0.0008245993951581589,C:\repositories\strawberry\agc_mpc\results\control\summaries\current_hybrid_transformer_gradient_mpc_full_period_anchored_w050_anchored_start05856_24steps_trace.json,-1.7495505103893634,-0.04995697878919204,34.04812142922612
full_period_anchored_w050,current_hybrid_transformer,0.05,5880,24,2020-05-26T16:25:00.000000000,2020-05-26T18:20:00.000000000,0.060811107667783894,0.4003358781337738,0.7591635584831238,16.732501983642578,0.0,0.0,0.008061040943067418,0.6202152804928092,0.0,0.0,0.0006448832754453934,0.0006448832754453934,C:\repositories\strawberry\agc_mpc\results\control\summaries\current_hybrid_transformer_gradient_mpc_full_period_anchored_w050_anchored_start05880_24steps_trace.json,-0.8526432374778181,-1.5820533609672962,35.884594757307354
full_period_anchored_w050,current_hybrid_transformer,0.05,5904,24,2020-05-26T18:25:00.000000000,2020-05-26T20:20:00.000000000,0.06545228712881605,0.5043702125549316,0.9265789985656738,13.701260566711426,0.0,0.0,0.003406430536309881,0.3598136664933168,0.0,0.0,0.0002725144429047905,0.0002725144429047905,C:\repositories\strawberry\agc_mpc\results\control\summaries\current_hybrid_transformer_gradient_mpc_full_period_anchored_w050_anchored_start05904_24steps_trace.json,1.3563262131370566,-7.09748379438809,31.9609190424947
full_period_anchored_w050,current_hybrid_transformer,0.05,5928,24,2020-05-26T20:25:00.000000000,2020-05-26T22:20:00.000000000,0.05055281201687952,0.5251268744468689,1.7466555833816528,12.395671844482422,0.0,0.0,0.00013300048432516332,0.2005803039415454,0.0,0.0,1.0640038746013066e-05,1.0640038746013066e-05,C:\repositories\strawberry\agc_mpc\results\control\summaries\current_hybrid_transformer_gradient_mpc_full_period_anchored_w050_anchored_start05928_24steps_trace.json,72.06650556954244,-3.6693718159664455,13.191786190175437
full_period_anchored_w050,current_hybrid_transformer,0.05,5952,24,2020-05-26T22:25:00.000000000,2020-05-27T00:20:00.000000000,0.07346113755678137,0.5250878930091858,2.516845703125,72.11688995361328,0.0,0.0,0.0,0.17994084445536854,0.0,0.0,0.0,0.0,C:\repositories\strawberry\agc_mpc\results\control\summaries\current_hybrid_transformer_gradient_mpc_full_period_anchored_w050_anchored_start05952_24steps_trace.json,nan,6.267777569545633,19.689013719040112
full_period_anchored_w050,current_hybrid_transformer,0.05,5976,24,2020-05-27T00:25:00.000000000,2020-05-27T02:20:00.000000000,0.045722232976307474,0.5144265294075012,1.1753721237182617,49.709259033203125,0.0,0.0,0.0,0.1507615299385473,0.0,0.0,0.0,0.0,C:\repositories\strawberry\agc_mpc\results\control\summaries\current_hybrid_transformer_gradient_mpc_full_period_anchored_w050_anchored_start05976_24steps_trace.json,nan,7.358980662672082,32.854573676606094
full_period_anchored_w050,current_hybrid_transformer,0.05,6000,24,2020-05-27T02:25:00.000000000,2020-05-27T04:20:00.000000000,0.05486489087343216,0.2834392488002777,1.935233473777771,26.9217529296875,0.0,0.0,0.0,0.12191198886247025,0.0,0.0,0.0,0.0,C:\repositories\strawberry\agc_mpc\results\control\summaries\current_hybrid_transformer_gradient_mpc_full_period_anchored_w050_anchored_start06000_24steps_trace.json,nan,4.543148044660669,27.80233991456027
full_period_anchored_w050,current_hybrid_transformer,0.05,6024,24,2020-05-27T04:25:00.000000000,2020-05-27T06:20:00.000000000,0.09327125797669093,0.19142889976501465,1.4898618459701538,21.72404670715332,0.05520209176534718,0.0,0.0,0.21998909686712131,0.00045817736165238164,0.0,0.0,0.00045817736165238164,C:\repositories\strawberry\agc_mpc\results\control\summaries\current_hybrid_transformer_gradient_mpc_full_period_anchored_w050_anchored_start06024_24steps_trace.json,35.40850323288748,-6.559752161762984,30.866418923001532
full_period_anchored_w050,current_hybrid_transformer,0.05,6048,24,2020-05-27T06:25:00.000000000,2020-05-27T08:20:00.000000000,0.055586421862244606,0.6219281554222107,1.6228688955307007,14.848706245422363,0.03545775656946791,0.0,0.003109375574936235,0.28004059617622146,0.00029429937952658365,0.0,0.0002487500459948988,0.0005430494255214825,C:\repositories\strawberry\agc_mpc\results\control\summaries\current_hybrid_transformer_gradient_mpc_full_period_anchored_w050_anchored_start06048_24steps_trace.json,-4.59676994237532,1.0276007847841113,57.19892568272169
full_period_anchored_w050,current_hybrid_transformer,0.05,6072,24,2020-05-27T08:25:00.000000000,2020-05-27T10:20:00.000000000,0.051700134140749775,0.4453125,2.487762689590454,12.534672737121582,0.0,0.0,0.007896038318229768,0.5331632879931023,0.0,0.0,0.0006316830654583815,0.0006316830654583815,C:\repositories\strawberry\agc_mpc\results\control\summaries\current_hybrid_transformer_gradient_mpc_full_period_anchored_w050_anchored_start06072_24steps_trace.json,-11.579958192748858,-6.230529283864323,50.1671531203844
full_period_anchored_w050,current_hybrid_transformer,0.05,6096,24,2020-05-27T10:25:00.000000000,2020-05-27T12:20:00.000000000,0.0513616573686401,0.1489465981721878,0.5536476969718933,14.195834159851074,0.0,0.0,0.010160940219149825,0.737215215572111,0.0,0.0,0.000812875217531986,0.000812875217531986,C:\repositories\strawberry\agc_mpc\results\control\summaries\current_hybrid_transformer_gradient_mpc_full_period_anchored_w050_anchored_start06096_24steps_trace.json,-10.953071091972708,-2.3094626079365317,50.78468848063732
full_period_anchored_w050,current_hybrid_transformer,0.05,6120,24,2020-05-27T12:25:00.000000000,2020-05-27T14:20:00.000000000,0.0572314141318202,0.2681102752685547,0.8989397883415222,6.317680358886719,0.0,0.0,0.011748838339178436,0.8112098039545932,0.0,0.0,0.0009399070671342749,0.0009399070671342749,C:\repositories\strawberry\agc_mpc\results\control\summaries\current_hybrid_transformer_gradient_mpc_full_period_anchored_w050_anchored_start06120_24steps_trace.json,-10.046264067855496,0.07873877760918131,26.955842660655875
full_period_anchored_w050,current_hybrid_transformer,0.05,6144,24,2020-05-27T14:25:00.000000000,2020-05-27T16:20:00.000000000,0.07545646093785763,0.7085279822349548,1.609005331993103,26.533952713012695,0.0,0.0,0.010516925696104748,0.7470376150785968,0.0,0.0,0.0008413540556883799,0.0008413540556883799,C:\repositories\strawberry\agc_mpc\results\control\summaries\current_hybrid_transformer_gradient_mpc_full_period_anchored_w050_anchored_start06144_24steps_trace.json,-3.838359097489583,6.264287579748251,21.824169201873115
full_period_anchored_w050,current_hybrid_transformer,0.05,6168,24,2020-05-27T16:25:00.000000000,2020-05-27T18:20:00.000000000,0.05980273553480705,0.25275716185569763,1.1719456911087036,17.510068893432617,0.03795307457290914,0.0,0.007173001724533491,0.5860399024182983,0.00031501051895514585,0.0,0.0005738401379626793,0.0008888506569178251,C:\repositories\strawberry\agc_mpc\results\control\summaries\current_hybrid_transformer_gradient_mpc_full_period_anchored_w050_anchored_start06168_24steps_trace.json,-16.64449718957132,2.4444997194033298,30.572917471130246
full_period_anchored_w050,current_hybrid_transformer,0.05,6192,24,2020-05-27T18:25:00.000000000,2020-05-27T20:20:00.000000000,0.07701629338165124,0.5137808322906494,0.7534399032592773,20.425100326538086,0.0,0.0,0.0038445875828522604,0.3808652601534279,0.0,0.0,0.0003075670066281808,0.0003075670066281808,C:\repositories\strawberry\agc_mpc\results\control\summaries\current_hybrid_transformer_gradient_mpc_full_period_anchored_w050_anchored_start06192_24steps_trace.json,0.6661900699036309,-2.35282188443684,25.551052912354464
full_period_anchored_w050,current_hybrid_transformer,0.05,6216,24,2020-05-27T20:25:00.000000000,2020-05-27T22:20:00.000000000,0.03820438108717402,0.6098929047584534,1.2197057008743286,23.75872802734375,0.0,0.0,0.0,0.17544598054642638,0.0,0.0,0.0,0.0,C:\repositories\strawberry\agc_mpc\results\control\summaries\current_hybrid_transformer_gradient_mpc_full_period_anchored_w050_anchored_start06216_24steps_trace.json,-100.0,-5.689119896727886,36.60121188430598
full_period_anchored_w050,current_hybrid_transformer,0.05,6240,24,2020-05-27T22:25:00.000000000,2020-05-28T00:20:00.000000000,0.15549521520733833,1.4157880544662476,2.795433282852173,100.60672760009766,0.0,0.0,0.0,0.147107839770967,0.0,0.0,0.0,0.0,C:\repositories\strawberry\agc_mpc\results\control\summaries\current_hybrid_transformer_gradient_mpc_full_period_anchored_w050_anchored_start06240_24steps_trace.json,nan,1.3179055222905962,8.056388474614751
full_period_anchored_w050,current_hybrid_transformer,0.05,6264,24,2020-05-28T00:25:00.000000000,2020-05-28T02:20:00.000000000,0.08733736164867878,1.168580174446106,3.440565347671509,56.91575241088867,0.0,0.0,0.0,0.1120207288125978,0.0,0.0,0.0,0.0,C:\repositories\strawberry\agc_mpc\results\control\summaries\current_hybrid_transformer_gradient_mpc_full_period_anchored_w050_anchored_start06264_24steps_trace.json,nan,5.181625739226163,17.646810082685942
full_period_anchored_w050,current_hybrid_transformer,0.05,6288,24,2020-05-28T02:25:00.000000000,2020-05-28T04:20:00.000000000,0.058763524905468024,0.6584404110908508,1.139203667640686,56.991825103759766,0.0,0.0,0.0,0.10293795740627687,0.0,0.0,0.0,0.0,C:\repositories\strawberry\agc_mpc\results\control\summaries\current_hybrid_transformer_gradient_mpc_full_period_anchored_w050_anchored_start06288_24steps_trace.json,nan,4.773212565549596,30.192900577289507
full_period_anchored_w050,current_hybrid_transformer,0.05,6312,24,2020-05-28T04:25:00.000000000,2020-05-28T06:20:00.000000000,0.09735825471580029,0.32959604263305664,1.1001487970352173,20.098562240600586,0.04327192533483948,0.0,0.0,0.12612092127644586,0.0003591569802791677,0.0,0.0,0.0003591569802791677,C:\repositories\strawberry\agc_mpc\results\control\summaries\current_hybrid_transformer_gradient_mpc_full_period_anchored_w050_anchored_start06312_24steps_trace.json,0.4460815352882975,1.3758141742685768,30.496240305473982
full_period_anchored_w050,current_hybrid_transformer,0.05,6336,24,2020-05-28T06:25:00.000000000,2020-05-28T08:20:00.000000000,0.051938452602674566,0.6289699077606201,1.7832618951797485,16.80620574951172,0.04178681425610395,0.0,0.002521601703986711,0.265697238105324,0.0003468305583256628,0.0,0.00020172813631893688,0.0005485586946445996,C:\repositories\strawberry\agc_mpc\results\control\summaries\current_hybrid_transformer_gradient_mpc_full_period_anchored_w050_anchored_start06336_24steps_trace.json,-0.1306364322917985,2.7212236512355226,53.59732248494886
full_period_anchored_w050,current_hybrid_transformer,0.05,6360,24,2020-05-28T08:25:00.000000000,2020-05-28T10:20:00.000000000,0.06135529807458321,0.42494168877601624,3.7319037914276123,12.651814460754395,0.026928077938503936,0.0,0.007993366512903794,0.4912467218282253,0.00022350304688958266,0.0,0.0006394693210323035,0.0008629723679218861,C:\repositories\strawberry\agc_mpc\results\control\summaries\current_hybrid_transformer_gradient_mpc_full_period_anchored_w050_anchored_start06360_24steps_trace.json,-45.981234881220395,-11.938600979984574,21.36707908540801
full_period_anchored_w050,current_hybrid_transformer,0.05,6384,24,2020-05-28T10:25:00.000000000,2020-05-28T12:20:00.000000000,0.06754415466760595,0.38356900215148926,1.5437512397766113,10.480668067932129,0.035658550943722556,0.0,0.009443938730268393,0.7028321530271431,0.0002959659728328972,0.0,0.0007555150984214715,0.0010514810712543687,C:\repositories\strawberry\agc_mpc\results\control\summaries\current_hybrid_transformer_gradient_mpc_full_period_anchored_w050_anchored_start06384_24steps_trace.json,-8.838634117958637,11.695974665741234,39.77186836241068
full_period_anchored_w050,current_hybrid_transformer,0.05,6408,24,2020-05-28T12:25:00.000000000,2020-05-28T14:20:00.000000000,0.10730566984663407,0.4642157554626465,1.0960358381271362,25.853553771972656,0.021388217082784683,0.01133631799093835,0.011483340877628388,0.8101745571074273,0.00017752220178711287,0.0009069054392750681,0.0009186672702102711,0.002003094911272452,C:\repositories\strawberry\agc_mpc\results\control\summaries\current_hybrid_transformer_gradient_mpc_full_period_anchored_w050_anchored_start06408_24steps_trace.json,-20.75999183513101,4.542357226037785,35.02508344569383
full_period_anchored_w050,current_hybrid_transformer,0.05,6432,24,2020-05-28T14:25:00.000000000,2020-05-28T16:20:00.000000000,0.12487439066171646,0.37979158759117126,0.9950335621833801,26.873634338378906,0.026165729546753964,0.01742761420345495,0.01122203115087373,0.7901251295096887,0.0002171755552380579,0.001394209136276396,0.0008977624920698985,0.0025091471835843523,C:\repositories\strawberry\agc_mpc\results\control\summaries\current_hybrid_transformer_gradient_mpc_full_period_anchored_w050_anchored_start06432_24steps_trace.json,-12.1127153206819,-1.0151801756706202,31.08601600394376
full_period_anchored_w050,current_hybrid_transformer,0.05,6456,24,2020-05-28T16:25:00.000000000,2020-05-28T18:20:00.000000000,0.08112241032843788,0.5523228645324707,1.1695866584777832,25.41352653503418,0.018996294440123893,0.006781674063155417,0.008422512738080194,0.6398790656623339,0.0001576692438530283,0.0005425339250524334,0.0006738010190464155,0.0013740041879518772,C:\repositories\strawberry\agc_mpc\results\control\summaries\current_hybrid_transformer_gradient_mpc_full_period_anchored_w050_anchored_start06456_24steps_trace.json,20.728192334170455,1.0844648872401264,29.025260253588165
full_period_anchored_w050,current_hybrid_transformer,0.05,6480,24,2020-05-28T18:25:00.000000000,2020-05-28T20:20:00.000000000,0.04880611148352424,0.3305757939815521,0.5741303563117981,24.15465545654297,0.0,0.0,0.003980200133681526,0.379277992466987,0.0,0.0,0.00031841601069452206,0.00031841601069452206,C:\repositories\strawberry\agc_mpc\results\control\summaries\current_hybrid_transformer_gradient_mpc_full_period_anchored_w050_anchored_start06480_24steps_trace.json,0.1733858775016538,-1.3388364632267742,37.42859615491474
full_period_anchored_w050,current_hybrid_transformer,0.05,6504,24,2020-05-28T20:25:00.000000000,2020-05-28T22:20:00.000000000,0.04201045065807799,0.558201014995575,0.705611526966095,11.330982208251953,0.0,0.0,0.0,0.15349322920793945,0.0,0.0,0.0,0.0,C:\repositories\strawberry\agc_mpc\results\control\summaries\current_hybrid_transformer_gradient_mpc_full_period_anchored_w050_anchored_start06504_24steps_trace.json,nan,-6.933865638317938,36.549050196723265
full_period_anchored_w050,current_hybrid_transformer,0.05,6528,24,2020-05-28T22:25:00.000000000,2020-05-29T00:20:00.000000000,0.12951917170236507,1.0165120363235474,3.4306323528289795,85.34239959716797,0.0,0.0,0.0,0.14112533392911925,0.0,0.0,0.0,0.0,C:\repositories\strawberry\agc_mpc\results\control\summaries\current_hybrid_transformer_gradient_mpc_full_period_anchored_w050_anchored_start06528_24steps_trace.json,nan,-0.6199658646521286,7.688460501517498
full_period_anchored_w050,current_hybrid_transformer,0.05,6552,24,2020-05-29T00:25:00.000000000,2020-05-29T02:20:00.000000000,0.11655125177154939,1.23299241065979,3.422395706176758,76.25638580322266,0.0,0.0,0.0,0.10826959293561102,0.0,0.0,0.0,0.0,C:\repositories\strawberry\agc_mpc\results\control\summaries\current_hybrid_transformer_gradient_mpc_full_period_anchored_w050_anchored_start06552_24steps_trace.json,nan,3.6888784964512635,18.781052742371923
full_period_anchored_w050,current_hybrid_transformer,0.05,6576,24,2020-05-29T02:25:00.000000000,2020-05-29T04:20:00.000000000,0.058081666783740125,0.7045618891716003,1.1335229873657227,46.24313735961914,0.010455122791567073,0.0,0.0,0.09247680275110087,8.677751917000671e-05,0.0,0.0,8.677751917000671e-05,C:\repositories\strawberry\agc_mpc\results\control\summaries\current_hybrid_transformer_gradient_mpc_full_period_anchored_w050_anchored_start06576_24steps_trace.json,-53.98745103052687,0.3422311500953231,28.774716102659298
full_period_anchored_w050,current_hybrid_transformer,0.05,6600,24,2020-05-29T04:25:00.000000000,2020-05-29T06:20:00.000000000,0.11171960892776649,0.36691054701805115,1.414703369140625,21.805822372436523,0.06571095235773403,0.0,0.0,0.1282308052634505,0.0005454009045691925,0.0,0.0,0.0005454009045691925,C:\repositories\strawberry\agc_mpc\results\control\summaries\current_hybrid_transformer_gradient_mpc_full_period_anchored_w050_anchored_start06600_24steps_trace.json,11.629421643042873,-3.874747348711707,29.40860548084352
full_period_anchored_w050,current_hybrid_transformer,0.05,6624,24,2020-05-29T06:25:00.000000000,2020-05-29T08:20:00.000000000,0.08842010423541069,0.7229263782501221,1.7858110666275024,18.28636932373047,0.06137470079929912,0.0,0.0034340261767885827,0.2757734406317433,0.0005094100166341827,0.0,0.00027472209414308664,0.0007841321107772694,C:\repositories\strawberry\agc_mpc\results\control\summaries\current_hybrid_transformer_gradient_mpc_full_period_anchored_w050_anchored_start06624_24steps_trace.json,-5.51982313943663,-4.735547483804746,42.861495095188985
full_period_anchored_w050,current_hybrid_transformer,0.05,6648,24,2020-05-29T08:25:00.000000000,2020-05-29T10:20:00.000000000,0.07657365842411916,0.5790165066719055,3.708507537841797,12.265690803527832,0.0629454518383262,0.0,0.007215653375711975,0.4945427287859121,0.0005224472502581074,0.0,0.000577252270056958,0.0010996995203150653,C:\repositories\strawberry\agc_mpc\results\control\summaries\current_hybrid_transformer_gradient_mpc_full_period_anchored_w050_anchored_start06648_24steps_trace.json,-9.598322568818766,-26.534016528706577,16.61448868284844
full_period_anchored_w050,current_hybrid_transformer,0.05,6672,24,2020-05-29T10:25:00.000000000,2020-05-29T12:20:00.000000000,0.07612384327997763,1.1243391036987305,2.527944326400757,10.973916053771973,0.05858698486501719,0.0,0.008989176239321037,0.6848399261903799,0.0004862719743796427,0.0,0.0007191340991456829,0.0012054060735253256,C:\repositories\strawberry\agc_mpc\results\control\summaries\current_hybrid_transformer_gradient_mpc_full_period_anchored_w050_anchored_start06672_24steps_trace.json,-8.023205383198713,-9.66266848676176,28.136237590761876
full_period_anchored_w050,current_hybrid_transformer,0.05,6696,24,2020-05-29T12:25:00.000000000,2020-05-29T14:20:00.000000000,0.09416989299158256,0.5835232734680176,1.1954466104507446,25.7451114654541,0.019950591843405696,0.012684244958766456,0.011124310069182674,0.8396685314070581,0.0001655899123002673,0.0010147395967013166,0.0008899448055346139,0.002070274314536198,C:\repositories\strawberry\agc_mpc\results\control\summaries\current_hybrid_transformer_gradient_mpc_full_period_anchored_w050_anchored_start06696_24steps_trace.json,-13.4741124570581,14.710873694541963,40.228869791673034
full_period_anchored_w050,current_hybrid_transformer,0.05,6720,24,2020-05-29T14:25:00.000000000,2020-05-29T16:20:00.000000000,0.08683314112325509,0.717519223690033,1.4875470399856567,34.99860763549805,0.0,0.013413671162661005,0.010384105011065336,0.7928954829155148,0.0,0.0010730936930128804,0.0008307284008852269,0.0019038220938981073,C:\repositories\strawberry\agc_mpc\results\control\summaries\current_hybrid_transformer_gradient_mpc_full_period_anchored_w050_anchored_start06720_24steps_trace.json,-14.312281897951598,7.748083924579071,22.25427036689581
full_period_anchored_w050,current_hybrid_transformer,0.05,6744,24,2020-05-29T16:25:00.000000000,2020-05-29T18:20:00.000000000,0.04350405698642135,0.2577074468135834,0.5979921221733093,39.72099685668945,0.0,0.0,0.00696472100552317,0.5894515641182967,0.0,0.0,0.0005571776804418536,0.0005571776804418536,C:\repositories\strawberry\agc_mpc\results\control\summaries\current_hybrid_transformer_gradient_mpc_full_period_anchored_w050_anchored_start06744_24steps_trace.json,-0.5887292969724272,0.32485122467158145,12.052085513224135
full_period_anchored_w050,current_hybrid_transformer,0.05,6768,24,2020-05-29T18:25:00.000000000,2020-05-29T20:20:00.000000000,0.05010686442255974,0.3290135860443115,0.689063549041748,50.399593353271484,0.0,0.0,0.0030525447822733554,0.3516842481387508,0.0,0.0,0.00024420358258186845,0.00024420358258186845,C:\repositories\strawberry\agc_mpc\results\control\summaries\current_hybrid_transformer_gradient_mpc_full_period_anchored_w050_anchored_start06768_24steps_trace.json,-0.7964011474432438,8.427495121893571,14.611735302237994
full_period_anchored_w050,itransformer_co2_residual,0.05,0,24,2020-05-06T06:25:00.000000000,2020-05-06T08:20:00.000000000,0.04226982779800892,0.16494965553283691,0.9799668192863464,3.4536006450653076,0.12064450778751756,0.0032445140346084936,0.002716417268541,0.2488632862306415,0.0010013494146363959,0.0002217084590315804,0.00021731338148327998,0.0014403712551512562,C:\repositories\strawberry\agc_mpc\results\control\summaries\itransformer_co2_residual_gradient_mpc_full_period_anchored_w050_anchored_start00000_24steps_trace.json,-13.498988195627096,17.532447195212193,73.07055142877907
full_period_anchored_w050,itransformer_co2_residual,0.05,24,24,2020-05-06T08:25:00.000000000,2020-05-06T10:20:00.000000000,0.0688009097551306,0.19383589923381805,0.49827542901039124,2.9386749267578125,0.054372018170872734,0.0040325158303934645,0.006907340624713258,0.5016667231374975,0.0004512877508182437,0.00032260126643147714,0.0005525872499770606,0.0013264762672267815,C:\repositories\strawberry\agc_mpc\results\control\summaries\itransformer_co2_residual_gradient_mpc_full_period_anchored_w050_anchored_start00024_24steps_trace.json,-6.735462696200166,3.0251318647223084,31.106529811523036
full_period_anchored_w050,itransformer_co2_residual,0.05,48,24,2020-05-06T10:25:00.000000000,2020-05-06T12:20:00.000000000,0.08104117773473263,0.502860963344574,0.9450508952140808,5.7254204750061035,0.010478684263464544,0.010390318151334618,0.011243525325483813,0.7229317374718849,8.697307938675571e-05,0.0008312254521067694,0.000899482026038705,0.0018176805575322301,C:\repositories\strawberry\agc_mpc\results\control\summaries\itransformer_co2_residual_gradient_mpc_full_period_anchored_w050_anchored_start00048_24steps_trace.json,-4.073060343076722,4.668186889615653,31.409097366007817
full_period_anchored_w050,itransformer_co2_residual,0.05,72,24,2020-05-06T12:25:00.000000000,2020-05-06T14:20:00.000000000,0.06183814210817218,0.3401246964931488,0.5200178027153015,10.482756614685059,0.02225517566758012,0.01764987568146563,0.012372945145480995,0.806729753540613,0.000184717958040915,0.0014119900545172504,0.0009898356116384796,0.002586543624196645,C:\repositories\strawberry\agc_mpc\results\control\summaries\itransformer_co2_residual_gradient_mpc_full_period_anchored_w050_anchored_start00072_24steps_trace.json,-13.71957094804834,6.936234603548675,57.02917227063955
full_period_anchored_w050,itransformer_co2_residual,0.05,96,24,2020-05-06T14:25:00.000000000,2020-05-06T16:20:00.000000000,0.0556623760300378,0.5258665680885315,0.4755735397338867,10.822722434997559,0.0024275952571732083,0.019395432711257966,0.01175483677255526,0.7615072762609786,2.0149040634537628e-05,0.0015516346169006374,0.0009403869418044209,0.002512170599339596,C:\repositories\strawberry\agc_mpc\results\control\summaries\itransformer_co2_residual_gradient_mpc_full_period_anchored_w050_anchored_start00096_24steps_trace.json,-10.661277162076727,8.594139266976327,70.73479312699408
full_period_anchored_w050,itransformer_co2_residual,0.05,120,24,2020-05-06T16:25:00.000000000,2020-05-06T18:20:00.000000000,0.0911563301148514,0.38524937629699707,0.2683054506778717,5.813191890716553,0.05964867308516614,0.020047875091289313,0.009756967940651517,0.5959461402963886,0.000495083986606879,0.001603830007303145,0.0007805574352521213,0.002879471429162145,C:\repositories\strawberry\agc_mpc\results\control\summaries\itransformer_co2_residual_gradient_mpc_full_period_anchored_w050_anchored_start00120_24steps_trace.json,0.6161339922218022,3.9326671753971985,29.98565503490901
full_period_anchored_w050,itransformer_co2_residual,0.05,144,24,2020-05-06T18:25:00.000000000,2020-05-06T20:20:00.000000000,0.08966858374575774,0.469608873128891,0.5498496890068054,2.4858779907226562,0.0,0.02140551873233071,0.005334345648961862,0.3644103485722807,0.0,0.0017124414985864567,0.000426747651916949,0.002139189150503406,C:\repositories\strawberry\agc_mpc\results\control\summaries\itransformer_co2_residual_gradient_mpc_full_period_anchored_w050_anchored_start00144_24steps_trace.json,-2.356165171004826,4.73022985544324,19.972404198392265
full_period_anchored_w050,itransformer_co2_residual,0.05,168,24,2020-05-06T20:25:00.000000000,2020-05-06T22:20:00.000000000,0.03098664867381255,0.41719165444374084,0.35440492630004883,24.90886688232422,0.0,0.021234367159573143,0.0,0.191138166800223,0.0,0.0016987493727658514,0.0,0.0016987493727658514,C:\repositories\strawberry\agc_mpc\results\control\summaries\itransformer_co2_residual_gradient_mpc_full_period_anchored_w050_anchored_start00168_24steps_trace.json,-8.443899170351967,-1.8311705288595725,23.59418415924328
full_period_anchored_w050,itransformer_co2_residual,0.05,192,24,2020-05-06T22:25:00.000000000,2020-05-07T00:20:00.000000000,0.030131806231414277,0.29918813705444336,0.47649988532066345,17.255136489868164,0.0,0.021235487542226684,0.0,0.1635790728937243,0.0,0.0010971668563483786,0.0,0.0010971668563483786,C:\repositories\strawberry\agc_mpc\results\control\summaries\itransformer_co2_residual_gradient_mpc_full_period_anchored_w050_anchored_start00192_24steps_trace.json,-9.180684639208968,1.045689508814883,49.37275601786925
full_period_anchored_w050,itransformer_co2_residual,0.05,216,24,2020-05-07T00:25:00.000000000,2020-05-07T02:20:00.000000000,0.04216589359566569,0.13537900149822235,1.1985998153686523,12.043121337890625,0.027041337844192194,0.024777680184618123,0.0,0.17265705057880382,0.0002244431041067952,0.000991107207384725,0.0,0.0012155503114915202,C:\repositories\strawberry\agc_mpc\results\control\summaries\itransformer_co2_residual_gradient_mpc_full_period_anchored_w050_anchored_start00216_24steps_trace.json,-23.21322074152243,15.933603071162755,61.246743944676574
full_period_anchored_w050,itransformer_co2_residual,0.05,240,24,2020-05-07T02:25:00.000000000,2020-05-07T04:20:00.000000000,0.049475506879389286,0.16905204951763153,1.282496452331543,20.411806106567383,0.07203844695610917,0.020463218371811583,0.0,0.17944263035639862,0.0005979191097357061,0.0008185287348724633,0.0,0.0014164478446081694,C:\repositories\strawberry\agc_mpc\results\control\summaries\itransformer_co2_residual_gradient_mpc_full_period_anchored_w050_anchored_start00240_24steps_trace.json,-19.16948983643053,1.9365696937149308,43.419551884956356
full_period_anchored_w050,itransformer_co2_residual,0.05,264,24,2020-05-07T04:25:00.000000000,2020-05-07T06:20:00.000000000,0.06352324108593166,0.21009452641010284,0.8136714100837708,15.710644721984863,0.08712680511852022,0.016053647780849663,0.0,0.17189525156538749,0.0007231524824837178,0.0006421459112339866,0.0,0.0013652983937177043,C:\repositories\strawberry\agc_mpc\results\control\summaries\itransformer_co2_residual_gradient_mpc_full_period_anchored_w050_anchored_start00264_24steps_trace.json,-7.721598174428086,7.106204333932153,37.10008116023104
full_period_anchored_w050,itransformer_co2_residual,0.05,288,24,2020-05-07T06:25:00.000000000,2020-05-07T08:20:00.000000000,0.046253898181021214,0.12781143188476562,0.9976692199707031,3.1167068481445312,0.08554623537952755,0.0016077508511423946,0.0026002324518689967,0.2533431199601842,0.0007100337536500786,0.00010986297482806362,0.00020801859614951975,0.001027915324627662,C:\repositories\strawberry\agc_mpc\results\control\summaries\itransformer_co2_residual_gradient_mpc_full_period_anchored_w050_anchored_start00288_24steps_trace.json,-35.74193870239301,-0.2675722457270226,61.57046824336988
full_period_anchored_w050,itransformer_co2_residual,0.05,312,24,2020-05-07T08:25:00.000000000,2020-05-07T10:20:00.000000000,0.08405898014704387,0.20600302517414093,0.4253346025943756,3.5705058574676514,0.03607986087360386,0.005108034603417571,0.0073400615645224,0.5213942085033125,0.00029946284525091203,0.0004086427682734057,0.000587204925161792,0.0012953105386861096,C:\repositories\strawberry\agc_mpc\results\control\summaries\itransformer_co2_residual_gradient_mpc_full_period_anchored_w050_anchored_start00312_24steps_trace.json,-4.914708990305082,1.8697473089603864,30.012930761787928
full_period_anchored_w050,itransformer_co2_residual,0.05,336,24,2020-05-07T10:25:00.000000000,2020-05-07T12:20:00.000000000,0.06932148259753983,0.4162643849849701,0.6945137977600098,12.007214546203613,0.0,0.012337521968381657,0.011040786619313625,0.7247676895230152,0.0,0.0009870017574705326,0.00088326292954509,0.0018702646870156227,C:\repositories\strawberry\agc_mpc\results\control\summaries\itransformer_co2_residual_gradient_mpc_full_period_anchored_w050_anchored_start00336_24steps_trace.json,-7.022775335044469,-1.575406134598311,31.042943499613752
full_period_anchored_w050,itransformer_co2_residual,0.05,360,24,2020-05-07T12:25:00.000000000,2020-05-07T14:20:00.000000000,0.08335013967007399,0.5524203777313232,0.9053443074226379,17.32219886779785,0.0,0.018300985719861287,0.01204920205860487,0.8072702143718014,0.0,0.001464078857588903,0.0009639361646883895,0.0024280150222772924,C:\repositories\strawberry\agc_mpc\results\control\summaries\itransformer_co2_residual_gradient_mpc_full_period_anchored_w050_anchored_start00360_24steps_trace.json,-6.466546836402563,3.013843849849089,37.147619469318414
full_period_anchored_w050,itransformer_co2_residual,0.05,384,24,2020-05-07T14:25:00.000000000,2020-05-07T16:20:00.000000000,0.0798619082197547,0.43089985847473145,0.7562165260314941,14.18850040435791,0.0,0.021770256125070865,0.011579267633680872,0.7386351201284826,0.0,0.0017416204900056692,0.0009263414106944698,0.002667961900700139,C:\repositories\strawberry\agc_mpc\results\control\summaries\itransformer_co2_residual_gradient_mpc_full_period_anchored_w050_anchored_start00384_24steps_trace.json,-8.855343939720537,4.4915566598146786,42.31463439204695
full_period_anchored_w050,itransformer_co2_residual,0.05,408,24,2020-05-07T16:25:00.000000000,2020-05-07T18:20:00.000000000,0.15736573872466883,0.4104407727718353,0.41058921813964844,6.158833980560303,0.0,0.017508689942936313,0.008964748093893872,0.5450815941158925,0.0,0.001400695195434905,0.0007171798475115097,0.0021178750429464146,C:\repositories\strawberry\agc_mpc\results\control\summaries\itransformer_co2_residual_gradient_mpc_full_period_anchored_w050_anchored_start00408_24steps_trace.json,0.8222917753700987,-4.774125538796917,12.713826741602158
full_period_anchored_w050,itransformer_co2_residual,0.05,432,24,2020-05-07T18:25:00.000000000,2020-05-07T20:20:00.000000000,0.18384562836339077,0.6702675819396973,2.771174669265747,2.2134246826171875,0.0,0.038758951765349506,0.005239657310367315,0.3916794496211123,0.0,0.0031007161412279606,0.0004191725848293852,0.003519888726057346,C:\repositories\strawberry\agc_mpc\results\control\summaries\itransformer_co2_residual_gradient_mpc_full_period_anchored_w050_anchored_start00432_24steps_trace.json,-2.0472561140560463,-17.560989601014512,12.093457442349651
full_period_anchored_w050,itransformer_co2_residual,0.05,456,24,2020-05-07T20:25:00.000000000,2020-05-07T22:20:00.000000000,0.037324633837367095,0.22859890758991241,0.2653420865535736,13.642318725585938,0.0,0.009982952979159038,0.0,0.19839059649713742,0.0,0.000798636238332723,0.0,0.000798636238332723,C:\repositories\strawberry\agc_mpc\results\control\summaries\itransformer_co2_residual_gradient_mpc_full_period_anchored_w050_anchored_start00456_24steps_trace.json,-6.423653205182937,-9.495524348980254,11.036095555399994
full_period_anchored_w050,itransformer_co2_residual,0.05,480,24,2020-05-07T22:25:00.000000000,2020-05-08T00:20:00.000000000,0.03699276161690553,0.3732353746891022,0.3879311978816986,19.584882736206055,0.0,0.028591312801802937,0.0,0.19217558592182987,0.0,0.0014772178280931518,0.0,0.0014772178280931518,C:\repositories\strawberry\agc_mpc\results\control\summaries\itransformer_co2_residual_gradient_mpc_full_period_anchored_w050_anchored_start00480_24steps_trace.json,-6.6304261677630745,2.5025894880759765,37.30629099108885
full_period_anchored_w050,itransformer_co2_residual,0.05,504,24,2020-05-08T00:25:00.000000000,2020-05-08T02:20:00.000000000,0.06076079987299939,0.2686069905757904,1.5609782934188843,9.159153938293457,0.0,0.01964902273165995,0.0,0.19430773835007067,0.0,0.000785960909266398,0.0,0.000785960909266398,C:\repositories\strawberry\agc_mpc\results\control\summaries\itransformer_co2_residual_gradient_mpc_full_period_anchored_w050_anchored_start00504_24steps_trace.json,-6.896277729616059,7.344818609908,36.59175352360338
full_period_anchored_w050,itransformer_co2_residual,0.05,528,24,2020-05-08T02:25:00.000000000,2020-05-08T04:20:00.000000000,0.06474434180806081,0.5280835032463074,1.814088225364685,9.3141450881958,0.0,0.03771248010588614,0.000318775441139013,0.2082701382606902,0.0,0.0015084992042354456,2.550203529112104e-05,0.0015340012395265667,C:\repositories\strawberry\agc_mpc\results\control\summaries\itransformer_co2_residual_gradient_mpc_full_period_anchored_w050_anchored_start00528_24steps_trace.json,-4.476313131864035,-1.2474367944865297,40.23109985021837
full_period_anchored_w050,itransformer_co2_residual,0.05,552,24,2020-05-08T04:25:00.000000000,2020-05-08T06:20:00.000000000,0.06663087848573923,0.284249871969223,0.7618923187255859,14.641815185546875,0.07055474469026563,0.02122615664140269,0.00027628122085096335,0.19748664469009847,0.0005856043809292047,0.0008490462656561077,2.210249766807707e-05,0.0014567531442533895,C:\repositories\strawberry\agc_mpc\results\control\summaries\itransformer_co2_residual_gradient_mpc_full_period_anchored_w050_anchored_start00552_24steps_trace.json,-9.18557854127937,3.2391197708614983,34.277208639242915
full_period_anchored_w050,itransformer_co2_residual,0.05,576,24,2020-05-08T06:25:00.000000000,2020-05-08T08:20:00.000000000,0.07301355230932434,0.11085041612386703,0.5742842555046082,2.4487812519073486,0.045077199977444984,0.006783984071817976,0.0024509980009479464,0.26249447147161153,0.0003741407598127934,0.00046357224490756166,0.0001960798400758357,0.0010337928447961909,C:\repositories\strawberry\agc_mpc\results\control\summaries\itransformer_co2_residual_gradient_mpc_full_period_anchored_w050_anchored_start00576_24steps_trace.json,-19.845852343649202,-6.953148235536267,33.12255195841261
full_period_anchored_w050,itransformer_co2_residual,0.05,600,24,2020-05-08T08:25:00.000000000,2020-05-08T10:20:00.000000000,0.13741963605086008,0.32061243057250977,1.0691503286361694,11.714775085449219,0.0,0.007931503068355966,0.007366016458409793,0.5236213620260868,0.0,0.0006345202454684773,0.0005892813166727835,0.0012238015621412607,C:\repositories\strawberry\agc_mpc\results\control\summaries\itransformer_co2_residual_gradient_mpc_full_period_anchored_w050_anchored_start00600_24steps_trace.json,-2.7112993382377963,7.9717349969622635,14.43345928969298
full_period_anchored_w050,itransformer_co2_residual,0.05,624,24,2020-05-08T10:25:00.000000000,2020-05-08T12:20:00.000000000,0.10291592590510845,0.5522725582122803,1.4742127656936646,10.931503295898438,0.0042239392075398875,0.02166554238353853,0.011871777917653226,0.7429965672888882,3.505869542258107e-05,0.0017332433906830824,0.0009497422334122581,0.0027180443195179214,C:\repositories\strawberry\agc_mpc\results\control\summaries\itransformer_co2_residual_gradient_mpc_full_period_anchored_w050_anchored_start00624_24steps_trace.json,-4.116367033856729,-17.574595182924163,44.1861966132623
full_period_anchored_w050,itransformer_co2_residual,0.05,648,24,2020-05-08T12:25:00.000000000,2020-05-08T14:20:00.000000000,0.07386386829117934,0.5855920910835266,0.8892642855644226,17.655317306518555,0.0078004067479076015,0.023399860531656512,0.012022682878906317,0.8165111638555477,6.47433760076331e-05,0.001871988842532521,0.0009618146303125054,0.0028985468488526593,C:\repositories\strawberry\agc_mpc\results\control\summaries\itransformer_co2_residual_gradient_mpc_full_period_anchored_w050_anchored_start00648_24steps_trace.json,-9.84909729257182,-8.23120989347292,36.30104273240393
full_period_anchored_w050,itransformer_co2_residual,0.05,672,24,2020-05-08T14:25:00.000000000,2020-05-08T16:20:00.000000000,0.09453946476181348,0.3382108211517334,0.7817781567573547,8.686488151550293,0.02475934190759484,0.025330162473448846,0.008559689596875655,0.5957961473048912,0.00020550253783303718,0.0020264129978759078,0.0006847751677500524,0.002916690703458997,C:\repositories\strawberry\agc_mpc\results\control\summaries\itransformer_co2_residual_gradient_mpc_full_period_anchored_w050_anchored_start00672_24steps_trace.json,-7.000441918648422,-6.6917737043408145,37.53817753624932
full_period_anchored_w050,itransformer_co2_residual,0.05,696,24,2020-05-08T16:25:00.000000000,2020-05-08T18:20:00.000000000,0.0883268757412831,0.4772624969482422,0.6853330731391907,9.07379150390625,0.006636523438301683,0.020928543934480494,0.008718015292424355,0.5549480935355713,5.508314453790397e-05,0.0016742835147584396,0.0006974412233939483,0.002426807882690292,C:\repositories\strawberry\agc_mpc\results\control\summaries\itransformer_co2_residual_gradient_mpc_full_period_anchored_w050_anchored_start00696_24steps_trace.json,-10.710956710938941,-5.088111035386465,37.48566209619988
full_period_anchored_w050,itransformer_co2_residual,0.05,720,24,2020-05-08T18:25:00.000000000,2020-05-08T20:20:00.000000000,0.059995350583146013,0.406412273645401,1.0951584577560425,2.0581867694854736,0.0,0.024244250516803973,0.005566726619328841,0.3666033613251712,0.0,0.001939540041344318,0.00044533812954630726,0.0023848781708906254,C:\repositories\strawberry\agc_mpc\results\control\summaries\itransformer_co2_residual_gradient_mpc_full_period_anchored_w050_anchored_start00720_24steps_trace.json,-4.538013794638425,-3.6995419273721235,28.653856619231536
full_period_anchored_w050,itransformer_co2_residual,0.05,744,24,2020-05-08T20:25:00.000000000,2020-05-08T22:20:00.000000000,0.044707614152381815,0.19994401931762695,0.4565342366695404,10.470020294189453,0.0,0.014632534191262448,0.00037094432015678683,0.21367455755003797,0.0,0.0011706027353009958,2.9675545612542945e-05,0.001200278280913539,C:\repositories\strawberry\agc_mpc\results\control\summaries\itransformer_co2_residual_gradient_mpc_full_period_anchored_w050_anchored_start00744_24steps_trace.json,-2.846204079714036,-6.827283469953008,12.540968148576622
full_period_anchored_w050,itransformer_co2_residual,0.05,768,24,2020-05-08T22:25:00.000000000,2020-05-09T00:20:00.000000000,0.029923276471284527,0.4417814314365387,0.42916807532310486,14.1144380569458,0.0,0.005891133904349491,0.0,0.19039791664075437,0.0,0.0003043752517247237,0.0,0.0003043752517247237,C:\repositories\strawberry\agc_mpc\results\control\summaries\itransformer_co2_residual_gradient_mpc_full_period_anchored_w050_anchored_start00768_24steps_trace.json,-2.7552198073553114,-2.540488991861901,18.381190743935477
full_period_anchored_w050,itransformer_co2_residual,0.05,792,24,2020-05-09T00:25:00.000000000,2020-05-09T02:20:00.000000000,0.03584416575419406,0.4846714437007904,1.145798683166504,11.444666862487793,0.0,0.013620980089712147,0.0,0.21680249011865443,0.0,0.0005448392035884859,0.0,0.0005448392035884859,C:\repositories\strawberry\agc_mpc\results\control\summaries\itransformer_co2_residual_gradient_mpc_full_period_anchored_w050_anchored_start00792_24steps_trace.json,-13.07211416252775,5.051074579101191,38.211697786810085
full_period_anchored_w050,itransformer_co2_residual,0.05,816,24,2020-05-09T02:25:00.000000000,2020-05-09T04:20:00.000000000,0.06561662225673597,0.46254977583885193,1.7066577672958374,11.815078735351562,0.0,0.01740490106603214,0.0003185929544616601,0.21032779368579263,0.0,0.0006961960426412855,2.548743635693281e-05,0.0007216834789982183,C:\repositories\strawberry\agc_mpc\results\control\summaries\itransformer_co2_residual_gradient_mpc_full_period_anchored_w050_anchored_start00816_24steps_trace.json,29.997954740588963,1.4611576572208784,56.44961006773529
full_period_anchored_w050,itransformer_co2_residual,0.05,840,24,2020-05-09T04:25:00.000000000,2020-05-09T06:20:00.000000000,0.10219687161346276,1.5097370147705078,1.4001249074935913,21.563623428344727,0.04806054451441294,0.011821908271370925,0.0003877705971626323,0.20207920243599936,0.0003989025194696274,0.000472876330854837,3.1021647773010585e-05,0.000902800498097475,C:\repositories\strawberry\agc_mpc\results\control\summaries\itransformer_co2_residual_gradient_mpc_full_period_anchored_w050_anchored_start00840_24steps_trace.json,12.801109877383935,7.020223615494866,17.736756475969866
full_period_anchored_w050,itransformer_co2_residual,0.05,864,24,2020-05-09T06:25:00.000000000,2020-05-09T08:20:00.000000000,0.05273301231985291,0.10519114881753922,0.36349454522132874,7.052304744720459,0.012357642387087734,0.0049159957865096155,0.0031644824213236016,0.2737257887142611,0.0001025684318128282,0.0003359263787448237,0.0002531585937058881,0.00069165340426354,C:\repositories\strawberry\agc_mpc\results\control\summaries\itransformer_co2_residual_gradient_mpc_full_period_anchored_w050_anchored_start00864_24steps_trace.json,-7.937927191502779,-1.1491022398554172,44.392186153332155
full_period_anchored_w050,itransformer_co2_residual,0.05,888,24,2020-05-09T08:25:00.000000000,2020-05-09T10:20:00.000000000,0.12398416921496391,0.20892231166362762,0.5238866806030273,4.52910852432251,0.019271140712184675,0.011619880316378159,0.007129600376870772,0.5017748224403236,0.0001599504679111328,0.0009295904253102527,0.0005703680301496618,0.0016599089233710472,C:\repositories\strawberry\agc_mpc\results\control\summaries\itransformer_co2_residual_gradient_mpc_full_period_anchored_w050_anchored_start00888_24steps_trace.json,-5.579385003563293,-10.352252975350012,25.025492180211685
full_period_anchored_w050,itransformer_co2_residual,0.05,912,24,2020-05-09T10:25:00.000000000,2020-05-09T12:20:00.000000000,0.10793626339485247,0.6772878170013428,1.1257376670837402,22.856592178344727,0.0,0.03310480226045405,0.011716899237445708,0.7515590710736746,0.0,0.002648384180836324,0.0009373519389956567,0.0035857361198319807,C:\repositories\strawberry\agc_mpc\results\control\summaries\itransformer_co2_residual_gradient_mpc_full_period_anchored_w050_anchored_start00912_24steps_trace.json,-0.5786640687992433,-5.030776102388987,36.97438245824527
full_period_anchored_w050,itransformer_co2_residual,0.05,936,24,2020-05-09T12:25:00.000000000,2020-05-09T14:20:00.000000000,0.06679684296250343,0.5411171317100525,0.5929901003837585,26.393850326538086,0.0,0.021018350320039507,0.013274207722546224,0.829164756238322,0.0,0.0016814680256031606,0.001061936617803698,0.0027434046434068587,C:\repositories\strawberry\agc_mpc\results\control\summaries\itransformer_co2_residual_gradient_mpc_full_period_anchored_w050_anchored_start00936_24steps_trace.json,-6.193900406897053,0.36521883683512113,39.98323208381394
full_period_anchored_w050,itransformer_co2_residual,0.05,960,24,2020-05-09T14:25:00.000000000,2020-05-09T16:20:00.000000000,0.10114331170916557,0.5964686870574951,1.0121197700500488,17.798654556274414,0.008525374586149206,0.02725991960865333,0.01296034244417544,0.802910375323612,7.076060906503841e-05,0.0021807935686922663,0.0010368273955340351,0.0032883815732913397,C:\repositories\strawberry\agc_mpc\results\control\summaries\itransformer_co2_residual_gradient_mpc_full_period_anchored_w050_anchored_start00960_24steps_trace.json,-9.323487167960067,-7.871983454984376,36.86502726497822
full_period_anchored_w050,itransformer_co2_residual,0.05,984,24,2020-05-09T16:25:00.000000000,2020-05-09T18:20:00.000000000,0.06090110323081414,0.7538349628448486,1.0969568490982056,14.861984252929688,0.0030886880061791605,0.037898225083170436,0.010061815675018163,0.6717191044019135,2.5636110451287032e-05,0.003031858006653635,0.0008049452540014531,0.003862439371106375,C:\repositories\strawberry\agc_mpc\results\control\summaries\itransformer_co2_residual_gradient_mpc_full_period_anchored_w050_anchored_start00984_24steps_trace.json,-0.19029245578440676,-6.4649418490926776,52.67611567543528
full_period_anchored_w050,itransformer_co2_residual,0.05,1008,24,2020-05-09T18:25:00.000000000,2020-05-09T20:20:00.000000000,0.04065536940470338,0.7136797308921814,1.2989487648010254,2.3846218585968018,0.0,0.026331620775664758,0.0061119286781308076,0.399060017862124,0.0,0.0021065296620531807,0.0004889542942504646,0.002595483956303645,C:\repositories\strawberry\agc_mpc\results\control\summaries\itransformer_co2_residual_gradient_mpc_full_period_anchored_w050_anchored_start01008_24steps_trace.json,-2.7377084213741782,13.219502885210984,31.31984448578981
full_period_anchored_w050,itransformer_co2_residual,0.05,1032,24,2020-05-09T20:25:00.000000000,2020-05-09T22:20:00.000000000,0.04728253461265316,0.4540938436985016,0.47906240820884705,7.670230865478516,0.0,0.009543313796193206,0.0008982648674881466,0.21112968309146343,0.0,0.0007634651036954565,7.186118939905174e-05,0.0008353262930945082,C:\repositories\strawberry\agc_mpc\results\control\summaries\itransformer_co2_residual_gradient_mpc_full_period_anchored_w050_anchored_start01032_24steps_trace.json,-2.337838561050983,15.03181037562095,10.516332024090957
full_period_anchored_w050,itransformer_co2_residual,0.05,1056,24,2020-05-09T22:25:00.000000000,2020-05-10T00:20:00.000000000,0.07007811924753089,0.6869879364967346,0.6348533630371094,9.664946556091309,0.0,0.0056679626827041436,0.0,0.20493219031417123,0.0,0.00029284473860638076,0.0,0.00029284473860638076,C:\repositories\strawberry\agc_mpc\results\control\summaries\itransformer_co2_residual_gradient_mpc_full_period_anchored_w050_anchored_start01056_24steps_trace.json,0.9224359157604664,-4.4221231400759935,7.797859891023442
full_period_anchored_w050,itransformer_co2_residual,0.05,1080,24,2020-05-10T00:25:00.000000000,2020-05-10T02:20:00.000000000,0.03204422785590092,0.5181427597999573,0.45814070105552673,7.959195613861084,0.0,0.0025048433909740857,0.0,0.20870352558313768,0.0,0.00010019373563896342,0.0,0.00010019373563896342,C:\repositories\strawberry\agc_mpc\results\control\summaries\itransformer_co2_residual_gradient_mpc_full_period_anchored_w050_anchored_start01080_24steps_trace.json,-11.91706443178171,7.848407331444977,30.48158029452328
full_period_anchored_w050,itransformer_co2_residual,0.05,1104,24,2020-05-10T02:25:00.000000000,2020-05-10T04:20:00.000000000,0.0378117886527131,0.4937807023525238,0.7348337173461914,7.884302616119385,0.01081055838107336,0.009876827006242258,0.0,0.21723365933078712,8.97276345629089e-05,0.0003950730802496903,0.0,0.0004848007148125992,C:\repositories\strawberry\agc_mpc\results\control\summaries\itransformer_co2_residual_gradient_mpc_full_period_anchored_w050_anchored_start01104_24steps_trace.json,-31.992910340123938,2.0696811289519976,34.147190404767805
full_period_anchored_w050,itransformer_co2_residual,0.05,1128,24,2020-05-10T04:25:00.000000000,2020-05-10T06:20:00.000000000,0.06711110100150108,0.805543839931488,1.0028890371322632,11.8843994140625,0.0,0.008190546132798635,0.00020296233751931786,0.20564958585940918,0.0,0.0003276218453119454,1.623698700154543e-05,0.0003438588323134908,C:\repositories\strawberry\agc_mpc\results\control\summaries\itransformer_co2_residual_gradient_mpc_full_period_anchored_w050_anchored_start01128_24steps_trace.json,-19.321772803999615,8.684307816608767,23.620693691831306
full_period_anchored_w050,itransformer_co2_residual,0.05,1152,24,2020-05-10T06:25:00.000000000,2020-05-10T08:20:00.000000000,0.05133111293738087,0.13996990025043488,0.47441163659095764,3.36126446723938,0.010673692429198273,0.004214967079347227,0.002373586542047784,0.2509300812808761,8.859164716234566e-05,0.00028802275042206046,0.00018988692336382272,0.0005665013209482288,C:\repositories\strawberry\agc_mpc\results\control\summaries\itransformer_co2_residual_gradient_mpc_full_period_anchored_w050_anchored_start01152_24steps_trace.json,-17.166165127107735,12.965006658190784,34.14693635063138
full_period_anchored_w050,itransformer_co2_residual,0.05,1176,24,2020-05-10T08:25:00.000000000,2020-05-10T10:20:00.000000000,0.08204827985415857,0.2082068920135498,0.4671602249145508,5.347452640533447,0.029419510465220525,0.006579865055581312,0.004616840960568887,0.348688724210775,0.0002441819368613304,0.000526389204446505,0.000369347276845511,0.0011399184181533463,C:\repositories\strawberry\agc_mpc\results\control\summaries\itransformer_co2_residual_gradient_mpc_full_period_anchored_w050_anchored_start01176_24steps_trace.json,-12.75936870420833,15.065398279193543,25.479199742444237
full_period_anchored_w050,itransformer_co2_residual,0.05,1200,24,2020-05-10T10:25:00.000000000,2020-05-10T12:20:00.000000000,0.13616880339880785,0.7194647789001465,1.540984034538269,19.746129989624023,0.03694423196938865,0.018496258985445307,0.009761694986395385,0.6275566261654422,0.00030663712534592576,0.0014797007188356245,0.0007809355989116309,0.002567273443093181,C:\repositories\strawberry\agc_mpc\results\control\summaries\itransformer_co2_residual_gradient_mpc_full_period_anchored_w050_anchored_start01200_24steps_trace.json,-8.809659490164723,1.5272842601635808,30.659439974984476
full_period_anchored_w050,itransformer_co2_residual,0.05,1224,24,2020-05-10T12:25:00.000000000,2020-05-10T14:20:00.000000000,0.07798581570386887,0.4982767105102539,0.783623993396759,16.328248977661133,0.0036163121054998922,0.0176726260616291,0.008980229735781144,0.6294522642617504,3.0015390475649105e-05,0.0014138100849303281,0.0007184183788624915,0.002162243854268469,C:\repositories\strawberry\agc_mpc\results\control\summaries\itransformer_co2_residual_gradient_mpc_full_period_anchored_w050_anchored_start01224_24steps_trace.json,-6.75844394371621,-10.79658033091118,20.766154337882302
full_period_anchored_w050,itransformer_co2_residual,0.05,1248,24,2020-05-10T14:25:00.000000000,2020-05-10T16:20:00.000000000,0.09364510513842106,0.29236021637916565,0.57618647813797,7.969738006591797,0.03493553373154352,0.01255000461953457,0.008004009179545694,0.5220922310120353,0.0002899649299718112,0.0010040003695627655,0.0006403207343636555,0.0019342860338982322,C:\repositories\strawberry\agc_mpc\results\control\summaries\itransformer_co2_residual_gradient_mpc_full_period_anchored_w050_anchored_start01248_24steps_trace.json,-6.931941221898426,-0.6987078995546051,24.073522072390453
full_period_anchored_w050,itransformer_co2_residual,0.05,1272,24,2020-05-10T16:25:00.000000000,2020-05-10T18:20:00.000000000,0.1141807126502196,0.7415762543678284,0.7754294276237488,7.667778015136719,0.12352647784339413,0.01440636176375592,0.005373549481113215,0.33016782899393426,0.0010252697661001712,0.0011525089411004736,0.0004298839584890572,0.002607662665689702,C:\repositories\strawberry\agc_mpc\results\control\summaries\itransformer_co2_residual_gradient_mpc_full_period_anchored_w050_anchored_start01272_24steps_trace.json,-12.908971770214924,3.1598464479689783,15.282800348918379
full_period_anchored_w050,itransformer_co2_residual,0.05,1296,24,2020-05-10T18:25:00.000000000,2020-05-10T20:20:00.000000000,0.08901695472498734,0.2749648094177246,0.3767585754394531,5.429117679595947,0.049533258623334055,0.0,0.002716670535637019,0.1928003723126993,0.00041112604657367265,0.0,0.00021733364285096154,0.0006284596894246342,C:\repositories\strawberry\agc_mpc\results\control\summaries\itransformer_co2_residual_gradient_mpc_full_period_anchored_w050_anchored_start01296_24steps_trace.json,-1.8643471092278714,3.18394628703784,13.144323027289992
full_period_anchored_w050,itransformer_co2_residual,0.05,1320,24,2020-05-10T20:25:00.000000000,2020-05-10T22:20:00.000000000,0.07758097645516197,0.37620171904563904,0.5654497146606445,16.888227462768555,0.027855169582908956,0.005337915341847981,0.0006413492254828626,0.16077417532035052,0.00023119790753814434,0.0004270332273478385,5.1307938038629006e-05,0.0007095390729246118,C:\repositories\strawberry\agc_mpc\results\control\summaries\itransformer_co2_residual_gradient_mpc_full_period_anchored_w050_anchored_start01320_24steps_trace.json,-5.5344260156983935,1.523210191334032,17.49533170859894
full_period_anchored_w050,itransformer_co2_residual,0.05,1344,24,2020-05-10T22:25:00.000000000,2020-05-11T00:20:00.000000000,0.05847910977900028,0.29934683442115784,0.9204419255256653,19.051124572753906,0.06441184545466602,0.006852417223570877,9.651115033951907e-05,0.16295537393142207,0.000534618317273728,0.00035404155655116196,7.720892027161525e-06,0.0008963807658520515,C:\repositories\strawberry\agc_mpc\results\control\summaries\itransformer_co2_residual_gradient_mpc_full_period_anchored_w050_anchored_start01344_24steps_trace.json,-7.703701213047928,8.7223194614976,28.662666561461762
full_period_anchored_w050,itransformer_co2_residual,0.05,1368,24,2020-05-11T00:25:00.000000000,2020-05-11T02:20:00.000000000,0.04890125757083297,0.1577448844909668,0.6071097254753113,13.617901802062988,0.077441976973667,0.009865300189206741,3.064325824664617e-05,0.15986776656941926,0.0006427684088814361,0.00039461200756826966,2.451460659731694e-06,0.0010398318771094373,C:\repositories\strawberry\agc_mpc\results\control\summaries\itransformer_co2_residual_gradient_mpc_full_period_anchored_w050_anchored_start01368_24steps_trace.json,-11.15192933476667,6.491684390539773,47.87462800550301
full_period_anchored_w050,itransformer_co2_residual,0.05,1392,24,2020-05-11T02:25:00.000000000,2020-05-11T04:20:00.000000000,0.11005171512564023,0.23923349380493164,0.5676488876342773,48.643768310546875,0.12304289125654944,0.012846407245886482,0.0,0.19416166836500207,0.0010212559974293602,0.0005138562898354593,0.0,0.0015351122872648195,C:\repositories\strawberry\agc_mpc\results\control\summaries\itransformer_co2_residual_gradient_mpc_full_period_anchored_w050_anchored_start01392_24steps_trace.json,-2.2181721633242897,28.047451075216557,38.963404270910615
full_period_anchored_w050,itransformer_co2_residual,0.05,1416,24,2020-05-11T04:25:00.000000000,2020-05-11T06:20:00.000000000,0.18041299438724914,0.2546916902065277,1.0193647146224976,80.77348327636719,0.16318625742129816,0.021123813353688813,0.00011782724419663737,0.22756737598207147,0.0013544459365967749,0.0008449525341475525,9.426179535730989e-06,0.002208824650280058,C:\repositories\strawberry\agc_mpc\results\control\summaries\itransformer_co2_residual_gradient_mpc_full_period_anchored_w050_anchored_start01416_24steps_trace.json,-8.824436156657981,-0.3958897462109644,9.003672275586366
full_period_anchored_w050,itransformer_co2_residual,0.05,1440,24,2020-05-11T06:25:00.000000000,2020-05-11T08:20:00.000000000,0.08820199593901634,0.2049146443605423,1.6406936645507812,3.0918071269989014,0.1383697967958803,0.0,0.0019334688654059984,0.20391289504787063,0.0011484693134058066,0.0,0.00015467750923247987,0.0013031468226382865,C:\repositories\strawberry\agc_mpc\results\control\summaries\itransformer_co2_residual_gradient_mpc_full_period_anchored_w050_anchored_start01440_24steps_trace.json,-3.3482376969953735,8.627689467377506,35.63083648382771
full_period_anchored_w050,itransformer_co2_residual,0.05,1464,24,2020-05-11T08:25:00.000000000,2020-05-11T10:20:00.000000000,0.10528954739371936,0.5494646430015564,1.0068126916885376,4.414286136627197,0.19222982415132256,0.003952232558081499,0.005577207366591074,0.38445824527423533,0.0015955075404559772,0.00031617860464651994,0.0004461765893272859,0.002357862734429783,C:\repositories\strawberry\agc_mpc\results\control\summaries\itransformer_co2_residual_gradient_mpc_full_period_anchored_w050_anchored_start01464_24steps_trace.json,-9.954210752991935,6.589007022666127,34.371995550449185
full_period_anchored_w050,itransformer_co2_residual,0.05,1488,24,2020-05-11T10:25:00.000000000,2020-05-11T12:20:00.000000000,0.09568588606392343,0.701033353805542,0.5189010500907898,6.6775054931640625,0.12133296593282061,0.0,0.010867707980886966,0.6659312239361588,0.0010070636172424111,0.0,0.0008694166384709573,0.0018764802557133685,C:\repositories\strawberry\agc_mpc\results\control\summaries\itransformer_co2_residual_gradient_mpc_full_period_anchored_w050_anchored_start01488_24steps_trace.json,-11.16208583356762,8.874262000702984,19.918843101844562
full_period_anchored_w050,itransformer_co2_residual,0.05,1512,24,2020-05-11T12:25:00.000000000,2020-05-11T14:20:00.000000000,0.08353790299346049,0.345280259847641,0.2937757074832916,7.776273250579834,0.08195635996562231,0.0,0.01397684808898362,0.8283662217277162,0.0006802377877146652,0.0,0.0011181478471186895,0.0017983856348333547,C:\repositories\strawberry\agc_mpc\results\control\summaries\itransformer_co2_residual_gradient_mpc_full_period_anchored_w050_anchored_start01512_24steps_trace.json,-2.862459271080668,1.4520281942607784,30.722577689319635
full_period_anchored_w050,itransformer_co2_residual,0.05,1536,24,2020-05-11T14:25:00.000000000,2020-05-11T16:20:00.000000000,0.08960300187269847,0.41895413398742676,0.733159065246582,5.906064510345459,0.10904005727124602,0.002787301875044848,0.012509070462918461,0.7541158888631956,0.000905032475351342,0.00022298415000358786,0.0010007256370334768,0.0021287422623884064,C:\repositories\strawberry\agc_mpc\results\control\summaries\itransformer_co2_residual_gradient_mpc_full_period_anchored_w050_anchored_start01536_24steps_trace.json,-1.8022329532867774,-3.0273964752025275,40.46183853486676
full_period_anchored_w050,itransformer_co2_residual,0.05,1560,24,2020-05-11T16:25:00.000000000,2020-05-11T18:20:00.000000000,0.13505629977832237,0.4517727792263031,0.34798797965049744,6.885884761810303,0.1193153510695641,0.007146969889188594,0.010074177034005424,0.6143568698992303,0.0009903174138773821,0.0005717575911350875,0.0008059341627204339,0.0023680091677329034,C:\repositories\strawberry\agc_mpc\results\control\summaries\itransformer_co2_residual_gradient_mpc_full_period_anchored_w050_anchored_start01560_24steps_trace.json,5.92197111830376,-4.083098795209212,24.41997442726694
full_period_anchored_w050,itransformer_co2_residual,0.05,1584,24,2020-05-11T18:25:00.000000000,2020-05-11T20:20:00.000000000,0.06647357018664479,0.3657025396823883,0.7605006098747253,4.30780029296875,0.07451277028536307,0.011416761170690565,0.005025454172081787,0.33307354438713555,0.0006184559933685135,0.0009133408936552452,0.0004020363337665429,0.0019338332207903017,C:\repositories\strawberry\agc_mpc\results\control\summaries\itransformer_co2_residual_gradient_mpc_full_period_anchored_w050_anchored_start01584_24steps_trace.json,6.405088852760052,-3.9303628184274464,47.93507341610163
full_period_anchored_w050,itransformer_co2_residual,0.05,1608,24,2020-05-11T20:25:00.000000000,2020-05-11T22:20:00.000000000,0.07760962362711628,0.3893056809902191,0.44307741522789,26.589872360229492,0.03981960668612215,0.007019825377936353,0.000778060739062045,0.1538159775376593,0.00033050273549481386,0.0005615860302349082,6.22448591249636e-05,0.0009543336248546857,C:\repositories\strawberry\agc_mpc\results\control\summaries\itransformer_co2_residual_gradient_mpc_full_period_anchored_w050_anchored_start01608_24steps_trace.json,-12.946929706110366,1.008194409867143,22.423334441297424
full_period_anchored_w050,itransformer_co2_residual,0.05,1632,24,2020-05-11T22:25:00.000000000,2020-05-12T00:20:00.000000000,0.07217491169770558,0.20468497276306152,0.5467192530632019,19.356834411621094,0.06017480254769723,0.0037522860146873144,0.0,0.14799129235395175,0.000499450861145887,0.00019386811075884457,0.0,0.0006933189719047317,C:\repositories\strawberry\agc_mpc\results\control\summaries\itransformer_co2_residual_gradient_mpc_full_period_anchored_w050_anchored_start01632_24steps_trace.json,-18.506612445309226,5.534584288479224,33.04892785794854
full_period_anchored_w050,itransformer_co2_residual,0.05,1656,24,2020-05-12T00:25:00.000000000,2020-05-12T02:20:00.000000000,0.08478042933469017,0.1907004565000534,0.47159257531166077,20.07155418395996,0.08016528038829135,0.004793970682886868,0.0,0.1422295742906513,0.0006653718272228182,0.00019175882731547474,0.0,0.0008571306545382929,C:\repositories\strawberry\agc_mpc\results\control\summaries\itransformer_co2_residual_gradient_mpc_full_period_anchored_w050_anchored_start01656_24steps_trace.json,-6.360994947255111,6.855966936949113,31.698471658538075
full_period_anchored_w050,itransformer_co2_residual,0.05,1680,24,2020-05-12T02:25:00.000000000,2020-05-12T04:20:00.000000000,0.10059423837810755,0.4032566547393799,0.5962514877319336,40.75614929199219,0.12263549160246029,0.012063125214039828,0.0,0.18066962562872307,0.0010178745803004203,0.00048252500856159314,0.0,0.0015003995888620135,C:\repositories\strawberry\agc_mpc\results\control\summaries\itransformer_co2_residual_gradient_mpc_full_period_anchored_w050_anchored_start01680_24steps_trace.json,-4.135248660677041,23.907428776869953,34.3970359654174
full_period_anchored_w050,itransformer_co2_residual,0.05,1704,24,2020-05-12T04:25:00.000000000,2020-05-12T06:20:00.000000000,0.12373937387019396,0.3299504220485687,0.3213996887207031,50.484100341796875,0.10236926962654844,0.01417971187213287,0.0,0.16212962783060603,0.0008496649379003521,0.0005671884748853148,0.0,0.0014168534127856668,C:\repositories\strawberry\agc_mpc\results\control\summaries\itransformer_co2_residual_gradient_mpc_full_period_anchored_w050_anchored_start01704_24steps_trace.json,-14.448532448887324,10.9342376545766,33.32403670946108
full_period_anchored_w050,itransformer_co2_residual,0.05,1728,24,2020-05-12T06:25:00.000000000,2020-05-12T08:20:00.000000000,0.0661337454803288,0.15316049754619598,0.7566048502922058,5.780677795410156,0.10827662227613521,0.0,0.002549495638386256,0.2503596627450049,0.0008986959648919222,0.0,0.00020395965107090048,0.0011026556159628228,C:\repositories\strawberry\agc_mpc\results\control\summaries\itransformer_co2_residual_gradient_mpc_full_period_anchored_w050_anchored_start01728_24steps_trace.json,-3.266650332188994,-0.40446289378281247,35.4776246309285
full_period_anchored_w050,itransformer_co2_residual,0.05,1752,24,2020-05-12T08:25:00.000000000,2020-05-12T10:20:00.000000000,0.09318574331700802,0.3022204339504242,0.5474376678466797,7.244412899017334,0.06555015368985603,0.0,0.0061034555115337405,0.4339279596100705,0.0005440662756258051,0.0,0.00048827644092269923,0.0010323427165485045,C:\repositories\strawberry\agc_mpc\results\control\summaries\itransformer_co2_residual_gradient_mpc_full_period_anchored_w050_anchored_start01752_24steps_trace.json,-10.019795241054785,-6.186058269904125,23.95095197864288
full_period_anchored_w050,itransformer_co2_residual,0.05,1776,24,2020-05-12T10:25:00.000000000,2020-05-12T12:20:00.000000000,0.11459942782918613,0.36634722352027893,0.39636263251304626,5.198397159576416,0.08339003383427897,0.0,0.005991593958933651,0.4244730489766425,0.0006921372808245154,0.0,0.0004793275167146921,0.0011714647975392075,C:\repositories\strawberry\agc_mpc\results\control\summaries\itransformer_co2_residual_gradient_mpc_full_period_anchored_w050_anchored_start01776_24steps_trace.json,-40.30679288492235,-20.11586239400732,9.247330493333488
full_period_anchored_w050,itransformer_co2_residual,0.05,1800,24,2020-05-12T12:25:00.000000000,2020-05-12T14:20:00.000000000,0.1382696876923243,0.5084559917449951,0.924669086933136,6.118955135345459,0.14492301246392164,0.01364503133262674,0.0076459193736180524,0.5351199844239616,0.0012028610034505497,0.0010916025066101394,0.0006116735498894442,0.002906137059950133,C:\repositories\strawberry\agc_mpc\results\control\summaries\itransformer_co2_residual_gradient_mpc_full_period_anchored_w050_anchored_start01800_24steps_trace.json,14.600425958444916,-6.377720014614916,30.843553508526522
full_period_anchored_w050,itransformer_co2_residual,0.05,1824,24,2020-05-12T14:25:00.000000000,2020-05-12T16:20:00.000000000,0.09524853962163131,0.4789086878299713,1.0159821510314941,11.073307991027832,0.052946598318495255,0.0,0.011006476456917786,0.6974515199481726,0.00043945676604351065,0.0,0.0008805181165534229,0.0013199748825969335,C:\repositories\strawberry\agc_mpc\results\control\summaries\itransformer_co2_residual_gradient_mpc_full_period_anchored_w050_anchored_start01824_24steps_trace.json,-0.932331198496767,1.9597421116507519,31.396661418764744
full_period_anchored_w050,itransformer_co2_residual,0.05,1848,24,2020-05-12T16:25:00.000000000,2020-05-12T18:20:00.000000000,0.11303858179599047,0.5534608364105225,0.6057321429252625,8.601305961608887,0.13963753341689455,0.006299298904794197,0.010082156742574386,0.6265453065672535,0.0011589915273602248,0.0005039439123835358,0.0008065725394059509,0.002469507979149711,C:\repositories\strawberry\agc_mpc\results\control\summaries\itransformer_co2_residual_gradient_mpc_full_period_anchored_w050_anchored_start01848_24steps_trace.json,-6.010008879742713,-1.318046428137289,34.56846963391085
full_period_anchored_w050,itransformer_co2_residual,0.05,1872,24,2020-05-12T18:25:00.000000000,2020-05-12T20:20:00.000000000,0.05921150417998433,0.28549447655677795,0.6118203997612,4.135523319244385,0.11404963117645174,0.007241232918756189,0.004095066415204036,0.31246629514989416,0.0009466119387645495,0.0005792986335004951,0.00032760531321632285,0.0018535158854813673,C:\repositories\strawberry\agc_mpc\results\control\summaries\itransformer_co2_residual_gradient_mpc_full_period_anchored_w050_anchored_start01872_24steps_trace.json,-1.071750236291493,8.078892615241669,51.156011065737495
full_period_anchored_w050,itransformer_co2_residual,0.05,1896,24,2020-05-12T20:25:00.000000000,2020-05-12T22:20:00.000000000,0.13098616370310387,0.5311543345451355,0.41022491455078125,21.592208862304688,0.047238077705072656,0.003542671810573365,0.001427524538208868,0.1481294466142089,0.00039207604495210307,0.0002834137448458692,0.00011420196305670944,0.0007896917528546817,C:\repositories\strawberry\agc_mpc\results\control\summaries\itransformer_co2_residual_gradient_mpc_full_period_anchored_w050_anchored_start01896_24steps_trace.json,-40.933298926584335,0.5419415896740144,16.544281203858414
full_period_anchored_w050,itransformer_co2_residual,0.05,1920,24,2020-05-12T22:25:00.000000000,2020-05-13T00:20:00.000000000,0.1224548863247037,0.4539722502231598,0.45545926690101624,20.91472053527832,0.07307311209397604,0.008272286204865205,0.0010229007394848989,0.16631017999337547,0.0006065068303800011,0.0004274014539180356,8.18320591587919e-05,0.0011157403434568286,C:\repositories\strawberry\agc_mpc\results\control\summaries\itransformer_co2_residual_gradient_mpc_full_period_anchored_w050_anchored_start01920_24steps_trace.json,-12.406347376643803,-1.4883737393774221,20.414015806008656
full_period_anchored_w050,itransformer_co2_residual,0.05,1944,24,2020-05-13T00:25:00.000000000,2020-05-13T02:20:00.000000000,0.12773384960989156,0.2867372930049896,0.41860929131507874,26.398588180541992,0.0921317066215366,0.01217326948522247,0.0007760947755441675,0.17128350556664243,0.0007646931649587538,0.0004869307794088988,6.20875820435334e-05,0.0013137115264111859,C:\repositories\strawberry\agc_mpc\results\control\summaries\itransformer_co2_residual_gradient_mpc_full_period_anchored_w050_anchored_start01944_24steps_trace.json,-14.929460108276047,2.133538085532501,21.79298986502735
full_period_anchored_w050,itransformer_co2_residual,0.05,1968,24,2020-05-13T02:25:00.000000000,2020-05-13T04:20:00.000000000,0.16318323276937008,0.5000507831573486,0.6233603358268738,45.23598098754883,0.11672762843087467,0.02186047064841254,0.0009659125881729664,0.1936224935393639,0.0009688393159762598,0.0008744188259365016,7.727300705383731e-05,0.0019205311489665987,C:\repositories\strawberry\agc_mpc\results\control\summaries\itransformer_co2_residual_gradient_mpc_full_period_anchored_w050_anchored_start01968_24steps_trace.json,-14.160403037707386,6.830524615763959,19.049433112697603
full_period_anchored_w050,itransformer_co2_residual,0.05,1992,24,2020-05-13T04:25:00.000000000,2020-05-13T06:20:00.000000000,0.16710539317379394,0.3455673158168793,0.7865705490112305,41.281185150146484,0.09780209281160353,0.03518818152872337,0.0012923017881424366,0.1895394305262494,0.0008117573703363093,0.0014075272611489347,0.00010338414305139493,0.0023226687745366388,C:\repositories\strawberry\agc_mpc\results\control\summaries\itransformer_co2_residual_gradient_mpc_full_period_anchored_w050_anchored_start01992_24steps_trace.json,-11.415652408105926,4.437043367234921,18.5879185684445
full_period_anchored_w050,itransformer_co2_residual,0.05,2016,24,2020-05-13T06:25:00.000000000,2020-05-13T08:20:00.000000000,0.059923321940004826,0.08076588064432144,0.7019831538200378,6.528541564941406,0.08997503822250064,0.0,0.003098024294323133,0.2626093665887701,0.0007467928172467553,0.0,0.00024784194354585066,0.0009946347607926059,C:\repositories\strawberry\agc_mpc\results\control\summaries\itransformer_co2_residual_gradient_mpc_full_period_anchored_w050_anchored_start02016_24steps_trace.json,-2.544175068263374,1.8110928544998315,47.07581669833195
full_period_anchored_w050,itransformer_co2_residual,0.05,2040,24,2020-05-13T08:25:00.000000000,2020-05-13T10:20:00.000000000,0.07517396612092853,0.24114973843097687,1.6153281927108765,6.522740840911865,0.1515280845980137,0.0,0.0036191631830469508,0.34460728861572454,0.0012576831021635137,0.0,0.00028953305464375607,0.0015472161568072698,C:\repositories\strawberry\agc_mpc\results\control\summaries\itransformer_co2_residual_gradient_mpc_full_period_anchored_w050_anchored_start02040_24steps_trace.json,-10.825763981958659,1.8000489830509863,29.476476838733152
full_period_anchored_w050,itransformer_co2_residual,0.05,2064,24,2020-05-13T10:25:00.000000000,2020-05-13T12:20:00.000000000,0.06989333002517621,0.30190029740333557,0.8246176838874817,4.428945064544678,0.0966897529566284,0.0,0.0067850149801656524,0.4962323483934661,0.0008025249495400157,0.0,0.0005428011984132522,0.001345326147953268,C:\repositories\strawberry\agc_mpc\results\control\summaries\itransformer_co2_residual_gradient_mpc_full_period_anchored_w050_anchored_start02064_24steps_trace.json,-35.70439146027947,-22.296704170978906,23.53826186335224
full_period_anchored_w050,itransformer_co2_residual,0.05,2088,24,2020-05-13T12:25:00.000000000,2020-05-13T14:20:00.000000000,0.08605266812567909,0.6395960450172424,0.7343594431877136,7.581636905670166,0.10629932898919266,0.012574523240024657,0.007905712391979035,0.5362053507632525,0.000882284430610299,0.0010059618592019727,0.0006324569913583228,0.0025207032811705946,C:\repositories\strawberry\agc_mpc\results\control\summaries\itransformer_co2_residual_gradient_mpc_full_period_anchored_w050_anchored_start02088_24steps_trace.json,12.263733710781723,-5.332189608016667,43.64038935128024
full_period_anchored_w050,itransformer_co2_residual,0.05,2112,24,2020-05-13T14:25:00.000000000,2020-05-13T16:20:00.000000000,0.114181037992239,0.7234559059143066,1.2438911199569702,6.6656341552734375,0.10920694024782215,0.00410938864723632,0.008938495161926808,0.5782870856089868,0.0009064176040569239,0.0003287510917789056,0.0007150796129541447,0.0019502483087899742,C:\repositories\strawberry\agc_mpc\results\control\summaries\itransformer_co2_residual_gradient_mpc_full_period_anchored_w050_anchored_start02112_24steps_trace.json,-11.93472497668689,1.1069154149978069,27.027800756824917
full_period_anchored_w050,itransformer_co2_residual,0.05,2136,24,2020-05-13T16:25:00.000000000,2020-05-13T18:20:00.000000000,0.12812930687020221,0.5998532772064209,0.9701309204101562,6.8618950843811035,0.11622589085009907,0.0,0.008298755934978226,0.5343755462675148,0.0009646748940558223,0.0,0.0006639004747982581,0.0016285753688540805,C:\repositories\strawberry\agc_mpc\results\control\summaries\itransformer_co2_residual_gradient_mpc_full_period_anchored_w050_anchored_start02136_24steps_trace.json,-6.037172672531233,-1.8042226723275028,9.012616549148401
full_period_anchored_w050,itransformer_co2_residual,0.05,2160,24,2020-05-13T18:25:00.000000000,2020-05-13T20:20:00.000000000,0.06505206568787496,0.47449278831481934,0.7025248408317566,4.722910404205322,0.05714852732119319,0.0,0.0033641751189939133,0.28139775788601984,0.00047433277676590344,0.0,0.0002691340095195131,0.0007434667862854165,C:\repositories\strawberry\agc_mpc\results\control\summaries\itransformer_co2_residual_gradient_mpc_full_period_anchored_w050_anchored_start02160_24steps_trace.json,-0.12124157740324593,1.787377645431959,28.300802105288597
full_period_anchored_w050,itransformer_co2_residual,0.05,2184,24,2020-05-13T20:25:00.000000000,2020-05-13T22:20:00.000000000,0.08018047300477822,0.34157586097717285,0.5877911448478699,9.66991901397705,0.06644815354395349,0.0,0.00038882658538942204,0.16442477315788925,0.0005515196744148139,0.0,3.1106126831153764e-05,0.0005826258012459677,C:\repositories\strawberry\agc_mpc\results\control\summaries\itransformer_co2_residual_gradient_mpc_full_period_anchored_w050_anchored_start02184_24steps_trace.json,-14.075472699706634,5.403150500282281,28.270635478288263
full_period_anchored_w050,itransformer_co2_residual,0.05,2208,24,2020-05-13T22:25:00.000000000,2020-05-14T00:20:00.000000000,0.03725077809455494,0.13506944477558136,0.5447444915771484,15.439557075500488,0.06294218330056647,0.0,0.0,0.1204825877854063,0.0005224201213947017,0.0,0.0,0.0005224201213947017,C:\repositories\strawberry\agc_mpc\results\control\summaries\itransformer_co2_residual_gradient_mpc_full_period_anchored_w050_anchored_start02208_24steps_trace.json,-4.6849215297692375,11.521889105302948,58.90676194588642
full_period_anchored_w050,itransformer_co2_residual,0.05,2232,24,2020-05-14T00:25:00.000000000,2020-05-14T02:20:00.000000000,0.04585142262900869,0.12390526384115219,0.5346625447273254,11.930516242980957,0.0874136429579936,0.0,0.0,0.12237720852652981,0.0007255332365513469,0.0,0.0,0.0007255332365513469,C:\repositories\strawberry\agc_mpc\results\control\summaries\itransformer_co2_residual_gradient_mpc_full_period_anchored_w050_anchored_start02232_24steps_trace.json,-4.309495161360304,13.137301255411757,55.73482676113217
full_period_anchored_w050,itransformer_co2_residual,0.05,2256,24,2020-05-14T02:25:00.000000000,2020-05-14T04:20:00.000000000,0.12224891533454259,0.47729769349098206,1.1309458017349243,47.52085876464844,0.1390431740444958,1.543197045541625e-05,0.0,0.16840467348992544,0.001154058344569315,6.172788182166501e-07,0.0,0.0011546756233875317,C:\repositories\strawberry\agc_mpc\results\control\summaries\itransformer_co2_residual_gradient_mpc_full_period_anchored_w050_anchored_start02256_24steps_trace.json,12.698431084305401,87.79934444468313,47.18158047924372
full_period_anchored_w050,itransformer_co2_residual,0.05,2280,24,2020-05-14T04:25:00.000000000,2020-05-14T06:20:00.000000000,0.18192165282865366,0.7388222813606262,1.913095474243164,89.9831314086914,0.17510908191058863,0.008169756611869675,0.0,0.19908583340270952,0.0014534053798578857,0.000326790264474787,0.0,0.0017801956443326728,C:\repositories\strawberry\agc_mpc\results\control\summaries\itransformer_co2_residual_gradient_mpc_full_period_anchored_w050_anchored_start02280_24steps_trace.json,23.08859575670175,54.24610795425009,30.45711266001923
full_period_anchored_w050,itransformer_co2_residual,0.05,2304,24,2020-05-14T06:25:00.000000000,2020-05-14T08:20:00.000000000,0.060088918544352055,0.08958975225687027,0.9699319005012512,4.109466552734375,0.11246627989953313,0.0,0.0021552507805222307,0.24307294918737532,0.000933470123166125,0.0,0.00017242006244177845,0.0011058901856079034,C:\repositories\strawberry\agc_mpc\results\control\summaries\itransformer_co2_residual_gradient_mpc_full_period_anchored_w050_anchored_start02304_24steps_trace.json,-1.5782084328287416,5.929158464228191,38.18467825407859
full_period_anchored_w050,itransformer_co2_residual,0.05,2328,24,2020-05-14T08:25:00.000000000,2020-05-14T10:20:00.000000000,0.08041543575624625,0.19774150848388672,0.6802339553833008,5.1107964515686035,0.08444562008687341,0.0,0.0058710871414665855,0.47263939522416215,0.0007008986467210494,0.0,0.00046968697131732684,0.0011705856180383761,C:\repositories\strawberry\agc_mpc\results\control\summaries\itransformer_co2_residual_gradient_mpc_full_period_anchored_w050_anchored_start02328_24steps_trace.json,-15.459510253377198,1.3231229831667242,28.52181967690551
full_period_anchored_w050,itransformer_co2_residual,0.05,2352,24,2020-05-14T10:25:00.000000000,2020-05-14T12:20:00.000000000,0.14425821136683226,0.4708541929721832,0.6265363693237305,6.624104976654053,0.10981907006645178,0.0,0.00542446484915244,0.4851045297275001,0.0009114982815515498,0.0,0.0004339571879321952,0.001345455469483745,C:\repositories\strawberry\agc_mpc\results\control\summaries\itransformer_co2_residual_gradient_mpc_full_period_anchored_w050_anchored_start02352_24steps_trace.json,0.25197630595123516,22.301734229031204,17.964384847596747
full_period_anchored_w050,itransformer_co2_residual,0.05,2376,24,2020-05-14T12:25:00.000000000,2020-05-14T14:20:00.000000000,0.21644729500015578,0.5704488158226013,1.1701074838638306,16.42134666442871,0.06860529106042265,0.005760744293229406,0.006030418819769262,0.5273577899464804,0.000569423915801508,0.00046085954345835247,0.000482433505581541,0.0015127169648414015,C:\repositories\strawberry\agc_mpc\results\control\summaries\itransformer_co2_residual_gradient_mpc_full_period_anchored_w050_anchored_start02376_24steps_trace.json,-5.415244470914516,-4.863043133061889,9.051520201022836
full_period_anchored_w050,itransformer_co2_residual,0.05,2400,24,2020-05-14T14:25:00.000000000,2020-05-14T16:20:00.000000000,0.34009672080477077,0.9546516537666321,4.118402004241943,81.2448501586914,0.06679674037918676,0.0,0.01099206811471211,0.819740522261168,0.0005544129451472501,0.0,0.0008793654491769688,0.0014337783943242188,C:\repositories\strawberry\agc_mpc\results\control\summaries\itransformer_co2_residual_gradient_mpc_full_period_anchored_w050_anchored_start02400_24steps_trace.json,-3.507821190877167,0.9554765105506753,0.5798082404964249
full_period_anchored_w050,itransformer_co2_residual,0.05,2424,24,2020-05-14T16:25:00.000000000,2020-05-14T18:20:00.000000000,0.1735766058166822,1.292693018913269,2.7105162143707275,23.767480850219727,0.03072550834797294,0.0,0.009442683143281371,0.6209272480827912,0.00025502171928817543,0.0,0.0007554146514625097,0.0010104363707506851,C:\repositories\strawberry\agc_mpc\results\control\summaries\itransformer_co2_residual_gradient_mpc_full_period_anchored_w050_anchored_start02424_24steps_trace.json,-4.840804601033055,1.373961976928952,8.549892286347207
full_period_anchored_w050,itransformer_co2_residual,0.05,2448,24,2020-05-14T18:25:00.000000000,2020-05-14T20:20:00.000000000,0.04670032486319542,0.4957050383090973,0.46007537841796875,1.7736765146255493,0.05695038077973587,0.0,0.004713618048035502,0.3532010956934918,0.0004726881604718077,0.0,0.0003770894438428402,0.0008497776043146479,C:\repositories\strawberry\agc_mpc\results\control\summaries\itransformer_co2_residual_gradient_mpc_full_period_anchored_w050_anchored_start02448_24steps_trace.json,-1.76814411253123,-10.656348719101642,50.36711253219527
full_period_anchored_w050,itransformer_co2_residual,0.05,2472,24,2020-05-14T20:25:00.000000000,2020-05-14T22:20:00.000000000,0.07825986808165908,0.3522980213165283,0.34959283471107483,16.0881404876709,0.047984792386721487,0.0,0.0003891619228472995,0.15301912522548328,0.00039827377680978836,0.0,3.113295382778396e-05,0.0004294067306375723,C:\repositories\strawberry\agc_mpc\results\control\summaries\itransformer_co2_residual_gradient_mpc_full_period_anchored_w050_anchored_start02472_24steps_trace.json,-2.979160430899943,5.372066945865953,22.443351126979213
full_period_anchored_w050,itransformer_co2_residual,0.05,2496,24,2020-05-14T22:25:00.000000000,2020-05-15T00:20:00.000000000,0.08387195070584615,0.20656943321228027,0.5635878443717957,18.511978149414062,0.07676850747300523,0.0,0.0,0.12729195323430365,0.0006371786120259435,0.0,0.0,0.0006371786120259435,C:\repositories\strawberry\agc_mpc\results\control\summaries\itransformer_co2_residual_gradient_mpc_full_period_anchored_w050_anchored_start02496_24steps_trace.json,-15.762478885713236,3.244767530857933,28.22352599326011
full_period_anchored_w050,itransformer_co2_residual,0.05,2520,24,2020-05-15T00:25:00.000000000,2020-05-15T02:20:00.000000000,0.03978133535323044,0.1245637759566307,1.6640424728393555,17.873186111450195,0.09807481360263809,0.0,0.0,0.13364040439687572,0.0008140209529018961,0.0,0.0,0.0008140209529018961,C:\repositories\strawberry\agc_mpc\results\control\summaries\itransformer_co2_residual_gradient_mpc_full_period_anchored_w050_anchored_start02520_24steps_trace.json,-29.424602870854454,2.0731174765480764,53.393713486653674
full_period_anchored_w050,itransformer_co2_residual,0.05,2544,24,2020-05-15T02:25:00.000000000,2020-05-15T04:20:00.000000000,0.12532702926546335,0.41043829917907715,1.6951020956039429,55.3915901184082,0.10859408226927193,0.0,0.0,0.1379273842857415,0.000901330882834957,0.0,0.0,0.000901330882834957,C:\repositories\strawberry\agc_mpc\results\control\summaries\itransformer_co2_residual_gradient_mpc_full_period_anchored_w050_anchored_start02544_24steps_trace.json,-3.456883807313144,71.73411734985447,48.57272384945801
full_period_anchored_w050,itransformer_co2_residual,0.05,2568,24,2020-05-15T04:25:00.000000000,2020-05-15T06:20:00.000000000,0.1361598844329516,0.5807189345359802,2.0503714084625244,70.39519500732422,0.1543468693453735,0.0010867720774646497,0.0,0.16476978283803972,0.0012810790155666002,4.3470883098585986e-05,0.0,0.001324549898665186,C:\repositories\strawberry\agc_mpc\results\control\summaries\itransformer_co2_residual_gradient_mpc_full_period_anchored_w050_anchored_start02568_24steps_trace.json,-5.534885149162693,19.313234127180404,25.159093331726943
full_period_anchored_w050,itransformer_co2_residual,0.05,2592,24,2020-05-15T06:25:00.000000000,2020-05-15T08:20:00.000000000,0.04736017466833194,0.09048271179199219,1.1617025136947632,5.612943172454834,0.12619695020587635,0.0,0.0018680831463216445,0.2464502701485061,0.0010474346867087737,0.0,0.00014944665170573155,0.0011968813384145053,C:\repositories\strawberry\agc_mpc\results\control\summaries\itransformer_co2_residual_gradient_mpc_full_period_anchored_w050_anchored_start02592_24steps_trace.json,-5.290735594123596,4.968641461115028,60.9495932890163
full_period_anchored_w050,itransformer_co2_residual,0.05,2616,24,2020-05-15T08:25:00.000000000,2020-05-15T10:20:00.000000000,0.06607513036578894,0.3620278835296631,0.5215050578117371,5.031227111816406,0.10330475796644378,0.0,0.006423281689294688,0.5078007182621358,0.0008574294911214834,0.0,0.000513862535143575,0.0013712920262650584,C:\repositories\strawberry\agc_mpc\results\control\summaries\itransformer_co2_residual_gradient_mpc_full_period_anchored_w050_anchored_start02616_24steps_trace.json,-4.617079798329265,12.598819122161778,41.19368587089017
full_period_anchored_w050,itransformer_co2_residual,0.05,2640,24,2020-05-15T10:25:00.000000000,2020-05-15T12:20:00.000000000,0.14239241555333138,0.7547907829284668,0.8932206034660339,23.14276695251465,0.10361287995786564,0.00581919373396022,0.00797301487755419,0.6766440016098629,0.0008599869036502848,0.0004655354987168176,0.0006378411902043351,0.0019633635925714373,C:\repositories\strawberry\agc_mpc\results\control\summaries\itransformer_co2_residual_gradient_mpc_full_period_anchored_w050_anchored_start02640_24steps_trace.json,-13.436303820820445,9.031514022981359,23.5448617184774
full_period_anchored_w050,itransformer_co2_residual,0.05,2664,24,2020-05-15T12:25:00.000000000,2020-05-15T14:20:00.000000000,0.10524395760148764,0.46591997146606445,1.2466074228286743,35.96403121948242,0.017780416527626467,0.0,0.008340017081202392,0.6726578215505288,0.00014757745717929968,0.0,0.0006672013664961913,0.000814778823675491,C:\repositories\strawberry\agc_mpc\results\control\summaries\itransformer_co2_residual_gradient_mpc_full_period_anchored_w050_anchored_start02664_24steps_trace.json,-4.459400877648277,-3.665604692346765,9.815363770943978
full_period_anchored_w050,itransformer_co2_residual,0.05,2688,24,2020-05-15T14:25:00.000000000,2020-05-15T16:20:00.000000000,0.1262592546020945,0.8159492015838623,1.727107048034668,29.868627548217773,0.08062705125102071,0.010306349109471279,0.010837478488881608,0.8055533272396725,0.0006692045253834719,0.0008245079287577023,0.0008669982791105286,0.0023607107332517027,C:\repositories\strawberry\agc_mpc\results\control\summaries\itransformer_co2_residual_gradient_mpc_full_period_anchored_w050_anchored_start02688_24steps_trace.json,-19.04083742443677,-6.5018833946205055,25.26921686107448
full_period_anchored_w050,itransformer_co2_residual,0.05,2712,24,2020-05-15T16:25:00.000000000,2020-05-15T18:20:00.000000000,0.08445031599452098,0.5004351735115051,0.41876378655433655,19.170167922973633,0.06616586353387534,0.0,0.007463188212373963,0.5804143723215608,0.0005491766673311653,0.0,0.000597055056989917,0.0011462317243210824,C:\repositories\strawberry\agc_mpc\results\control\summaries\itransformer_co2_residual_gradient_mpc_full_period_anchored_w050_anchored_start02712_24steps_trace.json,-18.008552801311872,7.81221322442293,26.28403507675225
full_period_anchored_w050,itransformer_co2_residual,0.05,2736,24,2020-05-15T18:25:00.000000000,2020-05-15T20:20:00.000000000,0.0680404029165705,0.35851725935935974,0.45832109451293945,2.2595672607421875,0.014357676760092817,0.0,0.004613640604593161,0.3455912422539329,0.00011916871710877038,0.0,0.00036909124836745285,0.0004882599654762232,C:\repositories\strawberry\agc_mpc\results\control\summaries\itransformer_co2_residual_gradient_mpc_full_period_anchored_w050_anchored_start02736_24steps_trace.json,-2.1232269689425785,16.846592206797233,33.78133100935831
full_period_anchored_w050,itransformer_co2_residual,0.05,2760,24,2020-05-15T20:25:00.000000000,2020-05-15T22:20:00.000000000,0.05721358582377434,0.44121822714805603,0.4208393096923828,21.354080200195312,0.008360034099911743,0.0016418234157404151,1.873040921116777e-05,0.17481632559746413,6.938828302926747e-05,0.0001313458732592332,1.4984327368934216e-06,0.0002022325890253941,C:\repositories\strawberry\agc_mpc\results\control\summaries\itransformer_co2_residual_gradient_mpc_full_period_anchored_w050_anchored_start02760_24steps_trace.json,-70.15394642617682,1.9631829428582253,24.919118295103463
full_period_anchored_w050,itransformer_co2_residual,0.05,2784,24,2020-05-15T22:25:00.000000000,2020-05-16T00:20:00.000000000,0.04769096445913116,0.11162575334310532,0.4557777941226959,14.526077270507812,0.0034853794577022756,0.0,0.0,0.12653757785312414,2.8928649498928888e-05,0.0,0.0,2.8928649498928888e-05,C:\repositories\strawberry\agc_mpc\results\control\summaries\itransformer_co2_residual_gradient_mpc_full_period_anchored_w050_anchored_start02784_24steps_trace.json,-44.5894851399434,9.549045501088644,33.14433596934506
full_period_anchored_w050,itransformer_co2_residual,0.05,2808,24,2020-05-16T00:25:00.000000000,2020-05-16T02:20:00.000000000,0.06557118038957317,0.21287886798381805,0.6450745463371277,14.451057434082031,0.03467494435014149,0.0,0.0,0.13834060085851374,0.0002878020381061744,0.0,0.0,0.0002878020381061744,C:\repositories\strawberry\agc_mpc\results\control\summaries\itransformer_co2_residual_gradient_mpc_full_period_anchored_w050_anchored_start02808_24steps_trace.json,-30.11834525917374,3.1861525878437256,35.800077178029504
full_period_anchored_w050,itransformer_co2_residual,0.05,2832,24,2020-05-16T02:25:00.000000000,2020-05-16T04:20:00.000000000,0.08912571473047137,0.2940128743648529,0.588921844959259,16.948423385620117,0.08169824551937731,0.0030173990818105714,7.36343460163873e-05,0.16133240203477928,0.0006780954378108316,0.00012069596327242285,5.890747681310985e-06,0.0008046821487645655,C:\repositories\strawberry\agc_mpc\results\control\summaries\itransformer_co2_residual_gradient_mpc_full_period_anchored_w050_anchored_start02832_24steps_trace.json,-13.850747147494397,2.5829245707661137,29.390073568711987
full_period_anchored_w050,itransformer_co2_residual,0.05,2856,24,2020-05-16T04:25:00.000000000,2020-05-16T06:20:00.000000000,0.1218607119905452,0.3855849802494049,0.47347894310951233,33.184513092041016,0.1231915979025193,0.01140489340420239,0.0006395651706034964,0.2037729383243957,0.0010224902625909102,0.0004561957361680956,5.1165213648279714e-05,0.0015298512124072856,C:\repositories\strawberry\agc_mpc\results\control\summaries\itransformer_co2_residual_gradient_mpc_full_period_anchored_w050_anchored_start02856_24steps_trace.json,-11.139647212098671,20.957496177113573,25.66285829203021
full_period_anchored_w050,itransformer_co2_residual,0.05,2880,24,2020-05-16T06:25:00.000000000,2020-05-16T08:20:00.000000000,0.049774854288746916,0.11064282804727554,0.6754010319709778,6.536768436431885,0.07829932079473134,0.0,0.0030197061367756664,0.2493331155309369,0.0006498843625962702,0.0,0.0002415764909420533,0.0008914608535383235,C:\repositories\strawberry\agc_mpc\results\control\summaries\itransformer_co2_residual_gradient_mpc_full_period_anchored_w050_anchored_start02880_24steps_trace.json,-2.744373959666763,17.845966177926936,59.72346385965267
full_period_anchored_w050,itransformer_co2_residual,0.05,2904,24,2020-05-16T08:25:00.000000000,2020-05-16T10:20:00.000000000,0.06166816999514898,0.33721017837524414,0.5073944926261902,1.6977895498275757,0.08184451313680019,0.0,0.006331747268170752,0.44402407906752805,0.0006793094590354416,0.0,0.0005065397814536601,0.0011858492404891018,C:\repositories\strawberry\agc_mpc\results\control\summaries\itransformer_co2_residual_gradient_mpc_full_period_anchored_w050_anchored_start02904_24steps_trace.json,-7.276863607162462,1.7569792788475658,50.68063848804136
full_period_anchored_w050,itransformer_co2_residual,0.05,2928,24,2020-05-16T10:25:00.000000000,2020-05-16T12:20:00.000000000,0.09554884334405263,0.5495398640632629,0.37280622124671936,39.1644172668457,0.06410923633470388,0.011132112919239923,0.00823771637583731,0.600405525253334,0.0005321066615780422,0.0008905690335391939,0.0006590173100669848,0.002081693005184221,C:\repositories\strawberry\agc_mpc\results\control\summaries\itransformer_co2_residual_gradient_mpc_full_period_anchored_w050_anchored_start02928_24steps_trace.json,-17.78257698651628,7.003419367829677,25.8313289274732
full_period_anchored_w050,itransformer_co2_residual,0.05,2952,24,2020-05-16T12:25:00.000000000,2020-05-16T14:20:00.000000000,0.07999207824468613,0.3095501959323883,0.8556649088859558,22.72239112854004,0.050709604232088104,0.0,0.008477594153856391,0.611805458610547,0.0004208897151263313,0.0,0.0006782075323085113,0.0010990972474348426,C:\repositories\strawberry\agc_mpc\results\control\summaries\itransformer_co2_residual_gradient_mpc_full_period_anchored_w050_anchored_start02952_24steps_trace.json,-1.9287235612031173,-4.54454911472913,27.199997079567584
full_period_anchored_w050,itransformer_co2_residual,0.05,2976,24,2020-05-16T14:25:00.000000000,2020-05-16T16:20:00.000000000,0.09243653900921345,0.44586381316185,0.6432177424430847,19.07981300354004,0.073651970773265,0.0,0.008448294153589195,0.6169396641832512,0.0006113113574180996,0.0,0.0006758635322871357,0.0012871748897052351,C:\repositories\strawberry\agc_mpc\results\control\summaries\itransformer_co2_residual_gradient_mpc_full_period_anchored_w050_anchored_start02976_24steps_trace.json,-3.6972932154449523,1.4135606812123214,30.32507214321286
full_period_anchored_w050,itransformer_co2_residual,0.05,3000,24,2020-05-16T16:25:00.000000000,2020-05-16T18:20:00.000000000,0.0785461872195204,0.534381091594696,0.560339629650116,4.911228179931641,0.08978305136510906,0.0,0.00601632868301551,0.4375156105417289,0.0007451993263304052,0.0,0.0004813062946412408,0.001226505620971646,C:\repositories\strawberry\agc_mpc\results\control\summaries\itransformer_co2_residual_gradient_mpc_full_period_anchored_w050_anchored_start03000_24steps_trace.json,-2.6592519729765125,7.209923993480129,30.757348327215933
full_period_anchored_w050,itransformer_co2_residual,0.05,3024,24,2020-05-16T18:25:00.000000000,2020-05-16T20:20:00.000000000,0.051299134424577154,0.2553676664829254,0.3898065984249115,3.123013734817505,0.01968462028378832,0.0,0.004254004216610218,0.31633055879960487,0.00016338234835544305,0.0,0.00034032033732881746,0.0005037026856842605,C:\repositories\strawberry\agc_mpc\results\control\summaries\itransformer_co2_residual_gradient_mpc_full_period_anchored_w050_anchored_start03024_24steps_trace.json,-3.1133860951744126,-3.302583114361212,40.77924297494479
full_period_anchored_w050,itransformer_co2_residual,0.05,3048,24,2020-05-16T20:25:00.000000000,2020-05-16T22:20:00.000000000,0.0843249197738866,0.31826043128967285,0.5626652836799622,33.612064361572266,0.03472480901113048,0.0,0.00048636019779497395,0.15651461289308483,0.000288215914792383,0.0,3.8908815823597914e-05,0.0003271247306159809,C:\repositories\strawberry\agc_mpc\results\control\summaries\itransformer_co2_residual_gradient_mpc_full_period_anchored_w050_anchored_start03048_24steps_trace.json,-4.795932167871581,0.6088345581350738,23.017540150900828
full_period_anchored_w050,itransformer_co2_residual,0.05,3072,24,2020-05-16T22:25:00.000000000,2020-05-17T00:20:00.000000000,0.06424865452572703,0.17221784591674805,0.4823509752750397,16.032325744628906,0.024032210336117965,0.0,0.0,0.12160672285491192,0.0001994673457897791,0.0,0.0,0.0001994673457897791,C:\repositories\strawberry\agc_mpc\results\control\summaries\itransformer_co2_residual_gradient_mpc_full_period_anchored_w050_anchored_start03072_24steps_trace.json,-6.955708253640829,3.341597860324965,35.47135416448047
full_period_anchored_w050,itransformer_co2_residual,0.05,3096,24,2020-05-17T00:25:00.000000000,2020-05-17T02:20:00.000000000,0.08547038678079844,0.26824498176574707,0.45835623145103455,20.182174682617188,0.04650039399263585,0.0,0.0,0.12528643291909758,0.00038595327013887754,0.0,0.0,0.00038595327013887754,C:\repositories\strawberry\agc_mpc\results\control\summaries\itransformer_co2_residual_gradient_mpc_full_period_anchored_w050_anchored_start03096_24steps_trace.json,-3.095954702045842,6.695992101008994,29.681314372598955
full_period_anchored_w050,itransformer_co2_residual,0.05,3120,24,2020-05-17T02:25:00.000000000,2020-05-17T04:20:00.000000000,0.10190459759905934,0.2983614504337311,0.552745521068573,19.674074172973633,0.08276677742681397,0.0019017974514941548,0.0003858810480795314,0.15299230428435115,0.0006869642526425559,7.60718980597662e-05,3.087048384636251e-05,0.0007939066345486847,C:\repositories\strawberry\agc_mpc\results\control\summaries\itransformer_co2_residual_gradient_mpc_full_period_anchored_w050_anchored_start03120_24steps_trace.json,-11.428058830524087,-1.2765571756978842,27.3145200996084
full_period_anchored_w050,itransformer_co2_residual,0.05,3144,24,2020-05-17T04:25:00.000000000,2020-05-17T06:20:00.000000000,0.1282979535559813,0.4216271936893463,0.3482748568058014,32.10491180419922,0.1364143321758208,0.012308837371392971,0.0011094675544968961,0.2200631696074376,0.0011322389570593127,0.0004923534948557189,8.875740435975169e-05,0.0017133498562747834,C:\repositories\strawberry\agc_mpc\results\control\summaries\itransformer_co2_residual_gradient_mpc_full_period_anchored_w050_anchored_start03144_24steps_trace.json,-1.3984457218081958,4.885250853926267,21.00335547103076
full_period_anchored_w050,itransformer_co2_residual,0.05,3168,24,2020-05-17T06:25:00.000000000,2020-05-17T08:20:00.000000000,0.053347048039237656,0.11200118064880371,0.49972566962242126,6.636962890625,0.0842741009204381,0.0,0.00262393596067012,0.2055271206098382,0.0006994750376396363,0.0,0.0002099148768536096,0.0009093899144932459,C:\repositories\strawberry\agc_mpc\results\control\summaries\itransformer_co2_residual_gradient_mpc_full_period_anchored_w050_anchored_start03168_24steps_trace.json,-8.085759610557655,-10.669598068642864,56.22210992076897
full_period_anchored_w050,itransformer_co2_residual,0.05,3192,24,2020-05-17T08:25:00.000000000,2020-05-17T10:20:00.000000000,0.05182117177173495,0.25290346145629883,0.31967321038246155,3.283785581588745,0.04428630229046948,0.0,0.007410230942333671,0.504702608919323,0.0003675763090108967,0.0,0.0005928184753866936,0.0009603947843975903,C:\repositories\strawberry\agc_mpc\results\control\summaries\itransformer_co2_residual_gradient_mpc_full_period_anchored_w050_anchored_start03192_24steps_trace.json,-7.211287193389003,26.154037091857667,64.35964816256897
full_period_anchored_w050,itransformer_co2_residual,0.05,3216,24,2020-05-17T10:25:00.000000000,2020-05-17T12:20:00.000000000,0.1380401620020469,0.6086627840995789,1.183821201324463,25.804685592651367,0.09032040261656293,0.010967043777156162,0.011103456423754002,0.7874823877041549,0.0007496593417174723,0.000877363502172493,0.0008882765139003202,0.0025152993577902856,C:\repositories\strawberry\agc_mpc\results\control\summaries\itransformer_co2_residual_gradient_mpc_full_period_anchored_w050_anchored_start03216_24steps_trace.json,10.731590956220366,-0.590589062918941,38.9470701042196
full_period_anchored_w050,itransformer_co2_residual,0.05,3240,24,2020-05-17T12:25:00.000000000,2020-05-17T14:20:00.000000000,0.11986904063572486,0.5328320860862732,0.7568025588989258,25.625686645507812,0.06043896665530679,0.013257653164077472,0.012792873996797731,0.8371308843244851,0.0005016434232390464,0.0010606122531261978,0.0010234299197438184,0.0025856855961090626,C:\repositories\strawberry\agc_mpc\results\control\summaries\itransformer_co2_residual_gradient_mpc_full_period_anchored_w050_anchored_start03240_24steps_trace.json,6.096198722998478,-16.28227927221781,38.44656752652369
full_period_anchored_w050,itransformer_co2_residual,0.05,3264,24,2020-05-17T14:25:00.000000000,2020-05-17T16:20:00.000000000,0.11641065683215857,0.41126784682273865,0.33323240280151367,20.949079513549805,0.05567154694098748,0.008484638129459229,0.011773439771648228,0.7852570821320597,0.00046207383961019606,0.0006787710503567383,0.0009418751817318583,0.0020827200716987924,C:\repositories\strawberry\agc_mpc\results\control\summaries\itransformer_co2_residual_gradient_mpc_full_period_anchored_w050_anchored_start03264_24steps_trace.json,-15.929799915981707,-16.00679724415049,29.29297122209986
full_period_anchored_w050,itransformer_co2_residual,0.05,3288,24,2020-05-17T16:25:00.000000000,2020-05-17T18:20:00.000000000,0.08785260235890746,0.6066988110542297,0.5500209927558899,15.89565372467041,0.04342001524396963,0.00817455496632968,0.008997470294025759,0.6306772683130183,0.00036038612652494794,0.0006539643973063744,0.0007197976235220607,0.001734148147353383,C:\repositories\strawberry\agc_mpc\results\control\summaries\itransformer_co2_residual_gradient_mpc_full_period_anchored_w050_anchored_start03288_24steps_trace.json,-23.390347673082815,-9.246675251346915,39.78563148662341
full_period_anchored_w050,itransformer_co2_residual,0.05,3312,24,2020-05-17T18:25:00.000000000,2020-05-17T20:20:00.000000000,0.08154647191986442,0.7129119038581848,1.4106086492538452,1.9490737915039062,0.0,0.005623194172161904,0.005708844003414375,0.38515454654049047,0.0,0.00044985553377295236,0.00045670752027315,0.0009065630540461024,C:\repositories\strawberry\agc_mpc\results\control\summaries\itransformer_co2_residual_gradient_mpc_full_period_anchored_w050_anchored_start03312_24steps_trace.json,-19.826154470285278,-2.69108001249362,34.316510261475564
full_period_anchored_w050,itransformer_co2_residual,0.05,3336,24,2020-05-17T20:25:00.000000000,2020-05-17T22:20:00.000000000,0.04298842512071133,0.12787683308124542,0.3825646936893463,9.460391998291016,0.0,0.0,0.00024653863981642237,0.16907365763289778,0.0,0.0,1.972309118531379e-05,1.972309118531379e-05,C:\repositories\strawberry\agc_mpc\results\control\summaries\itransformer_co2_residual_gradient_mpc_full_period_anchored_w050_anchored_start03336_24steps_trace.json,-8.166444187732617,6.0832707381215965,22.292305360019444
full_period_anchored_w050,itransformer_co2_residual,0.05,3360,24,2020-05-17T22:25:00.000000000,2020-05-18T00:20:00.000000000,0.02888104474792878,0.3735617697238922,0.22810745239257812,18.086671829223633,0.0,0.006347199223231927,0.0,0.14518756954682224,0.0,0.00032793862653364956,0.0,0.00032793862653364956,C:\repositories\strawberry\agc_mpc\results\control\summaries\itransformer_co2_residual_gradient_mpc_full_period_anchored_w050_anchored_start03360_24steps_trace.json,-42.50917030872879,-1.8625228238424199,44.50939509201569
full_period_anchored_w050,itransformer_co2_residual,0.05,3384,24,2020-05-18T00:25:00.000000000,2020-05-18T02:20:00.000000000,0.03187675052322447,0.156296968460083,0.2883780896663666,12.841804504394531,0.005506137731065776,0.0,0.0,0.1361128687151389,4.570094316784594e-05,0.0,0.0,4.570094316784594e-05,C:\repositories\strawberry\agc_mpc\results\control\summaries\itransformer_co2_residual_gradient_mpc_full_period_anchored_w050_anchored_start03384_24steps_trace.json,-6.481482415548802,2.750827940461998,60.46794367167681
full_period_anchored_w050,itransformer_co2_residual,0.05,3408,24,2020-05-18T02:25:00.000000000,2020-05-18T04:20:00.000000000,0.058103035824994244,0.4357317388057709,0.39728546142578125,24.635709762573242,0.026106841108767626,0.0,0.0,0.17435256548989977,0.0002166867812027713,0.0,0.0,0.0002166867812027713,C:\repositories\strawberry\agc_mpc\results\control\summaries\itransformer_co2_residual_gradient_mpc_full_period_anchored_w050_anchored_start03408_24steps_trace.json,-53.559909857463964,48.09073106301208,42.360590670216006
full_period_anchored_w050,itransformer_co2_residual,0.05,3432,24,2020-05-18T04:25:00.000000000,2020-05-18T06:20:00.000000000,0.09209040940428774,0.7872593402862549,1.0122661590576172,18.212522506713867,0.025998259351862348,0.0,0.0012793023203998125,0.21931132731960937,0.0002157855526204575,0.0,0.00010234418563198501,0.0003181297382524425,C:\repositories\strawberry\agc_mpc\results\control\summaries\itransformer_co2_residual_gradient_mpc_full_period_anchored_w050_anchored_start03432_24steps_trace.json,-14.747543906652364,0.44137538713702107,21.752314533542698
full_period_anchored_w050,itransformer_co2_residual,0.05,3456,24,2020-05-18T06:25:00.000000000,2020-05-18T08:20:00.000000000,0.038179885440816484,0.17829068005084991,0.42515310645103455,3.545623779296875,0.03341808793317383,0.0,0.0030401621470035113,0.2580413580621279,0.0002773701298453428,0.0,0.00024321297176028091,0.0005205831016056237,C:\repositories\strawberry\agc_mpc\results\control\summaries\itransformer_co2_residual_gradient_mpc_full_period_anchored_w050_anchored_start03456_24steps_trace.json,-8.031631634357298,1.6243788232340424,67.41159045552627
full_period_anchored_w050,itransformer_co2_residual,0.05,3480,24,2020-05-18T08:25:00.000000000,2020-05-18T10:20:00.000000000,0.08051597839221358,0.22201848030090332,0.5139802098274231,4.941380977630615,0.03551563188914772,0.0,0.007141834168585927,0.5074522242972186,0.00029477974467992607,0.0,0.0005713467334868741,0.0008661264781668003,C:\repositories\strawberry\agc_mpc\results\control\summaries\itransformer_co2_residual_gradient_mpc_full_period_anchored_w050_anchored_start03480_24steps_trace.json,-6.20058262733834,33.14444228950335,55.539155698880414
full_period_anchored_w050,itransformer_co2_residual,0.05,3504,24,2020-05-18T10:25:00.000000000,2020-05-18T12:20:00.000000000,0.0870728859057029,0.32704558968544006,0.32720136642456055,29.90334129333496,0.022700042371140657,0.0,0.010110466962316022,0.6995527496477827,0.00018841035168046746,0.0,0.0008088373569852818,0.0009972477086657493,C:\repositories\strawberry\agc_mpc\results\control\summaries\itransformer_co2_residual_gradient_mpc_full_period_anchored_w050_anchored_start03504_24steps_trace.json,-0.35795600499321134,2.837496431704931,29.842821575997448
full_period_anchored_w050,itransformer_co2_residual,0.05,3528,24,2020-05-18T12:25:00.000000000,2020-05-18T14:20:00.000000000,0.09879701429357131,0.24505536258220673,0.3683406412601471,33.72523498535156,0.04244835174239986,0.0016488141632359306,0.012191523599563027,0.795240820207254,0.00035232131946191884,0.00013190513305887444,0.0009753218879650422,0.0014595483404858355,C:\repositories\strawberry\agc_mpc\results\control\summaries\itransformer_co2_residual_gradient_mpc_full_period_anchored_w050_anchored_start03528_24steps_trace.json,-13.470145024724388,-2.7125137718704786,27.209497570096318
full_period_anchored_w050,itransformer_co2_residual,0.05,3552,24,2020-05-18T14:25:00.000000000,2020-05-18T16:20:00.000000000,0.10174624311427276,0.42840275168418884,0.6685855984687805,24.886259078979492,0.0381672991059156,0.004972649927606149,0.011657009047551854,0.7560663104968632,0.00031678858257909947,0.00039781199420849193,0.0009325607238041484,0.0016471613005917397,C:\repositories\strawberry\agc_mpc\results\control\summaries\itransformer_co2_residual_gradient_mpc_full_period_anchored_w050_anchored_start03552_24steps_trace.json,-9.199873108109115,-7.946015404032547,36.808362247748086
full_period_anchored_w050,itransformer_co2_residual,0.05,3576,24,2020-05-18T16:25:00.000000000,2020-05-18T18:20:00.000000000,0.06457727650801341,0.523277223110199,0.6237945556640625,15.874443054199219,0.06256348507047271,0.004576853725117005,0.009687968915006838,0.6297825816218425,0.0005192769260849235,0.0003661482980093604,0.0007750375132005471,0.001660462737294831,C:\repositories\strawberry\agc_mpc\results\control\summaries\itransformer_co2_residual_gradient_mpc_full_period_anchored_w050_anchored_start03576_24steps_trace.json,-8.729205836117455,-5.762861478840922,56.263187405744674
full_period_anchored_w050,itransformer_co2_residual,0.05,3600,24,2020-05-18T18:25:00.000000000,2020-05-18T20:20:00.000000000,0.07925392625232537,0.986605167388916,2.9298903942108154,2.9227497577667236,0.0,0.012336617734917246,0.006010010691678773,0.4039382444509877,0.0,0.0009869294187933796,0.00048080085533430184,0.0014677302741276815,C:\repositories\strawberry\agc_mpc\results\control\summaries\itransformer_co2_residual_gradient_mpc_full_period_anchored_w050_anchored_start03600_24steps_trace.json,-12.052972389475256,17.551775363541797,43.244326237802994
full_period_anchored_w050,itransformer_co2_residual,0.05,3624,24,2020-05-18T20:25:00.000000000,2020-05-18T22:20:00.000000000,0.02990371788231035,0.2623805105686188,0.26831039786338806,8.98995590209961,0.0,0.0,0.00011059091999864347,0.17000621306610644,0.0,0.0,8.847273599891478e-06,8.847273599891478e-06,C:\repositories\strawberry\agc_mpc\results\control\summaries\itransformer_co2_residual_gradient_mpc_full_period_anchored_w050_anchored_start03624_24steps_trace.json,-32.529183841280904,7.407077826005961,42.012567270873866
full_period_anchored_w050,itransformer_co2_residual,0.05,3648,24,2020-05-18T22:25:00.000000000,2020-05-19T00:20:00.000000000,0.027972183112675946,0.34555163979530334,0.281024307012558,18.064538955688477,0.0,0.00240272736941832,0.0,0.1559481946657396,0.0,0.0001241409140866132,0.0,0.0001241409140866132,C:\repositories\strawberry\agc_mpc\results\control\summaries\itransformer_co2_residual_gradient_mpc_full_period_anchored_w050_anchored_start03648_24steps_trace.json,-52.857494352199296,7.8470972729468365,48.00979455784395
full_period_anchored_w050,itransformer_co2_residual,0.05,3672,24,2020-05-19T00:25:00.000000000,2020-05-19T02:20:00.000000000,0.03454307125260433,0.24015021324157715,0.32118383049964905,9.291275024414062,0.0,0.0,0.0,0.1484708868234171,0.0,0.0,0.0,0.0,C:\repositories\strawberry\agc_mpc\results\control\summaries\itransformer_co2_residual_gradient_mpc_full_period_anchored_w050_anchored_start03672_24steps_trace.json,nan,5.632511358689554,54.024293998381914
full_period_anchored_w050,itransformer_co2_residual,0.05,3696,24,2020-05-19T02:25:00.000000000,2020-05-19T04:20:00.000000000,0.04954672620321313,0.3856644630432129,0.45201048254966736,11.483073234558105,0.0,0.0,0.00035339114141024776,0.162421549388261,0.0,0.0,2.827129131281982e-05,2.827129131281982e-05,C:\repositories\strawberry\agc_mpc\results\control\summaries\itransformer_co2_residual_gradient_mpc_full_period_anchored_w050_anchored_start03696_24steps_trace.json,-86.14732884269142,-3.9897569937262984,43.66605451666206
full_period_anchored_w050,itransformer_co2_residual,0.05,3720,24,2020-05-19T04:25:00.000000000,2020-05-19T06:20:00.000000000,0.0661799378382663,0.7217556834220886,0.6223468780517578,15.456375122070312,0.0,0.0,0.0006350654262973941,0.20681421538302405,0.0,0.0,5.080523410379153e-05,5.080523410379153e-05,C:\repositories\strawberry\agc_mpc\results\control\summaries\itransformer_co2_residual_gradient_mpc_full_period_anchored_w050_anchored_start03720_24steps_trace.json,-69.63062724972387,3.3399129128663843,28.192520768148256
full_period_anchored_w050,itransformer_co2_residual,0.05,3744,24,2020-05-19T06:25:00.000000000,2020-05-19T08:20:00.000000000,0.05148356081917882,0.21142680943012238,0.3997344970703125,3.17645001411438,0.0,0.0,0.00314463935963007,0.28565967792997116,0.0,0.0,0.0002515711487704056,0.0002515711487704056,C:\repositories\strawberry\agc_mpc\results\control\summaries\itransformer_co2_residual_gradient_mpc_full_period_anchored_w050_anchored_start03744_24steps_trace.json,-24.51820688526403,2.6192287357936688,37.25118768997054
full_period_anchored_w050,itransformer_co2_residual,0.05,3768,24,2020-05-19T08:25:00.000000000,2020-05-19T10:20:00.000000000,0.096010806504637,0.4736572802066803,0.7898009419441223,9.209643363952637,0.010935895794521783,0.0,0.006983030310984591,0.509335223104959,9.07679350945308e-05,0.0,0.0005586424248787673,0.0006494103599732981,C:\repositories\strawberry\agc_mpc\results\control\summaries\itransformer_co2_residual_gradient_mpc_full_period_anchored_w050_anchored_start03768_24steps_trace.json,-13.15178135782087,21.39239698800879,54.75560506307862
full_period_anchored_w050,itransformer_co2_residual,0.05,3792,24,2020-05-19T10:25:00.000000000,2020-05-19T12:20:00.000000000,0.1049506077542901,0.4605782926082611,0.48716068267822266,33.041473388671875,0.011632490897732245,0.0,0.0098809211872548,0.7017505447379575,9.654967445117763e-05,0.0,0.000790473694980384,0.0008870233694315616,C:\repositories\strawberry\agc_mpc\results\control\summaries\itransformer_co2_residual_gradient_mpc_full_period_anchored_w050_anchored_start03792_24steps_trace.json,-4.426604717721891,0.03932679457518919,25.495513531554124
full_period_anchored_w050,itransformer_co2_residual,0.05,3816,24,2020-05-19T12:25:00.000000000,2020-05-19T14:20:00.000000000,0.11702011960248153,0.3176855146884918,0.5966575741767883,33.930084228515625,0.028995314501410078,0.0016346053620760652,0.01209782142345044,0.8195271327495668,0.00024066111036170364,0.00013076842896608522,0.0009678257138760352,0.001339255253203824,C:\repositories\strawberry\agc_mpc\results\control\summaries\itransformer_co2_residual_gradient_mpc_full_period_anchored_w050_anchored_start03816_24steps_trace.json,-19.446466308842353,-2.8401864641449768,26.992784974462268
full_period_anchored_w050,itransformer_co2_residual,0.05,3840,24,2020-05-19T14:25:00.000000000,2020-05-19T16:20:00.000000000,0.09919410229971011,0.382584810256958,0.5290282368659973,27.769805908203125,0.026779810877769906,0.0,0.011359487884029892,0.7599951738313468,0.00022227243028549024,0.0,0.0009087590307223914,0.0011310314610078816,C:\repositories\strawberry\agc_mpc\results\control\summaries\itransformer_co2_residual_gradient_mpc_full_period_anchored_w050_anchored_start03840_24steps_trace.json,-15.800542615114882,-2.1096871658618723,29.09717101903
full_period_anchored_w050,itransformer_co2_residual,0.05,3864,24,2020-05-19T16:25:00.000000000,2020-05-19T18:20:00.000000000,0.07083888274307053,0.4864945411682129,0.39308056235313416,20.321203231811523,0.028219688637742244,0.0,0.0083376930632283,0.6044259001050505,0.00023422341569326064,0.0,0.000667015445058264,0.0009012388607515246,C:\repositories\strawberry\agc_mpc\results\control\summaries\itransformer_co2_residual_gradient_mpc_full_period_anchored_w050_anchored_start03864_24steps_trace.json,-5.755203414386491,-1.288364481439689,18.812137420244373
full_period_anchored_w050,itransformer_co2_residual,0.05,3888,24,2020-05-19T18:25:00.000000000,2020-05-19T20:20:00.000000000,0.05054946398983399,0.49545201659202576,1.3804149627685547,5.00814962387085,0.0,0.0,0.004876812721273131,0.3336612753977233,0.0,0.0,0.0003901450177018505,0.0003901450177018505,C:\repositories\strawberry\agc_mpc\results\control\summaries\itransformer_co2_residual_gradient_mpc_full_period_anchored_w050_anchored_start03888_24steps_trace.json,-2.294712782217745,8.619200068173658,18.447571772880842
full_period_anchored_w050,itransformer_co2_residual,0.05,3912,24,2020-05-19T20:25:00.000000000,2020-05-19T22:20:00.000000000,0.026580429015060265,0.3166612684726715,0.26431941986083984,8.544746398925781,0.0,0.0,0.00011875044834125159,0.17395923587223408,0.0,0.0,9.500035867300128e-06,9.500035867300128e-06,C:\repositories\strawberry\agc_mpc\results\control\summaries\itransformer_co2_residual_gradient_mpc_full_period_anchored_w050_anchored_start03912_24steps_trace.json,-40.5569437894002,22.210328294236138,44.821171533710086
full_period_anchored_w050,itransformer_co2_residual,0.05,3936,24,2020-05-19T22:25:00.000000000,2020-05-20T00:20:00.000000000,0.03042778450374802,0.45889806747436523,0.2727009356021881,24.29163360595703,0.0,0.0,0.0,0.14514142356767643,0.0,0.0,0.0,0.0,C:\repositories\strawberry\agc_mpc\results\control\summaries\itransformer_co2_residual_gradient_mpc_full_period_anchored_w050_anchored_start03936_24steps_trace.json,nan,16.486067608831156,42.71406889123776
full_period_anchored_w050,itransformer_co2_residual,0.05,3960,24,2020-05-20T00:25:00.000000000,2020-05-20T02:20:00.000000000,0.037229432724416256,0.2511347830295563,0.29273924231529236,13.195721626281738,0.0,0.0,0.0,0.1457412748803196,0.0,0.0,0.0,0.0,C:\repositories\strawberry\agc_mpc\results\control\summaries\itransformer_co2_residual_gradient_mpc_full_period_anchored_w050_anchored_start03960_24steps_trace.json,nan,12.836188301411628,47.874052425274286
full_period_anchored_w050,itransformer_co2_residual,0.05,3984,24,2020-05-20T02:25:00.000000000,2020-05-20T04:20:00.000000000,0.05801511633520325,0.4423576891422272,0.49367523193359375,21.054672241210938,0.0,0.0,0.0,0.16705083046903482,0.0,0.0,0.0,0.0,C:\repositories\strawberry\agc_mpc\results\control\summaries\itransformer_co2_residual_gradient_mpc_full_period_anchored_w050_anchored_start03984_24steps_trace.json,-100.0,9.952028826729748,48.92815131106005
full_period_anchored_w050,itransformer_co2_residual,0.05,4008,24,2020-05-20T04:25:00.000000000,2020-05-20T06:20:00.000000000,0.0792649673918883,0.7715122103691101,1.6033061742782593,13.0260009765625,0.0,0.0,0.0006538735210576544,0.21194332643268932,0.0,0.0,5.2309881684612354e-05,5.2309881684612354e-05,C:\repositories\strawberry\agc_mpc\results\control\summaries\itransformer_co2_residual_gradient_mpc_full_period_anchored_w050_anchored_start04008_24steps_trace.json,6.874115248113939,-4.372420978743183,32.30340896702923
full_period_anchored_w050,itransformer_co2_residual,0.05,4032,24,2020-05-20T06:25:00.000000000,2020-05-20T08:20:00.000000000,0.05648130333671967,0.10047825425863266,0.46490606665611267,5.3121209144592285,0.0,0.0,0.003262462998807722,0.26276089711536577,0.0,0.0,0.00026099703990461776,0.00026099703990461776,C:\repositories\strawberry\agc_mpc\results\control\summaries\itransformer_co2_residual_gradient_mpc_full_period_anchored_w050_anchored_start04032_24steps_trace.json,-2.6751014238927837,23.85140621720368,55.400823034564404
full_period_anchored_w050,itransformer_co2_residual,0.05,4056,24,2020-05-20T08:25:00.000000000,2020-05-20T10:20:00.000000000,0.13211988688757023,0.6515600681304932,1.05091392993927,13.730525016784668,0.009097505720274124,0.0,0.007541651375801742,0.540031510836603,7.550929747827523e-05,0.0,0.0006033321100641394,0.0006788414075424147,C:\repositories\strawberry\agc_mpc\results\control\summaries\itransformer_co2_residual_gradient_mpc_full_period_anchored_w050_anchored_start04056_24steps_trace.json,-20.136243168115143,47.17576861585767,44.91861824641851
full_period_anchored_w050,itransformer_co2_residual,0.05,4080,24,2020-05-20T10:25:00.000000000,2020-05-20T12:20:00.000000000,0.11263688157002132,0.4859278202056885,0.6240532994270325,25.14310646057129,0.007581154785979594,0.0,0.00936356345161045,0.6835658997011362,6.292358472363063e-05,0.0,0.000749085076128836,0.0008120086608524666,C:\repositories\strawberry\agc_mpc\results\control\summaries\itransformer_co2_residual_gradient_mpc_full_period_anchored_w050_anchored_start04080_24steps_trace.json,-10.50052285516035,-7.4017207021134475,28.792177433210707
full_period_anchored_w050,itransformer_co2_residual,0.05,4104,24,2020-05-20T12:25:00.000000000,2020-05-20T14:20:00.000000000,0.1634202922383944,0.9393272995948792,1.6117620468139648,28.37666893005371,0.022943765806470978,0.012657586206127797,0.011712172935797675,0.7872458770803838,0.00019043325619370912,0.0010126068964902237,0.0009369738348638141,0.0021400139875477468,C:\repositories\strawberry\agc_mpc\results\control\summaries\itransformer_co2_residual_gradient_mpc_full_period_anchored_w050_anchored_start04104_24steps_trace.json,23.877869919689328,-1.0017835925455894,29.510264869790344
full_period_anchored_w050,itransformer_co2_residual,0.05,4128,24,2020-05-20T14:25:00.000000000,2020-05-20T16:20:00.000000000,0.1303778880586227,0.6665672659873962,0.9089944958686829,20.311874389648438,0.017428990872040896,0.0026617760636550017,0.007281594999335318,0.5682319830542154,0.00014466062423793943,0.00021294208509240015,0.0005825275999468255,0.000940130309277165,C:\repositories\strawberry\agc_mpc\results\control\summaries\itransformer_co2_residual_gradient_mpc_full_period_anchored_w050_anchored_start04128_24steps_trace.json,-33.85031219547934,-8.869316083782635,23.87544016117861
full_period_anchored_w050,itransformer_co2_residual,0.05,4152,24,2020-05-20T16:25:00.000000000,2020-05-20T18:20:00.000000000,0.11005660503481825,0.6522936224937439,1.13117516040802,22.60662841796875,0.0,0.0096025435675133,0.009373561675377397,0.6395944597801287,0.0,0.000768203485401064,0.0007498849340301918,0.0015180884194312557,C:\repositories\strawberry\agc_mpc\results\control\summaries\itransformer_co2_residual_gradient_mpc_full_period_anchored_w050_anchored_start04152_24steps_trace.json,-6.850530582083547,-6.562804324239268,34.8063453028248
full_period_anchored_w050,itransformer_co2_residual,0.05,4176,24,2020-05-20T18:25:00.000000000,2020-05-20T20:20:00.000000000,0.024180727545171976,0.41998687386512756,0.8059504628181458,4.192906856536865,0.0,0.0,0.004971094711890728,0.37077202046728963,0.0,0.0,0.0003976875769512583,0.0003976875769512583,C:\repositories\strawberry\agc_mpc\results\control\summaries\itransformer_co2_residual_gradient_mpc_full_period_anchored_w050_anchored_start04176_24steps_trace.json,-2.1708318584890036,9.742132609670207,43.700962335123464
full_period_anchored_w050,itransformer_co2_residual,0.05,4200,24,2020-05-20T20:25:00.000000000,2020-05-20T22:20:00.000000000,0.04266441178818544,0.38717564940452576,0.3632318079471588,2.8198089599609375,0.0,0.0,0.000739493623893068,0.19891289172340026,0.0,0.0,5.915948991144544e-05,5.915948991144544e-05,C:\repositories\strawberry\agc_mpc\results\control\summaries\itransformer_co2_residual_gradient_mpc_full_period_anchored_w050_anchored_start04200_24steps_trace.json,-3.59207990333577,-9.811141654130202,15.353947700990553
full_period_anchored_w050,itransformer_co2_residual,0.05,4224,24,2020-05-20T22:25:00.000000000,2020-05-21T00:20:00.000000000,0.06184158412118753,0.8480961322784424,0.7024615406990051,8.809703826904297,0.0,0.0,0.0,0.23211802463547263,0.0,0.0,0.0,0.0,C:\repositories\strawberry\agc_mpc\results\control\summaries\itransformer_co2_residual_gradient_mpc_full_period_anchored_w050_anchored_start04224_24steps_trace.json,nan,-4.34438012966299,14.675113176414397
full_period_anchored_w050,itransformer_co2_residual,0.05,4248,24,2020-05-21T00:25:00.000000000,2020-05-21T02:20:00.000000000,0.0626115002669394,0.7291495203971863,0.854080855846405,8.858853340148926,0.012900815927128433,0.0,0.0,0.25174089632606733,0.000107076772195166,0.0,0.0,0.000107076772195166,C:\repositories\strawberry\agc_mpc\results\control\summaries\itransformer_co2_residual_gradient_mpc_full_period_anchored_w050_anchored_start04248_24steps_trace.json,40.47440689048049,17.306279034364238,27.267851319861826
full_period_anchored_w050,itransformer_co2_residual,0.05,4272,24,2020-05-21T02:25:00.000000000,2020-05-21T04:20:00.000000000,0.06879469752311707,0.6250577569007874,0.9985653758049011,13.397290229797363,0.013280621747192762,0.00924218609190667,0.000207168399521614,0.20075322380154795,0.00011022916050169992,0.0003696874436762668,1.657347196172912e-05,0.0004964900761396958,C:\repositories\strawberry\agc_mpc\results\control\summaries\itransformer_co2_residual_gradient_mpc_full_period_anchored_w050_anchored_start04272_24steps_trace.json,-4.018255334788231,19.765658562153288,30.310207848997706
full_period_anchored_w050,itransformer_co2_residual,0.05,4296,24,2020-05-21T04:25:00.000000000,2020-05-21T06:20:00.000000000,0.0661119855940342,0.7052440047264099,0.8725878596305847,14.644742012023926,0.013848662726588171,0.0,0.0003543215821409652,0.22044025383273413,0.00011494390063068182,0.0,2.8345726571277217e-05,0.00014328962720195905,C:\repositories\strawberry\agc_mpc\results\control\summaries\itransformer_co2_residual_gradient_mpc_full_period_anchored_w050_anchored_start04296_24steps_trace.json,-45.991430865757685,6.411482146182103,28.8685557760775
full_period_anchored_w050,itransformer_co2_residual,0.05,4320,24,2020-05-21T06:25:00.000000000,2020-05-21T08:20:00.000000000,0.04518493792663018,0.19474633038043976,0.5943552851676941,4.004048824310303,0.0010195035303659967,0.0,0.003031243774853152,0.2595197747025427,8.461879302037773e-06,0.0,0.00024249950198825218,0.00025096138129028993,C:\repositories\strawberry\agc_mpc\results\control\summaries\itransformer_co2_residual_gradient_mpc_full_period_anchored_w050_anchored_start04320_24steps_trace.json,-22.17353932986858,-0.47881487156324404,60.73461584523325
full_period_anchored_w050,itransformer_co2_residual,0.05,4344,24,2020-05-21T08:25:00.000000000,2020-05-21T10:20:00.000000000,0.12113160577913125,0.3686274588108063,0.6043367385864258,7.794827938079834,0.0021933220523370025,0.0,0.006750670042057931,0.4993970350667407,1.820457303439712e-05,0.0,0.0005400536033646345,0.0005582581763990316,C:\repositories\strawberry\agc_mpc\results\control\summaries\itransformer_co2_residual_gradient_mpc_full_period_anchored_w050_anchored_start04344_24steps_trace.json,-36.608636222610706,70.81821152341217,52.70821685772833
full_period_anchored_w050,itransformer_co2_residual,0.05,4368,24,2020-05-21T10:25:00.000000000,2020-05-21T12:20:00.000000000,0.13836973098417124,0.4062015116214752,0.6878509521484375,32.2646369934082,0.0,0.0,0.009882767900920499,0.7039796076974421,0.0,0.0,0.0007906214320736399,0.0007906214320736399,C:\repositories\strawberry\agc_mpc\results\control\summaries\itransformer_co2_residual_gradient_mpc_full_period_anchored_w050_anchored_start04368_24steps_trace.json,-7.36460591445737,-4.5388827164200265,24.15709802487836
full_period_anchored_w050,itransformer_co2_residual,0.05,4392,24,2020-05-21T12:25:00.000000000,2020-05-21T14:20:00.000000000,0.14478533870230118,0.6377407908439636,0.8516020774841309,34.35012435913086,0.012957593343566071,0.0045711324426519154,0.012186654453315635,0.7912947217322795,0.00010754802475159839,0.00036569059541215323,0.0009749323562652508,0.0014481709764290025,C:\repositories\strawberry\agc_mpc\results\control\summaries\itransformer_co2_residual_gradient_mpc_full_period_anchored_w050_anchored_start04392_24steps_trace.json,-29.876037341302304,-5.848771949232016,20.66620304189597
full_period_anchored_w050,itransformer_co2_residual,0.05,4416,24,2020-05-21T14:25:00.000000000,2020-05-21T16:20:00.000000000,0.3364524319767952,1.125801682472229,3.399031400680542,50.31768798828125,0.02940190960273842,0.011719200557720612,0.013424504159257613,0.7768893768808414,0.0002440358497027289,0.000937536044617649,0.001073960332740609,0.002255532227060987,C:\repositories\strawberry\agc_mpc\results\control\summaries\itransformer_co2_residual_gradient_mpc_full_period_anchored_w050_anchored_start04416_24steps_trace.json,-17.325720346896407,-6.79632176130594,7.269159593122788
full_period_anchored_w050,itransformer_co2_residual,0.05,4440,24,2020-05-21T16:25:00.000000000,2020-05-21T18:20:00.000000000,0.4078480067352454,1.7772899866104126,4.010042190551758,55.702423095703125,0.018611904620080104,0.01725458926481305,0.01059606277483763,0.6714536472787862,0.00015447880834666485,0.001380367141185044,0.0008476850219870103,0.002382530971518719,C:\repositories\strawberry\agc_mpc\results\control\summaries\itransformer_co2_residual_gradient_mpc_full_period_anchored_w050_anchored_start04440_24steps_trace.json,-13.610836540896381,-4.026614273452642,8.219526324664454
full_period_anchored_w050,itransformer_co2_residual,0.05,4464,24,2020-05-21T18:25:00.000000000,2020-05-21T20:20:00.000000000,0.24446099965522686,1.0592718124389648,3.842585325241089,11.223934173583984,0.0,0.011906586649784306,0.005177814132140449,0.3950893204701663,0.0,0.0009525269319827445,0.00041422513057123595,0.0013667520625539804,C:\repositories\strawberry\agc_mpc\results\control\summaries\itransformer_co2_residual_gradient_mpc_full_period_anchored_w050_anchored_start04464_24steps_trace.json,-14.906472512119368,-12.492532143105961,11.100746501278778
full_period_anchored_w050,itransformer_co2_residual,0.05,4488,24,2020-05-21T20:25:00.000000000,2020-05-21T22:20:00.000000000,0.03994031840314468,0.5701232552528381,1.511255145072937,3.9126434326171875,0.0,0.0,0.0006753438788749814,0.21593009686701586,0.0,0.0,5.402751030999851e-05,5.402751030999851e-05,C:\repositories\strawberry\agc_mpc\results\control\summaries\itransformer_co2_residual_gradient_mpc_full_period_anchored_w050_anchored_start04488_24steps_trace.json,-15.230782585840192,3.9363376302527993,3.2793445793803957
full_period_anchored_w050,itransformer_co2_residual,0.05,4512,24,2020-05-21T22:25:00.000000000,2020-05-22T00:20:00.000000000,0.07374890210727851,0.6551488041877747,0.7273194193840027,17.527727127075195,0.0,0.0,0.0,0.20733697837661952,0.0,0.0,0.0,0.0,C:\repositories\strawberry\agc_mpc\results\control\summaries\itransformer_co2_residual_gradient_mpc_full_period_anchored_w050_anchored_start04512_24steps_trace.json,nan,-2.0191383876512417,7.522544006754087
full_period_anchored_w050,itransformer_co2_residual,0.05,4536,24,2020-05-22T00:25:00.000000000,2020-05-22T02:20:00.000000000,0.07785901178916295,0.6415815353393555,0.3354320526123047,10.874567985534668,0.0,0.0,0.0,0.2495614646014699,0.0,0.0,0.0,0.0,C:\repositories\strawberry\agc_mpc\results\control\summaries\itransformer_co2_residual_gradient_mpc_full_period_anchored_w050_anchored_start04536_24steps_trace.json,nan,0.6719520538239687,12.478948774517907
full_period_anchored_w050,itransformer_co2_residual,0.05,4560,24,2020-05-22T02:25:00.000000000,2020-05-22T04:20:00.000000000,0.1194725992778937,1.048994779586792,1.1756000518798828,16.854461669921875,0.010486004405268659,0.0,6.47615253712887e-05,0.26423941349632585,8.703383656372987e-05,0.0,5.180922029703096e-06,9.221475859343297e-05,C:\repositories\strawberry\agc_mpc\results\control\summaries\itransformer_co2_residual_gradient_mpc_full_period_anchored_w050_anchored_start04560_24steps_trace.json,35.88744295815497,19.304121218151725,15.936429795274979
full_period_anchored_w050,itransformer_co2_residual,0.05,4584,24,2020-05-22T04:25:00.000000000,2020-05-22T06:20:00.000000000,0.5016173981130123,4.0388264656066895,7.625695705413818,12.727375984191895,0.05953621889859748,0.005095152275043594,0.0012636956313902535,0.2720688088229938,0.0004941506168583592,0.00020380609100174377,0.00010109565051122028,0.0007990523583713231,C:\repositories\strawberry\agc_mpc\results\control\summaries\itransformer_co2_residual_gradient_mpc_full_period_anchored_w050_anchored_start04584_24steps_trace.json,-3.3146805303358793,1.3359319278983404,4.419098017596883
full_period_anchored_w050,itransformer_co2_residual,0.05,4608,24,2020-05-22T06:25:00.000000000,2020-05-22T08:20:00.000000000,0.23508994560688734,2.2710397243499756,4.0998616218566895,4.14489221572876,0.06750173729030781,0.005896169962042138,0.0038732582836911167,0.29697531426681073,0.0005602644195095548,0.00040290494740621277,0.00030986066269528934,0.001273030029611057,C:\repositories\strawberry\agc_mpc\results\control\summaries\itransformer_co2_residual_gradient_mpc_full_period_anchored_w050_anchored_start04608_24steps_trace.json,-1.5730272598861283,14.3683319439357,9.146312533744574
full_period_anchored_w050,itransformer_co2_residual,0.05,4632,24,2020-05-22T08:25:00.000000000,2020-05-22T10:20:00.000000000,0.20355394079039493,0.46427464485168457,1.3775720596313477,7.427757263183594,0.0,0.0,0.004883788419503511,0.3248777008952666,0.0,0.0,0.00039070307356028086,0.00039070307356028086,C:\repositories\strawberry\agc_mpc\results\control\summaries\itransformer_co2_residual_gradient_mpc_full_period_anchored_w050_anchored_start04632_24steps_trace.json,-3.3215687894720856,16.205475627015087,0.13384830127982328
full_period_anchored_w050,itransformer_co2_residual,0.05,4656,24,2020-05-22T10:25:00.000000000,2020-05-22T12:20:00.000000000,0.16150791818896928,0.8388588428497314,2.0698330402374268,26.603742599487305,0.042828300370873165,0.004550974147735929,0.006863091872264583,0.5218482490259176,0.00035547489307824725,0.0003640779318188743,0.0005490473497811666,0.0012686001746782883,C:\repositories\strawberry\agc_mpc\results\control\summaries\itransformer_co2_residual_gradient_mpc_full_period_anchored_w050_anchored_start04656_24steps_trace.json,-21.36802574262774,0.4477363324725291,16.21455903952636
full_period_anchored_w050,itransformer_co2_residual,0.05,4680,24,2020-05-22T12:25:00.000000000,2020-05-22T14:20:00.000000000,0.182633767525355,1.150916337966919,1.6494026184082031,56.72385787963867,0.07907052853631573,0.012906053167092904,0.00978845238954444,0.6812670497582702,0.0006562853868514205,0.0010324842533674325,0.0007830761911635552,0.002471845831382408,C:\repositories\strawberry\agc_mpc\results\control\summaries\itransformer_co2_residual_gradient_mpc_full_period_anchored_w050_anchored_start04680_24steps_trace.json,-16.21292664020825,-0.5058938764345776,11.285912654206175
full_period_anchored_w050,itransformer_co2_residual,0.05,4704,24,2020-05-22T14:25:00.000000000,2020-05-22T16:20:00.000000000,0.10209679106871287,1.1406339406967163,2.20955491065979,17.954660415649414,0.1924988541781575,0.047472779893342115,0.008214738744531384,0.5787337889068956,0.0015977404896787074,0.003797822391467369,0.0006571790995625107,0.006052741980708588,C:\repositories\strawberry\agc_mpc\results\control\summaries\itransformer_co2_residual_gradient_mpc_full_period_anchored_w050_anchored_start04704_24steps_trace.json,-4.81268731016048,0.21028012510565636,29.800858363535948
full_period_anchored_w050,itransformer_co2_residual,0.05,4728,24,2020-05-22T16:25:00.000000000,2020-05-22T18:20:00.000000000,0.15855452014754215,1.1753100156784058,1.3413511514663696,22.686872482299805,0.06075276671064767,0.0059297219322768805,0.008890046756448888,0.5587434864683294,0.0005042479636983756,0.00047437775458215046,0.0007112037405159111,0.0016898294587964372,C:\repositories\strawberry\agc_mpc\results\control\summaries\itransformer_co2_residual_gradient_mpc_full_period_anchored_w050_anchored_start04728_24steps_trace.json,-17.856889274085837,7.664195421052369,18.312482379892764
full_period_anchored_w050,itransformer_co2_residual,0.05,4752,24,2020-05-22T18:25:00.000000000,2020-05-22T20:20:00.000000000,0.22501182183623314,0.9363395571708679,4.699282646179199,3.6406021118164062,0.05662383939377351,0.02631739969284945,0.0072121779209362285,0.4311949385398944,0.0004699778669683201,0.002105391975427956,0.0005769742336748983,0.003152344076071174,C:\repositories\strawberry\agc_mpc\results\control\summaries\itransformer_co2_residual_gradient_mpc_full_period_anchored_w050_anchored_start04752_24steps_trace.json,10.768891963425915,12.691618027922956,19.54439609212066
full_period_anchored_w050,itransformer_co2_residual,0.05,4776,24,2020-05-22T20:25:00.000000000,2020-05-22T22:20:00.000000000,0.11619163063975672,0.15272259712219238,2.075131416320801,4.005259037017822,0.02358664527483064,0.0007022393922001465,0.0021294640671019535,0.2702838895194737,0.0001957691557810943,5.617915137601172e-05,0.00017035712536815628,0.00042230543252526234,C:\repositories\strawberry\agc_mpc\results\control\summaries\itransformer_co2_residual_gradient_mpc_full_period_anchored_w050_anchored_start04776_24steps_trace.json,5.298579659160926,7.662442890776923,4.27353417457919
full_period_anchored_w050,itransformer_co2_residual,0.05,4800,24,2020-05-22T22:25:00.000000000,2020-05-23T00:20:00.000000000,0.03412392106838524,0.5024452209472656,0.4271949231624603,37.761451721191406,0.0,0.0,0.0,0.154723978028177,0.0,0.0,0.0,0.0,C:\repositories\strawberry\agc_mpc\results\control\summaries\itransformer_co2_residual_gradient_mpc_full_period_anchored_w050_anchored_start04800_24steps_trace.json,nan,2.8115216927541673,23.046863964376822
full_period_anchored_w050,itransformer_co2_residual,0.05,4824,24,2020-05-23T00:25:00.000000000,2020-05-23T02:20:00.000000000,0.03759995079599321,0.2981264591217041,0.9258289337158203,10.960589408874512,0.0,0.0,0.0,0.15394943544192513,0.0,0.0,0.0,0.0,C:\repositories\strawberry\agc_mpc\results\control\summaries\itransformer_co2_residual_gradient_mpc_full_period_anchored_w050_anchored_start04824_24steps_trace.json,nan,1.5306169774612495,27.80839138446688
full_period_anchored_w050,itransformer_co2_residual,0.05,4848,24,2020-05-23T02:25:00.000000000,2020-05-23T04:20:00.000000000,0.04202090770316621,0.29397550225257874,0.5599660873413086,10.521777153015137,0.0,0.0,0.0,0.15005404478751133,0.0,0.0,0.0,0.0,C:\repositories\strawberry\agc_mpc\results\control\summaries\itransformer_co2_residual_gradient_mpc_full_period_anchored_w050_anchored_start04848_24steps_trace.json,-100.0,3.7128620729331097,32.414169601510494
full_period_anchored_w050,itransformer_co2_residual,0.05,4872,24,2020-05-23T04:25:00.000000000,2020-05-23T06:20:00.000000000,0.07996342874442537,0.5494515895843506,1.338258147239685,11.013992309570312,0.0,0.0,0.0009971371399254013,0.17083668189949186,0.0,0.0,7.97709711940321e-05,7.97709711940321e-05,C:\repositories\strawberry\agc_mpc\results\control\summaries\itransformer_co2_residual_gradient_mpc_full_period_anchored_w050_anchored_start04872_24steps_trace.json,0.434839870769199,5.473600247386519,24.740574448106113
full_period_anchored_w050,itransformer_co2_residual,0.05,4896,24,2020-05-23T06:25:00.000000000,2020-05-23T08:20:00.000000000,0.04001575980025033,0.15966741740703583,0.5557737350463867,3.9038314819335938,0.03203537514514369,0.0,0.0026245454746360525,0.20336071249237447,0.0002658936137046926,0.0,0.0002099636379708842,0.0004758572516755768,C:\repositories\strawberry\agc_mpc\results\control\summaries\itransformer_co2_residual_gradient_mpc_full_period_anchored_w050_anchored_start04896_24steps_trace.json,-9.699202190709816,15.720001495454236,67.27544432054455
full_period_anchored_w050,itransformer_co2_residual,0.05,4920,24,2020-05-23T08:25:00.000000000,2020-05-23T10:20:00.000000000,0.07658889889717102,0.21204455196857452,0.43353334069252014,2.13507342338562,0.08569876700551363,0.0,0.00541211787824562,0.33868349554872196,0.0007112997661457631,0.0,0.0004329694302596496,0.0011442691964054126,C:\repositories\strawberry\agc_mpc\results\control\summaries\itransformer_co2_residual_gradient_mpc_full_period_anchored_w050_anchored_start04920_24steps_trace.json,-12.084771963752312,15.079001947958028,49.92131048970968
full_period_anchored_w050,itransformer_co2_residual,0.05,4944,24,2020-05-23T10:25:00.000000000,2020-05-23T12:20:00.000000000,0.06526643208538492,0.46931886672973633,0.6580266952514648,21.082677841186523,0.033163164303421463,0.0,0.010733544207207237,0.6598748647596278,0.00027525426371839814,0.0,0.000858683536576579,0.0011339378002949772,C:\repositories\strawberry\agc_mpc\results\control\summaries\itransformer_co2_residual_gradient_mpc_full_period_anchored_w050_anchored_start04944_24steps_trace.json,-3.1731051198816647,-8.72222033666944,28.166610691768955
full_period_anchored_w050,itransformer_co2_residual,0.05,4968,24,2020-05-23T12:25:00.000000000,2020-05-23T14:20:00.000000000,0.09821360185742378,0.4969600737094879,0.4686643183231354,21.187728881835938,0.052283371994098916,0.0,0.013149609351356239,0.8176221484010148,0.000433951987551021,0.0,0.001051968748108499,0.0014859207356595202,C:\repositories\strawberry\agc_mpc\results\control\summaries\itransformer_co2_residual_gradient_mpc_full_period_anchored_w050_anchored_start04968_24steps_trace.json,-2.5053130258492677,-3.832320057511162,32.89626811582035
full_period_anchored_w050,itransformer_co2_residual,0.05,4992,24,2020-05-23T14:25:00.000000000,2020-05-23T16:20:00.000000000,0.09471543971449137,0.3593578338623047,0.5077545046806335,20.74025535583496,0.06971142839326494,0.0,0.012962554411151836,0.7987731095915633,0.000578604855664099,0.0,0.001037004352892147,0.001615609208556246,C:\repositories\strawberry\agc_mpc\results\control\summaries\itransformer_co2_residual_gradient_mpc_full_period_anchored_w050_anchored_start04992_24steps_trace.json,0.21439157607557255,-15.251786483640291,36.887666934172096
full_period_anchored_w050,itransformer_co2_residual,0.05,5016,24,2020-05-23T16:25:00.000000000,2020-05-23T18:20:00.000000000,0.07113052594165008,0.4262125492095947,0.3507520258426666,19.432676315307617,0.05934762483464101,0.0,0.009457389881076554,0.5996637963681264,0.0004925852861275204,0.0,0.0007565911904861243,0.0012491764766136447,C:\repositories\strawberry\agc_mpc\results\control\summaries\itransformer_co2_residual_gradient_mpc_full_period_anchored_w050_anchored_start05016_24steps_trace.json,-6.130777065000294,-0.12484004103889657,34.03229436651459
full_period_anchored_w050,itransformer_co2_residual,0.05,5040,24,2020-05-23T18:25:00.000000000,2020-05-23T20:20:00.000000000,0.035828469321131706,0.2007020264863968,0.33821043372154236,3.7210566997528076,0.0,0.0,0.00589629854339868,0.31827243810360717,0.0,0.0,0.0004717038834718944,0.0004717038834718944,C:\repositories\strawberry\agc_mpc\results\control\summaries\itransformer_co2_residual_gradient_mpc_full_period_anchored_w050_anchored_start05040_24steps_trace.json,-0.7947545643622078,4.1938802486674716,40.75659106082888
full_period_anchored_w050,itransformer_co2_residual,0.05,5064,24,2020-05-23T20:25:00.000000000,2020-05-23T22:20:00.000000000,0.04309671038451294,0.18006674945354462,0.30119800567626953,4.419559478759766,0.0,0.0,0.0009089133164331349,0.14604542270153154,0.0,0.0,7.271306531465079e-05,7.271306531465079e-05,C:\repositories\strawberry\agc_mpc\results\control\summaries\itransformer_co2_residual_gradient_mpc_full_period_anchored_w050_anchored_start05064_24steps_trace.json,-3.951768482292102,-8.819883695398106,27.754427538804098
full_period_anchored_w050,itransformer_co2_residual,0.05,5088,24,2020-05-23T22:25:00.000000000,2020-05-24T00:20:00.000000000,0.032710104792689286,0.18725483119487762,0.2561613619327545,13.053677558898926,0.0,0.0,0.0,0.13224063106672587,0.0,0.0,0.0,0.0,C:\repositories\strawberry\agc_mpc\results\control\summaries\itransformer_co2_residual_gradient_mpc_full_period_anchored_w050_anchored_start05088_24steps_trace.json,nan,-5.1469709276326885,39.16052457156119
full_period_anchored_w050,itransformer_co2_residual,0.05,5112,24,2020-05-24T00:25:00.000000000,2020-05-24T02:20:00.000000000,0.03477654311185082,0.3921152651309967,0.761195182800293,12.804023742675781,0.0,0.0,0.0,0.16950171088511837,0.0,0.0,0.0,0.0,C:\repositories\strawberry\agc_mpc\results\control\summaries\itransformer_co2_residual_gradient_mpc_full_period_anchored_w050_anchored_start05112_24steps_trace.json,nan,1.6785991034465628,47.74902006780858
full_period_anchored_w050,itransformer_co2_residual,0.05,5136,24,2020-05-24T02:25:00.000000000,2020-05-24T04:20:00.000000000,0.0548073115448157,0.38344335556030273,0.9970830082893372,15.622779846191406,0.005646461673025072,0.0,0.00036599595901010563,0.14299490087336264,4.6865631886108094e-05,0.0,2.927967672080845e-05,7.614530860691655e-05,C:\repositories\strawberry\agc_mpc\results\control\summaries\itransformer_co2_residual_gradient_mpc_full_period_anchored_w050_anchored_start05136_24steps_trace.json,0.8331890367822679,17.511804498678952,30.307558050336343
full_period_anchored_w050,itransformer_co2_residual,0.05,5160,24,2020-05-24T04:25:00.000000000,2020-05-24T06:20:00.000000000,0.09624682537590463,0.5378261208534241,1.584281325340271,19.029592514038086,0.03102923395809993,0.0,0.0011063997477998321,0.2035944094856867,0.0002575426418522294,0.0,8.851197982398657e-05,0.000346054621676216,C:\repositories\strawberry\agc_mpc\results\control\summaries\itransformer_co2_residual_gradient_mpc_full_period_anchored_w050_anchored_start05160_24steps_trace.json,-3.4036709772072538,23.262866342886557,25.61923334744921
full_period_anchored_w050,itransformer_co2_residual,0.05,5184,24,2020-05-24T06:25:00.000000000,2020-05-24T08:20:00.000000000,0.04291718189294139,0.18252746760845184,0.4048652648925781,3.3073856830596924,0.035780429821980604,0.0,0.0036502274287541223,0.23255778157270401,0.000296977567522439,0.0,0.0002920181943003298,0.0005889957618227689,C:\repositories\strawberry\agc_mpc\results\control\summaries\itransformer_co2_residual_gradient_mpc_full_period_anchored_w050_anchored_start05184_24steps_trace.json,-6.787520262884425,3.096580436876464,68.46372233512503
full_period_anchored_w050,itransformer_co2_residual,0.05,5208,24,2020-05-24T08:25:00.000000000,2020-05-24T10:20:00.000000000,0.07899160201971729,0.6332823634147644,1.218558669090271,2.160863161087036,0.21471695124447737,0.0,0.0038442235516773504,0.3189761771215722,0.0017821506953291622,0.0,0.00030753788413418804,0.0020896885794633503,C:\repositories\strawberry\agc_mpc\results\control\summaries\itransformer_co2_residual_gradient_mpc_full_period_anchored_w050_anchored_start05208_24steps_trace.json,-23.48468018769531,-5.166016447569775,31.730542661569157
full_period_anchored_w050,itransformer_co2_residual,0.05,5232,24,2020-05-24T10:25:00.000000000,2020-05-24T12:20:00.000000000,0.10049304583420356,0.9103274345397949,1.3095041513442993,5.9075927734375,0.3591008001102292,0.05766848556143703,0.004363365643536361,0.40336093011924246,0.0029805366409149025,0.0046134788449149625,0.00034906925148290885,0.007943084737312775,C:\repositories\strawberry\agc_mpc\results\control\summaries\itransformer_co2_residual_gradient_mpc_full_period_anchored_w050_anchored_start05232_24steps_trace.json,-2.1467164497928595,-0.7396184813685285,43.52276785343164
full_period_anchored_w050,itransformer_co2_residual,0.05,5256,24,2020-05-24T12:25:00.000000000,2020-05-24T14:20:00.000000000,0.06969256823261578,0.22840134799480438,0.5943978428840637,2.71948504447937,0.11976092923786937,0.0,0.00356638607911898,0.25873184547476885,0.0009940157126743158,0.0,0.0002853108863295184,0.0012793265990038343,C:\repositories\strawberry\agc_mpc\results\control\summaries\itransformer_co2_residual_gradient_mpc_full_period_anchored_w050_anchored_start05256_24steps_trace.json,-4.563154517722403,19.179213921748257,34.68795226365992
full_period_anchored_w050,itransformer_co2_residual,0.05,5280,24,2020-05-24T14:25:00.000000000,2020-05-24T16:20:00.000000000,0.0697812872628371,0.22861941158771515,0.5240481495857239,3.089019775390625,0.08601259482060497,0.0,0.003709723198705883,0.24875970006077733,0.0007139045370110213,0.0,0.00029677785589647064,0.0010106823929074919,C:\repositories\strawberry\agc_mpc\results\control\summaries\itransformer_co2_residual_gradient_mpc_full_period_anchored_w050_anchored_start05280_24steps_trace.json,-2.513859745527643,7.07147754776066,26.609799970535995
full_period_anchored_w050,itransformer_co2_residual,0.05,5304,24,2020-05-24T16:25:00.000000000,2020-05-24T18:20:00.000000000,0.11804257457454999,0.1672375202178955,0.7155783772468567,2.49700927734375,0.05802495749166101,0.0,0.0036503557941218612,0.24767081966585136,0.0004816071471807864,0.0,0.00029202846352974893,0.0007736356107105353,C:\repositories\strawberry\agc_mpc\results\control\summaries\itransformer_co2_residual_gradient_mpc_full_period_anchored_w050_anchored_start05304_24steps_trace.json,-2.453113034730276,0.6613641049151777,21.350445337635364
full_period_anchored_w050,itransformer_co2_residual,0.05,5328,24,2020-05-24T18:25:00.000000000,2020-05-24T20:20:00.000000000,0.07086821924895048,0.21344216167926788,1.1855310201644897,4.281341552734375,0.0,0.0,0.003064482519799387,0.21716779511383766,0.0,0.0,0.000245158601583951,0.000245158601583951,C:\repositories\strawberry\agc_mpc\results\control\summaries\itransformer_co2_residual_gradient_mpc_full_period_anchored_w050_anchored_start05328_24steps_trace.json,-3.324172475295191,-2.095979617140976,26.903331074456116
full_period_anchored_w050,itransformer_co2_residual,0.05,5352,24,2020-05-24T20:25:00.000000000,2020-05-24T22:20:00.000000000,0.04446439049206674,0.15725748240947723,0.9645903706550598,10.408699035644531,0.0,0.0,0.0007346753074391344,0.13868468743469398,0.0,0.0,5.877402459513076e-05,5.877402459513076e-05,C:\repositories\strawberry\agc_mpc\results\control\summaries\itransformer_co2_residual_gradient_mpc_full_period_anchored_w050_anchored_start05352_24steps_trace.json,-23.616703765129124,18.913596172734657,25.524809284801698
full_period_anchored_w050,itransformer_co2_residual,0.05,5376,24,2020-05-24T22:25:00.000000000,2020-05-25T00:20:00.000000000,0.04135394391293327,0.1189061775803566,0.524511992931366,14.315442085266113,0.0,0.0,0.0,0.13643823398480648,0.0,0.0,0.0,0.0,C:\repositories\strawberry\agc_mpc\results\control\summaries\itransformer_co2_residual_gradient_mpc_full_period_anchored_w050_anchored_start05376_24steps_trace.json,nan,-4.863374301511689,36.13751479054765
full_period_anchored_w050,itransformer_co2_residual,0.05,5400,24,2020-05-25T00:25:00.000000000,2020-05-25T02:20:00.000000000,0.059161806323875986,0.23109102249145508,0.7139536738395691,14.0238618850708,0.015210168008362834,0.0,6.957264166265192e-05,0.15197695341500855,0.00012624439446941153,0.0,5.565811333012154e-06,0.0001318102058024237,C:\repositories\strawberry\agc_mpc\results\control\summaries\itransformer_co2_residual_gradient_mpc_full_period_anchored_w050_anchored_start05400_24steps_trace.json,-18.446691955737307,0.505731254080779,30.784567678409186
full_period_anchored_w050,itransformer_co2_residual,0.05,5424,24,2020-05-25T02:25:00.000000000,2020-05-25T04:20:00.000000000,0.06687899647901456,0.3048524856567383,0.5640595555305481,17.124643325805664,0.013595352057530189,0.0,0.00018081183685485054,0.14630154051803843,0.00011284142207750057,0.0,1.4464946948388044e-05,0.0001273063690258886,C:\repositories\strawberry\agc_mpc\results\control\summaries\itransformer_co2_residual_gradient_mpc_full_period_anchored_w050_anchored_start05424_24steps_trace.json,-28.49042457375621,7.007296868971842,27.559981283233704
full_period_anchored_w050,itransformer_co2_residual,0.05,5448,24,2020-05-25T04:25:00.000000000,2020-05-25T06:20:00.000000000,0.1075422060675919,0.4877164363861084,1.281917929649353,36.61025619506836,0.10608159207353521,0.0,0.0,0.2253356238712529,0.0008804772142103422,0.0,0.0,0.0008804772142103422,C:\repositories\strawberry\agc_mpc\results\control\summaries\itransformer_co2_residual_gradient_mpc_full_period_anchored_w050_anchored_start05448_24steps_trace.json,103.753326256263,130.3567313840665,79.00627093495171
full_period_anchored_w050,itransformer_co2_residual,0.05,5472,24,2020-05-25T06:25:00.000000000,2020-05-25T08:20:00.000000000,0.05557106900960207,0.15473000705242157,0.6796674728393555,4.59002685546875,0.020590689941147183,0.0,0.003056831822830619,0.2869328530601256,0.00017090272651152164,0.0,0.0002445465458264495,0.00041544927233797116,C:\repositories\strawberry\agc_mpc\results\control\summaries\itransformer_co2_residual_gradient_mpc_full_period_anchored_w050_anchored_start05472_24steps_trace.json,-19.32622248141624,4.721744419554343,31.671190503046038
full_period_anchored_w050,itransformer_co2_residual,0.05,5496,24,2020-05-25T08:25:00.000000000,2020-05-25T10:20:00.000000000,0.14502756390720606,0.4985926151275635,1.3902597427368164,10.364825248718262,0.021273649488887852,0.0,0.007402912644165518,0.5118070101948883,0.00017657129075776917,0.0,0.0005922330115332414,0.0007688043022910106,C:\repositories\strawberry\agc_mpc\results\control\summaries\itransformer_co2_residual_gradient_mpc_full_period_anchored_w050_anchored_start05496_24steps_trace.json,-16.26079779608306,-3.702732672319881,18.318949487584323
full_period_anchored_w050,itransformer_co2_residual,0.05,5520,24,2020-05-25T10:25:00.000000000,2020-05-25T12:20:00.000000000,0.12904789143552384,1.0942517518997192,1.9103246927261353,24.915849685668945,0.0,0.0,0.010023056177231576,0.7063276682591315,0.0,0.0,0.000801844494178526,0.000801844494178526,C:\repositories\strawberry\agc_mpc\results\control\summaries\itransformer_co2_residual_gradient_mpc_full_period_anchored_w050_anchored_start05520_24steps_trace.json,0.8577724539906973,-1.8096955465489661,36.928856645369315
full_period_anchored_w050,itransformer_co2_residual,0.05,5544,24,2020-05-25T12:25:00.000000000,2020-05-25T14:20:00.000000000,0.07897919199119012,0.5627996921539307,0.6429532170295715,9.870356559753418,0.0055216412637925415,0.0,0.013444704144210931,0.7961705464497719,4.582962248947809e-05,0.0,0.0010755763315368745,0.0011214059540263525,C:\repositories\strawberry\agc_mpc\results\control\summaries\itransformer_co2_residual_gradient_mpc_full_period_anchored_w050_anchored_start05544_24steps_trace.json,-7.056846556394755,0.8415398022185137,52.09681503434258
full_period_anchored_w050,itransformer_co2_residual,0.05,5568,24,2020-05-25T14:25:00.000000000,2020-05-25T16:20:00.000000000,0.08753217818836372,0.6822059750556946,0.6289424896240234,8.944424629211426,0.0,0.0,0.012140663872989087,0.75217933015792,0.0,0.0,0.000971253109839127,0.000971253109839127,C:\repositories\strawberry\agc_mpc\results\control\summaries\itransformer_co2_residual_gradient_mpc_full_period_anchored_w050_anchored_start05568_24steps_trace.json,-0.7540623341953541,8.467685649062055,43.85218555623937
full_period_anchored_w050,itransformer_co2_residual,0.05,5592,24,2020-05-25T16:25:00.000000000,2020-05-25T18:20:00.000000000,0.09054744243621826,0.6226694583892822,0.65171879529953,9.38015365600586,0.037624648245465256,0.0,0.00944851776687105,0.6116019673884677,0.0003122845804373616,0.0,0.000755881421349684,0.0010681660017870455,C:\repositories\strawberry\agc_mpc\results\control\summaries\itransformer_co2_residual_gradient_mpc_full_period_anchored_w050_anchored_start05592_24steps_trace.json,-10.806868981064815,22.12833602103391,46.51913345848101
full_period_anchored_w050,itransformer_co2_residual,0.05,5616,24,2020-05-25T18:25:00.000000000,2020-05-25T20:20:00.000000000,0.05711208004504442,0.4345407485961914,0.8214397430419922,3.2845191955566406,0.0,0.0,0.004682846726420337,0.3492799301980559,0.0,0.0,0.00037462773811362696,0.00037462773811362696,C:\repositories\strawberry\agc_mpc\results\control\summaries\itransformer_co2_residual_gradient_mpc_full_period_anchored_w050_anchored_start05616_24steps_trace.json,0.06628242298463104,29.910451634537505,28.775898536070883
full_period_anchored_w050,itransformer_co2_residual,0.05,5640,24,2020-05-25T20:25:00.000000000,2020-05-25T22:20:00.000000000,0.03438857135673364,0.2656465470790863,0.5571718215942383,2.892972230911255,0.0,0.0,0.0,0.1684038832613977,0.0,0.0,0.0,0.0,C:\repositories\strawberry\agc_mpc\results\control\summaries\itransformer_co2_residual_gradient_mpc_full_period_anchored_w050_anchored_start05640_24steps_trace.json,nan,16.15092607208151,30.501228926318685
full_period_anchored_w050,itransformer_co2_residual,0.05,5664,24,2020-05-25T22:25:00.000000000,2020-05-26T00:20:00.000000000,0.026585122492785256,0.21404695510864258,0.4377603530883789,7.5276312828063965,0.0,0.0,0.0,0.13649688868377344,0.0,0.0,0.0,0.0,C:\repositories\strawberry\agc_mpc\results\control\summaries\itransformer_co2_residual_gradient_mpc_full_period_anchored_w050_anchored_start05664_24steps_trace.json,nan,1.734552805107083,47.980947672004284
full_period_anchored_w050,itransformer_co2_residual,0.05,5688,24,2020-05-26T00:25:00.000000000,2020-05-26T02:20:00.000000000,0.03710511699318886,0.355023056268692,0.6891339421272278,11.2642822265625,0.0,0.0,0.0,0.16700086059013086,0.0,0.0,0.0,0.0,C:\repositories\strawberry\agc_mpc\results\control\summaries\itransformer_co2_residual_gradient_mpc_full_period_anchored_w050_anchored_start05688_24steps_trace.json,nan,8.84858475577794,43.28559886886998
full_period_anchored_w050,itransformer_co2_residual,0.05,5712,24,2020-05-26T02:25:00.000000000,2020-05-26T04:20:00.000000000,0.05128863034769893,0.34286364912986755,0.7707614898681641,10.336146354675293,0.0012578367178725605,0.0,0.0,0.159455704488173,1.0440044758342252e-05,0.0,0.0,1.0440044758342252e-05,C:\repositories\strawberry\agc_mpc\results\control\summaries\itransformer_co2_residual_gradient_mpc_full_period_anchored_w050_anchored_start05712_24steps_trace.json,-90.84195017574223,3.7522303421882666,37.6159352808563
full_period_anchored_w050,itransformer_co2_residual,0.05,5736,24,2020-05-26T04:25:00.000000000,2020-05-26T06:20:00.000000000,0.10217050897578399,0.9333507418632507,2.5873324871063232,13.537104606628418,0.014354898787280041,0.0,5.7776438502660375e-05,0.21818930920332838,0.00011914565993442434,0.0,4.62211508021283e-06,0.00012376777501463718,C:\repositories\strawberry\agc_mpc\results\control\summaries\itransformer_co2_residual_gradient_mpc_full_period_anchored_w050_anchored_start05736_24steps_trace.json,-57.00215168115093,0.510444433193758,23.80578205812966
full_period_anchored_w050,itransformer_co2_residual,0.05,5760,24,2020-05-26T06:25:00.000000000,2020-05-26T08:20:00.000000000,0.06090026395395398,0.19795553386211395,1.117596983909607,5.608245849609375,0.024980312260968703,0.0,0.0026080286679275137,0.2458815489400586,0.00020733659176604024,0.0,0.0002086422934342011,0.00041597888520024135,C:\repositories\strawberry\agc_mpc\results\control\summaries\itransformer_co2_residual_gradient_mpc_full_period_anchored_w050_anchored_start05760_24steps_trace.json,-8.963902520667391,5.677570549014009,55.76964398702315
full_period_anchored_w050,itransformer_co2_residual,0.05,5784,24,2020-05-26T08:25:00.000000000,2020-05-26T10:20:00.000000000,0.12988609075546265,0.6272134780883789,0.855601966381073,5.1285881996154785,0.07150272000752625,0.0,0.007171286852479424,0.5012964548062844,0.0005934725760624679,0.0,0.0005737029481983539,0.0011671755242608217,C:\repositories\strawberry\agc_mpc\results\control\summaries\itransformer_co2_residual_gradient_mpc_full_period_anchored_w050_anchored_start05784_24steps_trace.json,-4.418186211253228,-2.622276146777279,32.91258322594878
full_period_anchored_w050,itransformer_co2_residual,0.05,5808,24,2020-05-26T10:25:00.000000000,2020-05-26T12:20:00.000000000,0.1260079008837541,0.6490244269371033,0.5949952006340027,10.245553016662598,0.03526375806027604,0.0,0.010416203654297953,0.7029116949342618,0.0002926891919002911,0.0,0.0008332962923438363,0.0011259854842441274,C:\repositories\strawberry\agc_mpc\results\control\summaries\itransformer_co2_residual_gradient_mpc_full_period_anchored_w050_anchored_start05808_24steps_trace.json,-14.138026425185975,10.970630886370296,42.347334018506224
full_period_anchored_w050,itransformer_co2_residual,0.05,5832,24,2020-05-26T12:25:00.000000000,2020-05-26T14:20:00.000000000,0.1360405689726273,0.8164584636688232,0.8367717862129211,19.55601692199707,0.03359982282622315,0.015207870119665805,0.01290976520488752,0.8012082985360328,0.00027887852945765213,0.0012166296095732644,0.0010327812163910017,0.002528289355421918,C:\repositories\strawberry\agc_mpc\results\control\summaries\itransformer_co2_residual_gradient_mpc_full_period_anchored_w050_anchored_start05832_24steps_trace.json,-11.334359066193217,-5.1590833135150405,23.11587967319034
full_period_anchored_w050,itransformer_co2_residual,0.05,5856,24,2020-05-26T14:25:00.000000000,2020-05-26T16:20:00.000000000,0.1406349247942368,0.4434562623500824,0.9271823763847351,15.110343933105469,0.0010071547194870263,0.0,0.011756553437496162,0.7119673861925585,8.359384171742318e-06,0.0,0.000940524274999693,0.0009488836591714354,C:\repositories\strawberry\agc_mpc\results\control\summaries\itransformer_co2_residual_gradient_mpc_full_period_anchored_w050_anchored_start05856_24steps_trace.json,-9.4119301143479,-11.80228376136278,25.43990551674017
full_period_anchored_w050,itransformer_co2_residual,0.05,5880,24,2020-05-26T16:25:00.000000000,2020-05-26T18:20:00.000000000,0.07648068697502215,0.579836905002594,0.5867894291877747,14.560145378112793,0.0,0.0,0.008917882608489844,0.6033269834595147,0.0,0.0,0.0007134306086791875,0.0007134306086791875,C:\repositories\strawberry\agc_mpc\results\control\summaries\itransformer_co2_residual_gradient_mpc_full_period_anchored_w050_anchored_start05880_24steps_trace.json,-0.6395375438750406,-5.202428892130751,29.38747024460599
full_period_anchored_w050,itransformer_co2_residual,0.05,5904,24,2020-05-26T18:25:00.000000000,2020-05-26T20:20:00.000000000,0.08923715151225527,0.6844527125358582,1.9503463506698608,5.2592902183532715,0.0,0.0,0.0037500723205729667,0.31035861736783343,0.0,0.0,0.00030000578564583734,0.00030000578564583734,C:\repositories\strawberry\agc_mpc\results\control\summaries\itransformer_co2_residual_gradient_mpc_full_period_anchored_w050_anchored_start05904_24steps_trace.json,-0.24530037918181485,3.6470853679519926,26.2229183187375
full_period_anchored_w050,itransformer_co2_residual,0.05,5928,24,2020-05-26T20:25:00.000000000,2020-05-26T22:20:00.000000000,0.05664942289392153,0.23295052349567413,0.3816450536251068,3.51183819770813,0.0,0.0,0.0,0.1740522440511221,0.0,0.0,0.0,0.0,C:\repositories\strawberry\agc_mpc\results\control\summaries\itransformer_co2_residual_gradient_mpc_full_period_anchored_w050_anchored_start05928_24steps_trace.json,nan,25.620209464850184,5.822039603413469
full_period_anchored_w050,itransformer_co2_residual,0.05,5952,24,2020-05-26T22:25:00.000000000,2020-05-27T00:20:00.000000000,0.04911403885732094,0.45425453782081604,0.7021360397338867,33.11796951293945,0.0,0.0,0.0,0.15827630651896574,0.0,0.0,0.0,0.0,C:\repositories\strawberry\agc_mpc\results\control\summaries\itransformer_co2_residual_gradient_mpc_full_period_anchored_w050_anchored_start05952_24steps_trace.json,nan,25.197911127374724,25.65636787043588
full_period_anchored_w050,itransformer_co2_residual,0.05,5976,24,2020-05-27T00:25:00.000000000,2020-05-27T02:20:00.000000000,0.04054519394412637,0.6272857785224915,1.8169622421264648,28.00272560119629,0.0,0.0,0.0,0.12735746425850522,0.0,0.0,0.0,0.0,C:\repositories\strawberry\agc_mpc\results\control\summaries\itransformer_co2_residual_gradient_mpc_full_period_anchored_w050_anchored_start05976_24steps_trace.json,nan,-1.3698920022811603,28.316904700828466
full_period_anchored_w050,itransformer_co2_residual,0.05,6000,24,2020-05-27T02:25:00.000000000,2020-05-27T04:20:00.000000000,0.04372566007077694,0.1524931639432907,0.30323538184165955,9.781590461730957,0.0,0.0,0.0,0.10877817951991159,0.0,0.0,0.0,0.0,C:\repositories\strawberry\agc_mpc\results\control\summaries\itransformer_co2_residual_gradient_mpc_full_period_anchored_w050_anchored_start06000_24steps_trace.json,nan,-1.000301533457859,34.50947054845045
full_period_anchored_w050,itransformer_co2_residual,0.05,6024,24,2020-05-27T04:25:00.000000000,2020-05-27T06:20:00.000000000,0.08571983811755975,0.6283866763114929,1.9310764074325562,11.4778470993042,0.0,0.0,0.0,0.19325168745713683,0.0,0.0,0.0,0.0,C:\repositories\strawberry\agc_mpc\results\control\summaries\itransformer_co2_residual_gradient_mpc_full_period_anchored_w050_anchored_start06024_24steps_trace.json,-100.0,4.648938463313599,22.958961947286397
full_period_anchored_w050,itransformer_co2_residual,0.05,6048,24,2020-05-27T06:25:00.000000000,2020-05-27T08:20:00.000000000,0.05359736938650409,0.21384716033935547,0.4679476320743561,3.7107162475585938,0.015456033658242763,0.0,0.0030195961736033624,0.2465990532242877,0.00012828507936341494,0.0,0.000241567693888269,0.0003698527732516839,C:\repositories\strawberry\agc_mpc\results\control\summaries\itransformer_co2_residual_gradient_mpc_full_period_anchored_w050_anchored_start06048_24steps_trace.json,-6.9969958313084435,12.928848725759714,63.1914856662942
full_period_anchored_w050,itransformer_co2_residual,0.05,6072,24,2020-05-27T08:25:00.000000000,2020-05-27T10:20:00.000000000,0.07724706611285607,0.36557134985923767,0.4151071012020111,8.914402961730957,0.014822225051069152,0.0,0.007168843730892814,0.4985480892930339,0.00012302446792387397,0.0,0.0005735074984714252,0.0006965319663952991,C:\repositories\strawberry\agc_mpc\results\control\summaries\itransformer_co2_residual_gradient_mpc_full_period_anchored_w050_anchored_start06072_24steps_trace.json,-26.13079147304933,9.61980782525432,48.43994647015493
full_period_anchored_w050,itransformer_co2_residual,0.05,6096,24,2020-05-27T10:25:00.000000000,2020-05-27T12:20:00.000000000,0.08710526892294486,0.7503371834754944,0.8802716135978699,25.809446334838867,0.015813697047467018,0.0,0.010933708459827525,0.7381185751151582,0.00013125368549397624,0.0,0.0008746966767862021,0.0010059503622801783,C:\repositories\strawberry\agc_mpc\results\control\summaries\itransformer_co2_residual_gradient_mpc_full_period_anchored_w050_anchored_start06096_24steps_trace.json,-11.117637998779738,-7.329603666387249,42.53833675147274
full_period_anchored_w050,itransformer_co2_residual,0.05,6120,24,2020-05-27T12:25:00.000000000,2020-05-27T14:20:00.000000000,0.0851737204939127,0.42803001403808594,0.3346336781978607,22.89137077331543,0.02252690820556138,0.0,0.01208020598653839,0.819271478453615,0.00018697333810615944,0.0,0.0009664164789230711,0.0011533898170292306,C:\repositories\strawberry\agc_mpc\results\control\summaries\itransformer_co2_residual_gradient_mpc_full_period_anchored_w050_anchored_start06120_24steps_trace.json,-4.358546146002945,-8.572510530409005,29.198251047133223
full_period_anchored_w050,itransformer_co2_residual,0.05,6144,24,2020-05-27T14:25:00.000000000,2020-05-27T16:20:00.000000000,0.0927996439859271,0.5043674111366272,0.6039602160453796,23.25156593322754,0.023283501036919525,0.0,0.011233904501327574,0.7488902820828756,0.00019325305860643205,0.0,0.000898712360106206,0.001091965418712638,C:\repositories\strawberry\agc_mpc\results\control\summaries\itransformer_co2_residual_gradient_mpc_full_period_anchored_w050_anchored_start06144_24steps_trace.json,-3.7793579872233125,-7.41454265217453,29.521915988742485
full_period_anchored_w050,itransformer_co2_residual,0.05,6168,24,2020-05-27T16:25:00.000000000,2020-05-27T18:20:00.000000000,0.07607066243266065,0.3010462820529938,0.2331445962190628,11.14395809173584,0.030378098584748936,0.0,0.007732391434593871,0.5782174995872613,0.00025213821825341616,0.0,0.0006185913147675097,0.0008707295330209259,C:\repositories\strawberry\agc_mpc\results\control\summaries\itransformer_co2_residual_gradient_mpc_full_period_anchored_w050_anchored_start06168_24steps_trace.json,-9.446438084426473,-9.606584408744887,30.276773664869573
full_period_anchored_w050,itransformer_co2_residual,0.05,6192,24,2020-05-27T18:25:00.000000000,2020-05-27T20:20:00.000000000,0.09801233001053333,0.31578269600868225,0.9884951710700989,3.313645601272583,0.0,0.0,0.0037027171779463004,0.3149617706655691,0.0,0.0,0.00029621737423570404,0.00029621737423570404,C:\repositories\strawberry\agc_mpc\results\control\summaries\itransformer_co2_residual_gradient_mpc_full_period_anchored_w050_anchored_start06192_24steps_trace.json,-1.881388566777399,-7.2169064734033395,13.13541681853242
full_period_anchored_w050,itransformer_co2_residual,0.05,6216,24,2020-05-27T20:25:00.000000000,2020-05-27T22:20:00.000000000,0.035859641851857305,0.18859124183654785,0.23623085021972656,8.959477424621582,0.0,0.0,0.0,0.15063070516372468,0.0,0.0,0.0,0.0,C:\repositories\strawberry\agc_mpc\results\control\summaries\itransformer_co2_residual_gradient_mpc_full_period_anchored_w050_anchored_start06216_24steps_trace.json,nan,-7.582169219183991,23.6579347035915
full_period_anchored_w050,itransformer_co2_residual,0.05,6240,24,2020-05-27T22:25:00.000000000,2020-05-28T00:20:00.000000000,0.02533924486488104,0.22489969432353973,0.25532880425453186,16.422510147094727,0.0,0.0,0.0,0.12501142409742244,0.0,0.0,0.0,0.0,C:\repositories\strawberry\agc_mpc\results\control\summaries\itransformer_co2_residual_gradient_mpc_full_period_anchored_w050_anchored_start06240_24steps_trace.json,nan,-4.916286687037771,41.2601655150337
full_period_anchored_w050,itransformer_co2_residual,0.05,6264,24,2020-05-28T00:25:00.000000000,2020-05-28T02:20:00.000000000,0.03149801531496147,0.17355649173259735,0.3627532422542572,12.596778869628906,0.0,0.0,0.0,0.12469432474194417,0.0,0.0,0.0,0.0,C:\repositories\strawberry\agc_mpc\results\control\summaries\itransformer_co2_residual_gradient_mpc_full_period_anchored_w050_anchored_start06264_24steps_trace.json,nan,8.778951598823324,61.32880050774852
full_period_anchored_w050,itransformer_co2_residual,0.05,6288,24,2020-05-28T02:25:00.000000000,2020-05-28T04:20:00.000000000,0.06779113132506609,0.48887205123901367,1.0809475183486938,8.562515258789062,0.0,0.0,0.0,0.1534379787689766,0.0,0.0,0.0,0.0,C:\repositories\strawberry\agc_mpc\results\control\summaries\itransformer_co2_residual_gradient_mpc_full_period_anchored_w050_anchored_start06288_24steps_trace.json,nan,9.313214763998786,33.45099730992713
full_period_anchored_w050,itransformer_co2_residual,0.05,6312,24,2020-05-28T04:25:00.000000000,2020-05-28T06:20:00.000000000,0.2262538302068909,1.2439030408859253,4.828080654144287,15.51006031036377,0.02205010852074542,0.004136035525111402,5.274441652013013e-05,0.21269356291806568,0.000183015900722187,0.00016544142100445607,4.219553321610411e-06,0.0003526768750482535,C:\repositories\strawberry\agc_mpc\results\control\summaries\itransformer_co2_residual_gradient_mpc_full_period_anchored_w050_anchored_start06312_24steps_trace.json,29.921481941499227,16.014090201715785,24.142773211652514
full_period_anchored_w050,itransformer_co2_residual,0.05,6336,24,2020-05-28T06:25:00.000000000,2020-05-28T08:20:00.000000000,0.06286875003327926,0.18144623935222626,1.843051552772522,3.741938352584839,0.09330950434419927,0.0,0.0028840400034728345,0.2727320167716834,0.0007744688860568539,0.0,0.00023072320027782677,0.0010051920863346807,C:\repositories\strawberry\agc_mpc\results\control\summaries\itransformer_co2_residual_gradient_mpc_full_period_anchored_w050_anchored_start06336_24steps_trace.json,-0.8820421188231875,12.536334507419197,41.508374630121466
full_period_anchored_w050,itransformer_co2_residual,0.05,6360,24,2020-05-28T08:25:00.000000000,2020-05-28T10:20:00.000000000,0.0673116894128422,0.47907599806785583,0.2678621709346771,3.1648406982421875,0.0941300321781545,0.0,0.007164282069488015,0.48920788369612805,0.0007812792670786823,0.0,0.0005731425655590412,0.0013544218326377235,C:\repositories\strawberry\agc_mpc\results\control\summaries\itransformer_co2_residual_gradient_mpc_full_period_anchored_w050_anchored_start06360_24steps_trace.json,-5.4209222934045105,-8.361260164667055,54.03442274382908
full_period_anchored_w050,itransformer_co2_residual,0.05,6384,24,2020-05-28T10:25:00.000000000,2020-05-28T12:20:00.000000000,0.09356015889594953,0.6601585745811462,0.5185708999633789,16.960691452026367,0.04244714621548251,0.0,0.009943531087297477,0.6831241837613102,0.00035231131358850484,0.0,0.0007954824869837981,0.001147793800572303,C:\repositories\strawberry\agc_mpc\results\control\summaries\itransformer_co2_residual_gradient_mpc_full_period_anchored_w050_anchored_start06384_24steps_trace.json,-5.028284252237344,-7.991115200262898,43.597024124468895
full_period_anchored_w050,itransformer_co2_residual,0.05,6408,24,2020-05-28T12:25:00.000000000,2020-05-28T14:20:00.000000000,0.11427340563386679,0.5393946766853333,0.38498416543006897,18.152029037475586,0.0640231717889653,0.0,0.01168931439654946,0.7824351586173881,0.0005313923258484119,0.0,0.0009351451517239567,0.0014665374775723688,C:\repositories\strawberry\agc_mpc\results\control\summaries\itransformer_co2_residual_gradient_mpc_full_period_anchored_w050_anchored_start06408_24steps_trace.json,-6.205700845129412,-12.497796789366996,32.83258415140638
full_period_anchored_w050,itransformer_co2_residual,0.05,6432,24,2020-05-28T14:25:00.000000000,2020-05-28T16:20:00.000000000,0.15760095945249,0.6845703125,0.6412830352783203,18.911231994628906,0.0792610806504987,0.005117044058777276,0.01172741999520812,0.7549189975727115,0.0006578669693991392,0.0004093635247021821,0.0009381935996166497,0.002005424093717971,C:\repositories\strawberry\agc_mpc\results\control\summaries\itransformer_co2_residual_gradient_mpc_full_period_anchored_w050_anchored_start06432_24steps_trace.json,-17.98893895546355,-11.436213449211111,24.01952696197046
full_period_anchored_w050,itransformer_co2_residual,0.05,6456,24,2020-05-28T16:25:00.000000000,2020-05-28T18:20:00.000000000,0.08552938870464762,0.6251461505889893,0.6408898234367371,15.29973316192627,0.05393364862665637,0.0,0.008873501380024101,0.6028055758971669,0.0004476492836012479,0.0,0.0007098801104019281,0.001157529394003176,C:\repositories\strawberry\agc_mpc\results\control\summaries\itransformer_co2_residual_gradient_mpc_full_period_anchored_w050_anchored_start06456_24steps_trace.json,-8.199401092480684,-9.165480768174596,27.94668968841738
full_period_anchored_w050,itransformer_co2_residual,0.05,6480,24,2020-05-28T18:25:00.000000000,2020-05-28T20:20:00.000000000,0.060229579995696746,0.6786606311798096,1.4432692527770996,4.001946926116943,0.0,0.0,0.0046195919049761315,0.3579716816008921,0.0,0.0,0.00036956735239809053,0.00036956735239809053,C:\repositories\strawberry\agc_mpc\results\control\summaries\itransformer_co2_residual_gradient_mpc_full_period_anchored_w050_anchored_start06480_24steps_trace.json,-1.5176141005711852,8.188925728075242,38.12179126496132
full_period_anchored_w050,itransformer_co2_residual,0.05,6504,24,2020-05-28T20:25:00.000000000,2020-05-28T22:20:00.000000000,0.028195821214467287,0.2616159915924072,0.34022173285484314,4.446216583251953,0.0,0.0,0.0,0.143409001434438,0.0,0.0,0.0,0.0,C:\repositories\strawberry\agc_mpc\results\control\summaries\itransformer_co2_residual_gradient_mpc_full_period_anchored_w050_anchored_start06504_24steps_trace.json,nan,37.21704221704222,48.65542052995932
full_period_anchored_w050,itransformer_co2_residual,0.05,6528,24,2020-05-28T22:25:00.000000000,2020-05-29T00:20:00.000000000,0.05780366621911526,0.6051344871520996,0.23284435272216797,53.88019943237305,0.0,0.0,0.0,0.13251203688835916,0.0,0.0,0.0,0.0,C:\repositories\strawberry\agc_mpc\results\control\summaries\itransformer_co2_residual_gradient_mpc_full_period_anchored_w050_anchored_start06528_24steps_trace.json,nan,0.4289377629266687,15.013368780193256
full_period_anchored_w050,itransformer_co2_residual,0.05,6552,24,2020-05-29T00:25:00.000000000,2020-05-29T02:20:00.000000000,0.027552934441094596,0.21020905673503876,0.34656015038490295,13.696743965148926,0.0,0.0,0.0,0.11516662476459279,0.0,0.0,0.0,0.0,C:\repositories\strawberry\agc_mpc\results\control\summaries\itransformer_co2_residual_gradient_mpc_full_period_anchored_w050_anchored_start06552_24steps_trace.json,nan,-12.97519442777619,58.908358130159534
full_period_anchored_w050,itransformer_co2_residual,0.05,6576,24,2020-05-29T02:25:00.000000000,2020-05-29T04:20:00.000000000,0.05912602428967754,0.3781796991825104,1.0744355916976929,8.310030937194824,0.0,0.0,0.0,0.13225912999846245,0.0,0.0,0.0,0.0,C:\repositories\strawberry\agc_mpc\results\control\summaries\itransformer_co2_residual_gradient_mpc_full_period_anchored_w050_anchored_start06576_24steps_trace.json,nan,9.820668777285972,40.55435744832163
full_period_anchored_w050,itransformer_co2_residual,0.05,6600,24,2020-05-29T04:25:00.000000000,2020-05-29T06:20:00.000000000,0.27776207961142063,1.0426536798477173,6.409180164337158,10.42852783203125,0.0,0.0,0.0,0.17259149557186115,0.0,0.0,0.0,0.0,C:\repositories\strawberry\agc_mpc\results\control\summaries\itransformer_co2_residual_gradient_mpc_full_period_anchored_w050_anchored_start06600_24steps_trace.json,nan,-5.508756839748609,8.857523155773585
full_period_anchored_w050,itransformer_co2_residual,0.05,6624,24,2020-05-29T06:25:00.000000000,2020-05-29T08:20:00.000000000,0.09917878592386842,0.2948795258998871,2.2805497646331787,4.490651607513428,0.06237159011922562,0.0,0.0027964149565170592,0.2514532329548287,0.0005176841979895727,0.0,0.00022371319652136475,0.0007413973945109375,C:\repositories\strawberry\agc_mpc\results\control\summaries\itransformer_co2_residual_gradient_mpc_full_period_anchored_w050_anchored_start06624_24steps_trace.json,-2.96153384424554,9.965891301248433,37.34913127146919
full_period_anchored_w050,itransformer_co2_residual,0.05,6648,24,2020-05-29T08:25:00.000000000,2020-05-29T10:20:00.000000000,0.18453411323328814,2.3626558780670166,1.786061406135559,6.41192102432251,0.13377597636690508,0.0,0.006793643278533199,0.5420421392570923,0.001110340603845312,0.0,0.000543491462282656,0.0016538320661279682,C:\repositories\strawberry\agc_mpc\results\control\summaries\itransformer_co2_residual_gradient_mpc_full_period_anchored_w050_anchored_start06648_24steps_trace.json,-10.24981803936466,-16.477040612396923,24.179315323280115
full_period_anchored_w050,itransformer_co2_residual,0.05,6672,24,2020-05-29T10:25:00.000000000,2020-05-29T12:20:00.000000000,0.07879604771733284,0.5296478867530823,0.21882343292236328,11.516228675842285,0.05152905528971708,0.0,0.009632768768986921,0.6907464080033541,0.00042769115890465176,0.0,0.0007706215015189537,0.0011983126604236055,C:\repositories\strawberry\agc_mpc\results\control\summaries\itransformer_co2_residual_gradient_mpc_full_period_anchored_w050_anchored_start06672_24steps_trace.json,-4.043997237137485,-8.310597593347385,48.20534203820442
full_period_anchored_w050,itransformer_co2_residual,0.05,6696,24,2020-05-29T12:25:00.000000000,2020-05-29T14:20:00.000000000,0.1382646420970559,1.1260639429092407,0.47343841195106506,42.63908386230469,0.09247127882266556,0.013028014460073931,0.011660248706453456,0.8509652199055655,0.0007675116142281242,0.0010422411568059146,0.0009328198965162766,0.0027425726675503154,C:\repositories\strawberry\agc_mpc\results\control\summaries\itransformer_co2_residual_gradient_mpc_full_period_anchored_w050_anchored_start06696_24steps_trace.json,-11.138253580812252,-4.134827621459511,22.854411028423925
full_period_anchored_w050,itransformer_co2_residual,0.05,6720,24,2020-05-29T14:25:00.000000000,2020-05-29T16:20:00.000000000,0.19689305747548738,1.932278037071228,2.7281646728515625,56.69694519042969,0.050373803516864574,0.028101950341512784,0.011415784624003203,0.7888872369862714,0.00041810256918997597,0.002248156027321023,0.0009132627699202563,0.003579521366431255,C:\repositories\strawberry\agc_mpc\results\control\summaries\itransformer_co2_residual_gradient_mpc_full_period_anchored_w050_anchored_start06720_24steps_trace.json,-20.816218931138927,0.7222802807473993,12.694084289424254
full_period_anchored_w050,itransformer_co2_residual,0.05,6744,24,2020-05-29T16:25:00.000000000,2020-05-29T18:20:00.000000000,0.1112358692723016,1.2828872203826904,2.940145492553711,42.13273239135742,0.0,0.0,0.007805645846482287,0.5783605653226196,0.0,0.0,0.0006244516677185829,0.0006244516677185829,C:\repositories\strawberry\agc_mpc\results\control\summaries\itransformer_co2_residual_gradient_mpc_full_period_anchored_w050_anchored_start06744_24steps_trace.json,-2.0530305758429046,-0.21684285939499562,10.388383722328005
full_period_anchored_w050,itransformer_co2_residual,0.05,6768,24,2020-05-29T18:25:00.000000000,2020-05-29T20:20:00.000000000,0.03394256087873752,0.26274624466896057,0.7129805684089661,32.73523712158203,0.0,0.0,0.003249072625741618,0.3280811642300453,0.0,0.0,0.00025992581005932945,0.00025992581005932945,C:\repositories\strawberry\agc_mpc\results\control\summaries\itransformer_co2_residual_gradient_mpc_full_period_anchored_w050_anchored_start06768_24steps_trace.json,-2.2804373909668794,-2.342235183555282,4.555756781046296
